2026-04-09 10:37:50 | MainProcess | INFO | log_setup | LOG start → C:\Users\Hyperbook\python_project\VolleyHub\VolleyHub_v4.1_testowa\logs\volleyhub.log
2026-04-09 10:39:56 | MainProcess | INFO | log_setup | LOG start → C:\Users\Hyperbook\python_project\VolleyHub\VolleyHub_v4.1_testowa\logs\volleyhub.log
2026-04-09 11:30:59 | MainProcess | INFO | log_setup | LOG start → C:\Users\Hyperbook\python_project\VolleyHub\VolleyHub_v4.1_testowa\logs\volleyhub.log
2026-04-09 11:31:01 | SyncManager-1 | INFO | log_setup | LOG start → C:\Users\Hyperbook\python_project\VolleyHub\VolleyHub_v4.1_testowa\logs\volleyhub.log
2026-04-09 11:31:06 | preview_gui | INFO | log_setup | LOG start → C:\Users\Hyperbook\python_project\VolleyHub\VolleyHub_v4.1_testowa\logs\volleyhub.log
2026-04-09 11:39:08 | MainProcess | INFO | log_setup | LOG start → C:\Users\Hyperbook\python_project\VolleyHub\VolleyHub_v4.1_testowa\logs\volleyhub.log
2026-04-09 11:39:09 | SyncManager-1 | INFO | log_setup | LOG start → C:\Users\Hyperbook\python_project\VolleyHub\VolleyHub_v4.1_testowa\logs\volleyhub.log
2026-04-09 11:39:12 | preview_gui | INFO | log_setup | LOG start → C:\Users\Hyperbook\python_project\VolleyHub\VolleyHub_v4.1_testowa\logs\volleyhub.log
2026-04-09 11:39:13 | Process-3 | INFO | log_setup | LOG start → C:\Users\Hyperbook\python_project\VolleyHub\VolleyHub_v4.1_testowa\logs\volleyhub.log
2026-04-09 12:10:00 | MainProcess | INFO | log_setup | LOG start → C:\Users\Hyperbook\python_project\VolleyHub\VolleyHub_v4.1_testowa\logs\volleyhub.log
2026-04-09 12:10:00 | SyncManager-1 | INFO | log_setup | LOG start → C:\Users\Hyperbook\python_project\VolleyHub\VolleyHub_v4.1_testowa\logs\volleyhub.log
2026-04-09 12:10:02 | preview_gui | INFO | log_setup | LOG start → C:\Users\Hyperbook\python_project\VolleyHub\VolleyHub_v4.1_testowa\logs\volleyhub.log
2026-04-09 12:10:04 | Process-3 | INFO | log_setup | LOG start → C:\Users\Hyperbook\python_project\VolleyHub\VolleyHub_v4.1_testowa\logs\volleyhub.log
2026-04-09 12:26:01 | MainProcess | INFO | log_setup | LOG start → C:\Users\Hyperbook\python_project\VolleyHub\VolleyHub_v4.1_testowa\logs\volleyhub.log
2026-04-09 12:26:01 | SyncManager-1 | INFO | log_setup | LOG start → C:\Users\Hyperbook\python_project\VolleyHub\VolleyHub_v4.1_testowa\logs\volleyhub.log
2026-04-09 12:26:03 | preview_gui | INFO | log_setup | LOG start → C:\Users\Hyperbook\python_project\VolleyHub\VolleyHub_v4.1_testowa\logs\volleyhub.log
2026-04-09 12:26:05 | Process-3 | INFO | log_setup | LOG start → C:\Users\Hyperbook\python_project\VolleyHub\VolleyHub_v4.1_testowa\logs\volleyhub.log
2026-04-09 12:32:31 | MainProcess | INFO | log_setup | LOG start → C:\Users\Hyperbook\python_project\VolleyHub\VolleyHub_v4.1_testowa\logs\volleyhub.log
2026-04-09 12:32:31 | SyncManager-1 | INFO | log_setup | LOG start → C:\Users\Hyperbook\python_project\VolleyHub\VolleyHub_v4.1_testowa\logs\volleyhub.log
2026-04-09 12:32:33 | preview_gui | INFO | log_setup | LOG start → C:\Users\Hyperbook\python_project\VolleyHub\VolleyHub_v4.1_testowa\logs\volleyhub.log
2026-04-09 12:32:35 | Process-3 | INFO | log_setup | LOG start → C:\Users\Hyperbook\python_project\VolleyHub\VolleyHub_v4.1_testowa\logs\volleyhub.log
2026-04-09 12:34:39 | MainProcess | INFO | log_setup | LOG start → C:\Users\Hyperbook\python_project\VolleyHub\VolleyHub_v4.1_testowa\logs\volleyhub.log
2026-04-09 12:34:40 | SyncManager-1 | INFO | log_setup | LOG start → C:\Users\Hyperbook\python_project\VolleyHub\VolleyHub_v4.1_testowa\logs\volleyhub.log
2026-04-09 12:34:42 | preview_gui | INFO | log_setup | LOG start → C:\Users\Hyperbook\python_project\VolleyHub\VolleyHub_v4.1_testowa\logs\volleyhub.log
2026-04-09 12:34:44 | Process-3 | INFO | log_setup | LOG start → C:\Users\Hyperbook\python_project\VolleyHub\VolleyHub_v4.1_testowa\logs\volleyhub.log
2026-04-09 12:37:05 | MainProcess | INFO | log_setup | LOG start → C:\Users\Hyperbook\python_project\VolleyHub\VolleyHub_v4.1_testowa\logs\volleyhub.log
2026-04-09 12:37:06 | SyncManager-1 | INFO | log_setup | LOG start → C:\Users\Hyperbook\python_project\VolleyHub\VolleyHub_v4.1_testowa\logs\volleyhub.log
2026-04-09 12:38:54 | preview_gui | INFO | log_setup | LOG start → C:\Users\Hyperbook\python_project\VolleyHub\VolleyHub_v4.1_testowa\logs\volleyhub.log
2026-04-09 12:38:56 | Process-3 | INFO | log_setup | LOG start → C:\Users\Hyperbook\python_project\VolleyHub\VolleyHub_v4.1_testowa\logs\volleyhub.log
2026-04-09 12:41:36 | MainProcess | INFO | log_setup | LOG start → C:\Users\Hyperbook\python_project\VolleyHub\VolleyHub_v4.1_testowa\logs\volleyhub.log
2026-04-09 12:41:37 | SyncManager-1 | INFO | log_setup | LOG start → C:\Users\Hyperbook\python_project\VolleyHub\VolleyHub_v4.1_testowa\logs\volleyhub.log
2026-04-09 12:41:42 | preview_gui | INFO | log_setup | LOG start → C:\Users\Hyperbook\python_project\VolleyHub\VolleyHub_v4.1_testowa\logs\volleyhub.log
2026-04-09 12:41:43 | Process-3 | INFO | log_setup | LOG start → C:\Users\Hyperbook\python_project\VolleyHub\VolleyHub_v4.1_testowa\logs\volleyhub.log
2026-04-09 12:46:48 | MainProcess | INFO | log_setup | LOG start → C:\Users\Hyperbook\python_project\VolleyHub\VolleyHub_v4.1_testowa\logs\volleyhub.log
2026-04-09 12:46:48 | SyncManager-1 | INFO | log_setup | LOG start → C:\Users\Hyperbook\python_project\VolleyHub\VolleyHub_v4.1_testowa\logs\volleyhub.log
2026-04-09 12:46:53 | preview_gui | INFO | log_setup | LOG start → C:\Users\Hyperbook\python_project\VolleyHub\VolleyHub_v4.1_testowa\logs\volleyhub.log
2026-04-09 12:46:54 | Process-3 | INFO | log_setup | LOG start → C:\Users\Hyperbook\python_project\VolleyHub\VolleyHub_v4.1_testowa\logs\volleyhub.log
2026-04-09 12:55:09 | MainProcess | INFO | log_setup | LOG start → C:\Users\Hyperbook\python_project\VolleyHub\VolleyHub_v4.1_testowa\logs\volleyhub.log
2026-04-09 12:55:09 | SyncManager-1 | INFO | log_setup | LOG start → C:\Users\Hyperbook\python_project\VolleyHub\VolleyHub_v4.1_testowa\logs\volleyhub.log
2026-04-09 12:55:11 | preview_gui | INFO | log_setup | LOG start → C:\Users\Hyperbook\python_project\VolleyHub\VolleyHub_v4.1_testowa\logs\volleyhub.log
2026-04-09 12:55:13 | Process-3 | INFO | log_setup | LOG start → C:\Users\Hyperbook\python_project\VolleyHub\VolleyHub_v4.1_testowa\logs\volleyhub.log
2026-04-09 12:56:38 | MainProcess | INFO | log_setup | LOG start → C:\Users\Hyperbook\python_project\VolleyHub\VolleyHub_v4.1_testowa\logs\volleyhub.log
2026-04-09 12:56:38 | SyncManager-1 | INFO | log_setup | LOG start → C:\Users\Hyperbook\python_project\VolleyHub\VolleyHub_v4.1_testowa\logs\volleyhub.log
2026-04-09 12:56:40 | preview_gui | INFO | log_setup | LOG start → C:\Users\Hyperbook\python_project\VolleyHub\VolleyHub_v4.1_testowa\logs\volleyhub.log
2026-04-09 12:56:42 | Process-3 | INFO | log_setup | LOG start → C:\Users\Hyperbook\python_project\VolleyHub\VolleyHub_v4.1_testowa\logs\volleyhub.log
2026-04-09 13:09:39 | MainProcess | INFO | log_setup | LOG start → C:\Users\Hyperbook\python_project\VolleyHub\VolleyHub_v4.1_testowa\logs\volleyhub.log
2026-04-09 13:09:40 | SyncManager-1 | INFO | log_setup | LOG start → C:\Users\Hyperbook\python_project\VolleyHub\VolleyHub_v4.1_testowa\logs\volleyhub.log
2026-04-09 13:18:26 | MainProcess | INFO | log_setup | LOG start → C:\Users\Hyperbook\python_project\VolleyHub\VolleyHub_v4.1_testowa\logs\volleyhub.log
2026-04-09 13:18:26 | SyncManager-1 | INFO | log_setup | LOG start → C:\Users\Hyperbook\python_project\VolleyHub\VolleyHub_v4.1_testowa\logs\volleyhub.log
2026-04-09 13:18:29 | preview_gui | INFO | log_setup | LOG start → C:\Users\Hyperbook\python_project\VolleyHub\VolleyHub_v4.1_testowa\logs\volleyhub.log
2026-04-09 13:18:30 | Process-3 | INFO | log_setup | LOG start → C:\Users\Hyperbook\python_project\VolleyHub\VolleyHub_v4.1_testowa\logs\volleyhub.log
2026-04-09 14:28:25 | MainProcess | INFO | log_setup | LOG start → C:\Users\Hyperbook\python_project\VolleyHub\VolleyHub_v4.1_testowa\logs\volleyhub.log
2026-04-09 14:28:25 | SyncManager-1 | INFO | log_setup | LOG start → C:\Users\Hyperbook\python_project\VolleyHub\VolleyHub_v4.1_testowa\logs\volleyhub.log
2026-04-09 14:28:28 | preview_gui | INFO | log_setup | LOG start → C:\Users\Hyperbook\python_project\VolleyHub\VolleyHub_v4.1_testowa\logs\volleyhub.log
2026-04-09 14:28:29 | Process-3 | INFO | log_setup | LOG start → C:\Users\Hyperbook\python_project\VolleyHub\VolleyHub_v4.1_testowa\logs\volleyhub.log
2026-04-09 15:17:28 | MainProcess | INFO | log_setup | LOG start → C:\Users\Hyperbook\python_project\VolleyHub\VolleyHub_v4.1_testowa\logs\volleyhub.log
2026-04-09 15:17:28 | SyncManager-1 | INFO | log_setup | LOG start → C:\Users\Hyperbook\python_project\VolleyHub\VolleyHub_v4.1_testowa\logs\volleyhub.log
2026-04-09 15:17:36 | preview_gui | INFO | log_setup | LOG start → C:\Users\Hyperbook\python_project\VolleyHub\VolleyHub_v4.1_testowa\logs\volleyhub.log
2026-04-09 15:17:38 | Process-3 | INFO | log_setup | LOG start → C:\Users\Hyperbook\python_project\VolleyHub\VolleyHub_v4.1_testowa\logs\volleyhub.log
2026-04-09 15:29:28 | MainProcess | INFO | log_setup | LOG start → C:\Users\Hyperbook\python_project\VolleyHub\VolleyHub_v4.1_testowa\logs\volleyhub.log
2026-04-09 15:29:29 | SyncManager-1 | INFO | log_setup | LOG start → C:\Users\Hyperbook\python_project\VolleyHub\VolleyHub_v4.1_testowa\logs\volleyhub.log
2026-04-09 15:29:37 | preview_gui | INFO | log_setup | LOG start → C:\Users\Hyperbook\python_project\VolleyHub\VolleyHub_v4.1_testowa\logs\volleyhub.log
2026-04-09 15:29:39 | Process-3 | INFO | log_setup | LOG start → C:\Users\Hyperbook\python_project\VolleyHub\VolleyHub_v4.1_testowa\logs\volleyhub.log
2026-04-09 15:44:58 | MainProcess | INFO | log_setup | LOG start → C:\Users\Hyperbook\python_project\VolleyHub\VolleyHub_v4.1_testowa\logs\volleyhub.log
2026-04-09 15:44:59 | SyncManager-1 | INFO | log_setup | LOG start → C:\Users\Hyperbook\python_project\VolleyHub\VolleyHub_v4.1_testowa\logs\volleyhub.log
2026-04-09 15:45:03 | preview_gui | INFO | log_setup | LOG start → C:\Users\Hyperbook\python_project\VolleyHub\VolleyHub_v4.1_testowa\logs\volleyhub.log
2026-04-09 15:45:05 | Process-3 | INFO | log_setup | LOG start → C:\Users\Hyperbook\python_project\VolleyHub\VolleyHub_v4.1_testowa\logs\volleyhub.log
2026-04-09 15:53:51 | MainProcess | INFO | log_setup | LOG start → C:\Users\Hyperbook\python_project\VolleyHub\VolleyHub_v4.1_testowa\logs\volleyhub.log
2026-04-09 15:53:51 | SyncManager-1 | INFO | log_setup | LOG start → C:\Users\Hyperbook\python_project\VolleyHub\VolleyHub_v4.1_testowa\logs\volleyhub.log
2026-04-09 15:53:56 | preview_gui | INFO | log_setup | LOG start → C:\Users\Hyperbook\python_project\VolleyHub\VolleyHub_v4.1_testowa\logs\volleyhub.log
2026-04-09 15:53:58 | Process-3 | INFO | log_setup | LOG start → C:\Users\Hyperbook\python_project\VolleyHub\VolleyHub_v4.1_testowa\logs\volleyhub.log
2026-04-09 15:56:45 | MainProcess | INFO | log_setup | LOG start → C:\Users\Hyperbook\python_project\VolleyHub\VolleyHub_v4.1_testowa\logs\volleyhub.log
2026-04-09 15:56:46 | SyncManager-1 | INFO | log_setup | LOG start → C:\Users\Hyperbook\python_project\VolleyHub\VolleyHub_v4.1_testowa\logs\volleyhub.log
2026-04-09 15:56:49 | preview_gui | INFO | log_setup | LOG start → C:\Users\Hyperbook\python_project\VolleyHub\VolleyHub_v4.1_testowa\logs\volleyhub.log
2026-04-09 15:56:51 | Process-3 | INFO | log_setup | LOG start → C:\Users\Hyperbook\python_project\VolleyHub\VolleyHub_v4.1_testowa\logs\volleyhub.log
2026-04-09 16:03:20 | MainProcess | INFO | log_setup | LOG start → C:\Users\Hyperbook\python_project\VolleyHub\VolleyHub_v4.1_testowa\logs\volleyhub.log
2026-04-09 16:03:20 | SyncManager-1 | INFO | log_setup | LOG start → C:\Users\Hyperbook\python_project\VolleyHub\VolleyHub_v4.1_testowa\logs\volleyhub.log
2026-04-09 16:03:25 | preview_gui | INFO | log_setup | LOG start → C:\Users\Hyperbook\python_project\VolleyHub\VolleyHub_v4.1_testowa\logs\volleyhub.log
2026-04-09 16:03:26 | Process-3 | INFO | log_setup | LOG start → C:\Users\Hyperbook\python_project\VolleyHub\VolleyHub_v4.1_testowa\logs\volleyhub.log
2026-04-09 16:04:50 | MainProcess | INFO | log_setup | LOG start → C:\Users\Hyperbook\python_project\VolleyHub\VolleyHub_v4.1_testowa\logs\volleyhub.log
2026-04-09 16:04:50 | SyncManager-1 | INFO | log_setup | LOG start → C:\Users\Hyperbook\python_project\VolleyHub\VolleyHub_v4.1_testowa\logs\volleyhub.log
2026-04-09 16:04:57 | preview_gui | INFO | log_setup | LOG start → C:\Users\Hyperbook\python_project\VolleyHub\VolleyHub_v4.1_testowa\logs\volleyhub.log
2026-04-09 16:04:59 | Process-3 | INFO | log_setup | LOG start → C:\Users\Hyperbook\python_project\VolleyHub\VolleyHub_v4.1_testowa\logs\volleyhub.log
2026-04-09 16:41:15 | MainProcess | INFO | log_setup | LOG start → C:\Users\Hyperbook\python_project\VolleyHub\VolleyHub_v4.1_testowa\logs\volleyhub.log
2026-04-09 16:41:16 | SyncManager-1 | INFO | log_setup | LOG start → C:\Users\Hyperbook\python_project\VolleyHub\VolleyHub_v4.1_testowa\logs\volleyhub.log
2026-04-09 16:41:20 | preview_gui | INFO | log_setup | LOG start → C:\Users\Hyperbook\python_project\VolleyHub\VolleyHub_v4.1_testowa\logs\volleyhub.log
2026-04-09 16:41:22 | Process-3 | INFO | log_setup | LOG start → C:\Users\Hyperbook\python_project\VolleyHub\VolleyHub_v4.1_testowa\logs\volleyhub.log
2026-04-09 17:14:44 | MainProcess | INFO | log_setup | LOG start → C:\Users\Hyperbook\python_project\VolleyHub\VolleyHub_v4.1_testowa\logs\volleyhub.log
2026-04-09 17:14:45 | SyncManager-1 | INFO | log_setup | LOG start → C:\Users\Hyperbook\python_project\VolleyHub\VolleyHub_v4.1_testowa\logs\volleyhub.log
2026-04-09 17:14:48 | preview_gui | INFO | log_setup | LOG start → C:\Users\Hyperbook\python_project\VolleyHub\VolleyHub_v4.1_testowa\logs\volleyhub.log
2026-04-09 17:14:50 | Process-3 | INFO | log_setup | LOG start → C:\Users\Hyperbook\python_project\VolleyHub\VolleyHub_v4.1_testowa\logs\volleyhub.log
2026-04-09 17:30:54 | MainProcess | INFO | log_setup | LOG start → C:\Users\Hyperbook\python_project\VolleyHub\VolleyHub_v4.1_testowa\logs\volleyhub.log
2026-04-09 17:30:55 | SyncManager-1 | INFO | log_setup | LOG start → C:\Users\Hyperbook\python_project\VolleyHub\VolleyHub_v4.1_testowa\logs\volleyhub.log
2026-04-09 17:30:58 | preview_gui | INFO | log_setup | LOG start → C:\Users\Hyperbook\python_project\VolleyHub\VolleyHub_v4.1_testowa\logs\volleyhub.log
2026-04-09 17:31:00 | Process-3 | INFO | log_setup | LOG start → C:\Users\Hyperbook\python_project\VolleyHub\VolleyHub_v4.1_testowa\logs\volleyhub.log
2026-04-09 21:42:44 | MainProcess | INFO | log_setup | LOG start → C:\Users\Hyperbook\python_project\VolleyHub\VolleyHub_v4.1_testowa\logs\volleyhub.log
2026-04-09 21:42:45 | SyncManager-1 | INFO | log_setup | LOG start → C:\Users\Hyperbook\python_project\VolleyHub\VolleyHub_v4.1_testowa\logs\volleyhub.log
2026-04-09 21:42:51 | preview_gui | INFO | log_setup | LOG start → C:\Users\Hyperbook\python_project\VolleyHub\VolleyHub_v4.1_testowa\logs\volleyhub.log
2026-04-09 21:42:53 | Process-3 | INFO | log_setup | LOG start → C:\Users\Hyperbook\python_project\VolleyHub\VolleyHub_v4.1_testowa\logs\volleyhub.log
2026-04-09 22:07:54 | MainProcess | INFO | log_setup | LOG start → C:\Users\Hyperbook\python_project\VolleyHub\VolleyHub_v4.1_testowa\logs\volleyhub.log
2026-04-09 22:07:54 | SyncManager-1 | INFO | log_setup | LOG start → C:\Users\Hyperbook\python_project\VolleyHub\VolleyHub_v4.1_testowa\logs\volleyhub.log
2026-04-09 22:08:01 | preview_gui | INFO | log_setup | LOG start → C:\Users\Hyperbook\python_project\VolleyHub\VolleyHub_v4.1_testowa\logs\volleyhub.log
2026-04-09 22:08:02 | Process-3 | INFO | log_setup | LOG start → C:\Users\Hyperbook\python_project\VolleyHub\VolleyHub_v4.1_testowa\logs\volleyhub.log
2026-04-10 08:54:16 | MainProcess | INFO | log_setup | LOG start → C:\Users\Hyperbook\python_project\VolleyHub\VolleyHub_v4.1_testowa\logs\volleyhub.log
2026-04-10 08:54:17 | SyncManager-1 | INFO | log_setup | LOG start → C:\Users\Hyperbook\python_project\VolleyHub\VolleyHub_v4.1_testowa\logs\volleyhub.log
2026-04-10 08:54:35 | preview_gui | INFO | log_setup | LOG start → C:\Users\Hyperbook\python_project\VolleyHub\VolleyHub_v4.1_testowa\logs\volleyhub.log
2026-04-10 08:54:37 | Process-3 | INFO | log_setup | LOG start → C:\Users\Hyperbook\python_project\VolleyHub\VolleyHub_v4.1_testowa\logs\volleyhub.log
2026-04-10 08:55:34 | MainProcess | INFO | log_setup | LOG start → C:\Users\Hyperbook\python_project\VolleyHub\VolleyHub_v4.1_testowa\logs\volleyhub.log
2026-04-10 08:55:35 | SyncManager-1 | INFO | log_setup | LOG start → C:\Users\Hyperbook\python_project\VolleyHub\VolleyHub_v4.1_testowa\logs\volleyhub.log
2026-04-10 08:55:39 | preview_gui | INFO | log_setup | LOG start → C:\Users\Hyperbook\python_project\VolleyHub\VolleyHub_v4.1_testowa\logs\volleyhub.log
2026-04-10 08:55:41 | Process-3 | INFO | log_setup | LOG start → C:\Users\Hyperbook\python_project\VolleyHub\VolleyHub_v4.1_testowa\logs\volleyhub.log
2026-04-10 11:10:32 | MainProcess | INFO | log_setup | LOG start → C:\Users\Hyperbook\python_project\VolleyHub\VolleyHub_v4.1_testowa\logs\volleyhub.log
2026-04-10 11:10:33 | SyncManager-1 | INFO | log_setup | LOG start → C:\Users\Hyperbook\python_project\VolleyHub\VolleyHub_v4.1_testowa\logs\volleyhub.log
2026-04-10 11:10:41 | preview_gui | INFO | log_setup | LOG start → C:\Users\Hyperbook\python_project\VolleyHub\VolleyHub_v4.1_testowa\logs\volleyhub.log
2026-04-10 11:10:43 | Process-3 | INFO | log_setup | LOG start → C:\Users\Hyperbook\python_project\VolleyHub\VolleyHub_v4.1_testowa\logs\volleyhub.log
2026-04-10 12:00:57 | MainProcess | INFO | log_setup | LOG start → C:\Users\Hyperbook\python_project\VolleyHub\VolleyHub_v4.1_testowa\logs\volleyhub.log
2026-04-10 12:00:58 | SyncManager-1 | INFO | log_setup | LOG start → C:\Users\Hyperbook\python_project\VolleyHub\VolleyHub_v4.1_testowa\logs\volleyhub.log
2026-04-10 12:01:03 | preview_gui | INFO | log_setup | LOG start → C:\Users\Hyperbook\python_project\VolleyHub\VolleyHub_v4.1_testowa\logs\volleyhub.log
2026-04-10 12:01:05 | Process-3 | INFO | log_setup | LOG start → C:\Users\Hyperbook\python_project\VolleyHub\VolleyHub_v4.1_testowa\logs\volleyhub.log
2026-04-10 12:48:40 | MainProcess | INFO | log_setup | LOG start → C:\Users\Hyperbook\python_project\VolleyHub\VolleyHub_v4.1_testowa\logs\volleyhub.log
2026-04-10 12:48:43 | SyncManager-1 | INFO | log_setup | LOG start → C:\Users\Hyperbook\python_project\VolleyHub\VolleyHub_v4.1_testowa\logs\volleyhub.log
2026-04-10 12:48:49 | preview_gui | INFO | log_setup | LOG start → C:\Users\Hyperbook\python_project\VolleyHub\VolleyHub_v4.1_testowa\logs\volleyhub.log
2026-04-10 12:48:55 | Process-3 | INFO | log_setup | LOG start → C:\Users\Hyperbook\python_project\VolleyHub\VolleyHub_v4.1_testowa\logs\volleyhub.log
2026-04-10 18:53:13 | MainProcess | INFO | log_setup | LOG start → C:\Users\Hyperbook\python_project\VolleyHub_K\logs\volleyhub.log
2026-04-10 19:15:00 | MainProcess | INFO | log_setup | LOG start → C:\Users\Hyperbook\python_project\VolleyHub_K\logs\volleyhub.log
2026-04-10 19:15:01 | SyncManager-1 | INFO | log_setup | LOG start → C:\Users\Hyperbook\python_project\VolleyHub_K\logs\volleyhub.log
2026-04-10 19:15:06 | preview_gui | INFO | log_setup | LOG start → C:\Users\Hyperbook\python_project\VolleyHub_K\logs\volleyhub.log
2026-04-10 19:15:15 | Process-3 | INFO | log_setup | LOG start → C:\Users\Hyperbook\python_project\VolleyHub_K\logs\volleyhub.log
2026-04-10 19:55:30 | MainProcess | INFO | core.log_setup | LOG start → C:\Users\Hyperbook\python_project\VolleyHub_K\logs\volleyhub.log
2026-04-10 19:55:31 | SyncManager-1 | INFO | core.log_setup | LOG start → C:\Users\Hyperbook\python_project\VolleyHub_K\logs\volleyhub.log
2026-04-10 19:55:35 | preview_gui | INFO | core.log_setup | LOG start → C:\Users\Hyperbook\python_project\VolleyHub_K\logs\volleyhub.log
2026-04-10 19:55:53 | Process-3 | INFO | core.log_setup | LOG start → C:\Users\Hyperbook\python_project\VolleyHub_K\logs\volleyhub.log
2026-04-10 21:06:58 | MainProcess | INFO | core.log_setup | LOG start → C:\Users\Hyperbook\python_project\VolleyHub_K\logs\volleyhub.log
2026-04-10 21:06:59 | SyncManager-1 | INFO | core.log_setup | LOG start → C:\Users\Hyperbook\python_project\VolleyHub_K\logs\volleyhub.log
2026-04-10 21:07:04 | preview_gui | INFO | core.log_setup | LOG start → C:\Users\Hyperbook\python_project\VolleyHub_K\logs\volleyhub.log
2026-04-10 21:07:14 | Process-3 | INFO | core.log_setup | LOG start → C:\Users\Hyperbook\python_project\VolleyHub_K\logs\volleyhub.log
2026-04-10 21:15:02 | MainProcess | INFO | core.log_setup | LOG start → C:\Users\Hyperbook\python_project\VolleyHub_K\logs\volleyhub.log
2026-04-10 21:15:03 | SyncManager-1 | INFO | core.log_setup | LOG start → C:\Users\Hyperbook\python_project\VolleyHub_K\logs\volleyhub.log
2026-04-10 21:15:09 | preview_gui | INFO | core.log_setup | LOG start → C:\Users\Hyperbook\python_project\VolleyHub_K\logs\volleyhub.log
2026-04-10 21:15:14 | Process-3 | INFO | core.log_setup | LOG start → C:\Users\Hyperbook\python_project\VolleyHub_K\logs\volleyhub.log
2026-04-10 21:33:20 | MainProcess | INFO | core.log_setup | LOG start → C:\Users\Hyperbook\python_project\VolleyHub_K\logs\volleyhub.log
2026-04-10 21:33:20 | SyncManager-1 | INFO | core.log_setup | LOG start → C:\Users\Hyperbook\python_project\VolleyHub_K\logs\volleyhub.log
2026-04-10 21:33:24 | preview_gui | INFO | core.log_setup | LOG start → C:\Users\Hyperbook\python_project\VolleyHub_K\logs\volleyhub.log
2026-04-10 21:33:30 | Process-3 | INFO | core.log_setup | LOG start → C:\Users\Hyperbook\python_project\VolleyHub_K\logs\volleyhub.log
2026-04-10 21:57:13 | MainProcess | INFO | core.log_setup | LOG start → C:\Users\Hyperbook\python_project\VolleyHub_K\logs\volleyhub.log
2026-04-10 21:57:15 | SyncManager-1 | INFO | core.log_setup | LOG start → C:\Users\Hyperbook\python_project\VolleyHub_K\logs\volleyhub.log
2026-04-10 21:57:21 | preview_gui | INFO | core.log_setup | LOG start → C:\Users\Hyperbook\python_project\VolleyHub_K\logs\volleyhub.log
2026-04-10 21:57:27 | Process-3 | INFO | core.log_setup | LOG start → C:\Users\Hyperbook\python_project\VolleyHub_K\logs\volleyhub.log
2026-04-12 17:29:12 | MainProcess | INFO | core.log_setup | LOG start → C:\Users\Hyperbook\python_project\VolleyHub_K\logs\volleyhub.log
2026-04-12 17:29:14 | SyncManager-1 | INFO | core.log_setup | LOG start → C:\Users\Hyperbook\python_project\VolleyHub_K\logs\volleyhub.log
2026-04-12 17:29:17 | preview_gui | INFO | core.log_setup | LOG start → C:\Users\Hyperbook\python_project\VolleyHub_K\logs\volleyhub.log
2026-04-12 17:29:27 | Process-3 | INFO | core.log_setup | LOG start → C:\Users\Hyperbook\python_project\VolleyHub_K\logs\volleyhub.log
2026-04-12 17:37:11 | MainProcess | INFO | core.log_setup | LOG start → C:\Users\Hyperbook\python_project\VolleyHub_K\logs\volleyhub.log
2026-04-12 17:37:12 | SyncManager-1 | INFO | core.log_setup | LOG start → C:\Users\Hyperbook\python_project\VolleyHub_K\logs\volleyhub.log
2026-04-12 17:37:14 | preview_gui | INFO | core.log_setup | LOG start → C:\Users\Hyperbook\python_project\VolleyHub_K\logs\volleyhub.log
2026-04-12 17:37:19 | Process-3 | INFO | core.log_setup | LOG start → C:\Users\Hyperbook\python_project\VolleyHub_K\logs\volleyhub.log
2026-04-12 18:27:24 | MainProcess | INFO | core.log_setup | LOG start → C:\Users\Hyperbook\python_project\VolleyHub_K\logs\volleyhub.log
2026-04-12 18:27:25 | SyncManager-1 | INFO | core.log_setup | LOG start → C:\Users\Hyperbook\python_project\VolleyHub_K\logs\volleyhub.log
2026-04-12 18:27:33 | preview_gui | INFO | core.log_setup | LOG start → C:\Users\Hyperbook\python_project\VolleyHub_K\logs\volleyhub.log
2026-04-12 18:27:38 | Process-3 | INFO | core.log_setup | LOG start → C:\Users\Hyperbook\python_project\VolleyHub_K\logs\volleyhub.log
2026-04-12 18:29:01 | MainProcess | INFO | core.log_setup | LOG start → C:\Users\Hyperbook\python_project\VolleyHub_K\logs\volleyhub.log
2026-04-12 18:29:02 | SyncManager-1 | INFO | core.log_setup | LOG start → C:\Users\Hyperbook\python_project\VolleyHub_K\logs\volleyhub.log
2026-04-12 18:29:05 | preview_gui | INFO | core.log_setup | LOG start → C:\Users\Hyperbook\python_project\VolleyHub_K\logs\volleyhub.log
2026-04-12 18:29:10 | Process-3 | INFO | core.log_setup | LOG start → C:\Users\Hyperbook\python_project\VolleyHub_K\logs\volleyhub.log
2026-04-12 20:26:16 | MainProcess | INFO | core.log_setup | LOG start → C:\Users\Hyperbook\python_project\VolleyHub_K\logs\volleyhub.log
2026-04-12 20:26:17 | SyncManager-1 | INFO | core.log_setup | LOG start → C:\Users\Hyperbook\python_project\VolleyHub_K\logs\volleyhub.log
2026-04-12 20:26:23 | preview_gui | INFO | core.log_setup | LOG start → C:\Users\Hyperbook\python_project\VolleyHub_K\logs\volleyhub.log
2026-04-12 20:26:31 | Process-3 | INFO | core.log_setup | LOG start → C:\Users\Hyperbook\python_project\VolleyHub_K\logs\volleyhub.log
2026-04-12 20:29:59 | MainProcess | INFO | core.log_setup | LOG start → C:\Users\Hyperbook\python_project\VolleyHub_K\logs\volleyhub.log
2026-04-12 20:30:00 | SyncManager-1 | INFO | core.log_setup | LOG start → C:\Users\Hyperbook\python_project\VolleyHub_K\logs\volleyhub.log
2026-04-12 20:30:04 | preview_gui | INFO | core.log_setup | LOG start → C:\Users\Hyperbook\python_project\VolleyHub_K\logs\volleyhub.log
2026-04-12 20:30:08 | Process-3 | INFO | core.log_setup | LOG start → C:\Users\Hyperbook\python_project\VolleyHub_K\logs\volleyhub.log
2026-04-12 20:41:16 | MainProcess | INFO | core.log_setup | LOG start → C:\Users\Hyperbook\python_project\VolleyHub_K\logs\volleyhub.log
2026-04-12 20:41:16 | SyncManager-1 | INFO | core.log_setup | LOG start → C:\Users\Hyperbook\python_project\VolleyHub_K\logs\volleyhub.log
2026-04-12 20:41:20 | preview_gui | INFO | core.log_setup | LOG start → C:\Users\Hyperbook\python_project\VolleyHub_K\logs\volleyhub.log
2026-04-12 20:41:24 | Process-3 | INFO | core.log_setup | LOG start → C:\Users\Hyperbook\python_project\VolleyHub_K\logs\volleyhub.log
2026-04-12 20:44:09 | MainProcess | INFO | core.log_setup | LOG start → C:\Users\Hyperbook\python_project\VolleyHub_K\logs\volleyhub.log
2026-04-12 20:44:09 | SyncManager-1 | INFO | core.log_setup | LOG start → C:\Users\Hyperbook\python_project\VolleyHub_K\logs\volleyhub.log
2026-04-12 20:44:13 | preview_gui | INFO | core.log_setup | LOG start → C:\Users\Hyperbook\python_project\VolleyHub_K\logs\volleyhub.log
2026-04-12 20:44:17 | Process-3 | INFO | core.log_setup | LOG start → C:\Users\Hyperbook\python_project\VolleyHub_K\logs\volleyhub.log
2026-04-12 21:05:59 | MainProcess | INFO | core.log_setup | LOG start → C:\Users\Hyperbook\python_project\VolleyHub_K\logs\volleyhub.log
2026-04-12 21:05:59 | SyncManager-1 | INFO | core.log_setup | LOG start → C:\Users\Hyperbook\python_project\VolleyHub_K\logs\volleyhub.log
2026-04-12 21:06:03 | preview_gui | INFO | core.log_setup | LOG start → C:\Users\Hyperbook\python_project\VolleyHub_K\logs\volleyhub.log
2026-04-12 21:06:08 | Process-3 | INFO | core.log_setup | LOG start → C:\Users\Hyperbook\python_project\VolleyHub_K\logs\volleyhub.log
2026-04-12 21:23:30 | MainProcess | INFO | core.log_setup | LOG start → C:\Users\Hyperbook\python_project\VolleyHub_K\logs\volleyhub.log
2026-04-12 21:23:30 | SyncManager-1 | INFO | core.log_setup | LOG start → C:\Users\Hyperbook\python_project\VolleyHub_K\logs\volleyhub.log
2026-04-12 21:23:34 | preview_gui | INFO | core.log_setup | LOG start → C:\Users\Hyperbook\python_project\VolleyHub_K\logs\volleyhub.log
2026-04-12 21:23:38 | Process-3 | INFO | core.log_setup | LOG start → C:\Users\Hyperbook\python_project\VolleyHub_K\logs\volleyhub.log
2026-04-12 21:34:32 | MainProcess | INFO | core.log_setup | LOG start → C:\Users\Hyperbook\python_project\VolleyHub_K\logs\volleyhub.log
2026-04-12 21:34:32 | SyncManager-1 | INFO | core.log_setup | LOG start → C:\Users\Hyperbook\python_project\VolleyHub_K\logs\volleyhub.log
2026-04-12 21:34:36 | preview_gui | INFO | core.log_setup | LOG start → C:\Users\Hyperbook\python_project\VolleyHub_K\logs\volleyhub.log
2026-04-12 21:34:40 | Process-3 | INFO | core.log_setup | LOG start → C:\Users\Hyperbook\python_project\VolleyHub_K\logs\volleyhub.log
2026-04-13 14:22:15 | MainProcess | INFO | core.log_setup | LOG start → C:\Users\Hyperbook\python_project\VolleyHub_K\logs\volleyhub.log
2026-04-13 14:22:17 | SyncManager-1 | INFO | core.log_setup | LOG start → C:\Users\Hyperbook\python_project\VolleyHub_K\logs\volleyhub.log
2026-04-13 14:22:21 | preview_gui | INFO | core.log_setup | LOG start → C:\Users\Hyperbook\python_project\VolleyHub_K\logs\volleyhub.log
2026-04-13 14:22:28 | Process-3 | INFO | core.log_setup | LOG start → C:\Users\Hyperbook\python_project\VolleyHub_K\logs\volleyhub.log
2026-04-13 15:02:36 | MainProcess | INFO | core.log_setup | LOG start → C:\Users\Hyperbook\python_project\VolleyHub_K\logs\volleyhub.log
2026-04-13 15:02:37 | SyncManager-1 | INFO | core.log_setup | LOG start → C:\Users\Hyperbook\python_project\VolleyHub_K\logs\volleyhub.log
2026-04-13 15:13:16 | MainProcess | INFO | core.log_setup | LOG start → C:\Users\Hyperbook\python_project\VolleyHub_K\logs\volleyhub.log
2026-04-13 15:13:16 | SyncManager-1 | INFO | core.log_setup | LOG start → C:\Users\Hyperbook\python_project\VolleyHub_K\logs\volleyhub.log
2026-04-13 15:13:22 | preview_gui | INFO | core.log_setup | LOG start → C:\Users\Hyperbook\python_project\VolleyHub_K\logs\volleyhub.log
2026-04-13 15:13:27 | Process-3 | INFO | core.log_setup | LOG start → C:\Users\Hyperbook\python_project\VolleyHub_K\logs\volleyhub.log
2026-04-13 18:42:50 | MainProcess | INFO | core.log_setup | LOG start → C:\Users\Hyperbook\python_project\VolleyHub_K\logs\volleyhub.log
2026-04-13 18:42:50 | SyncManager-1 | INFO | core.log_setup | LOG start → C:\Users\Hyperbook\python_project\VolleyHub_K\logs\volleyhub.log
2026-04-13 18:42:56 | preview_gui | INFO | core.log_setup | LOG start → C:\Users\Hyperbook\python_project\VolleyHub_K\logs\volleyhub.log
2026-04-13 18:43:02 | Process-3 | INFO | core.log_setup | LOG start → C:\Users\Hyperbook\python_project\VolleyHub_K\logs\volleyhub.log
2026-04-13 18:44:22 | SyncManager-4 | INFO | core.log_setup | LOG start → C:\Users\Hyperbook\python_project\VolleyHub_K\logs\volleyhub.log
2026-04-13 18:44:22 | Process-5 | INFO | core.log_setup | LOG start → C:\Users\Hyperbook\python_project\VolleyHub_K\logs\volleyhub.log
2026-04-13 18:45:47 | MainProcess | INFO | core.log_setup | LOG start → C:\Users\Hyperbook\python_project\VolleyHub_K\logs\volleyhub.log
2026-04-13 18:45:47 | SyncManager-1 | INFO | core.log_setup | LOG start → C:\Users\Hyperbook\python_project\VolleyHub_K\logs\volleyhub.log
2026-04-13 18:45:53 | preview_gui | INFO | core.log_setup | LOG start → C:\Users\Hyperbook\python_project\VolleyHub_K\logs\volleyhub.log
2026-04-13 18:45:57 | Process-3 | INFO | core.log_setup | LOG start → C:\Users\Hyperbook\python_project\VolleyHub_K\logs\volleyhub.log
2026-04-13 18:46:08 | SyncManager-4 | INFO | core.log_setup | LOG start → C:\Users\Hyperbook\python_project\VolleyHub_K\logs\volleyhub.log
2026-04-13 18:46:09 | Process-5 | INFO | core.log_setup | LOG start → C:\Users\Hyperbook\python_project\VolleyHub_K\logs\volleyhub.log
2026-04-13 18:50:35 | MainProcess | INFO | core.log_setup | LOG start → C:\Users\Hyperbook\python_project\VolleyHub_K\logs\volleyhub.log
2026-04-13 18:50:36 | SyncManager-1 | INFO | core.log_setup | LOG start → C:\Users\Hyperbook\python_project\VolleyHub_K\logs\volleyhub.log
2026-04-13 18:50:39 | preview_gui | INFO | core.log_setup | LOG start → C:\Users\Hyperbook\python_project\VolleyHub_K\logs\volleyhub.log
2026-04-13 18:50:44 | Process-3 | INFO | core.log_setup | LOG start → C:\Users\Hyperbook\python_project\VolleyHub_K\logs\volleyhub.log
2026-04-13 18:50:50 | SyncManager-4 | INFO | core.log_setup | LOG start → C:\Users\Hyperbook\python_project\VolleyHub_K\logs\volleyhub.log
2026-04-13 18:50:50 | Process-5 | INFO | core.log_setup | LOG start → C:\Users\Hyperbook\python_project\VolleyHub_K\logs\volleyhub.log
2026-04-13 18:51:22 | MainProcess | INFO | core.log_setup | LOG start → C:\Users\Hyperbook\python_project\VolleyHub_K\logs\volleyhub.log
2026-04-13 18:51:22 | SyncManager-1 | INFO | core.log_setup | LOG start → C:\Users\Hyperbook\python_project\VolleyHub_K\logs\volleyhub.log
2026-04-13 18:51:26 | preview_gui | INFO | core.log_setup | LOG start → C:\Users\Hyperbook\python_project\VolleyHub_K\logs\volleyhub.log
2026-04-13 18:51:30 | Process-3 | INFO | core.log_setup | LOG start → C:\Users\Hyperbook\python_project\VolleyHub_K\logs\volleyhub.log
2026-04-13 18:51:38 | SyncManager-4 | INFO | core.log_setup | LOG start → C:\Users\Hyperbook\python_project\VolleyHub_K\logs\volleyhub.log
2026-04-13 18:51:38 | Process-5 | INFO | core.log_setup | LOG start → C:\Users\Hyperbook\python_project\VolleyHub_K\logs\volleyhub.log
2026-04-13 18:52:30 | Process-5 | ERROR | asyncio | Exception in callback _ProactorBasePipeTransport._call_connection_lost(None)
handle: <Handle _ProactorBasePipeTransport._call_connection_lost(None)>
Traceback (most recent call last):
  File "C:\Users\Hyperbook\miniconda3\Lib\asyncio\events.py", line 88, in _run
    self._context.run(self._callback, *self._args)
  File "C:\Users\Hyperbook\miniconda3\Lib\asyncio\proactor_events.py", line 165, in _call_connection_lost
    self._sock.shutdown(socket.SHUT_RDWR)
ConnectionResetError: [WinError 10054] Istniejące połączenie zostało gwałtownie zamknięte przez zdalnego hosta
2026-04-13 18:53:45 | Process-5 | ERROR | asyncio | Exception in callback _ProactorBasePipeTransport._call_connection_lost(None)
handle: <Handle _ProactorBasePipeTransport._call_connection_lost(None)>
Traceback (most recent call last):
  File "C:\Users\Hyperbook\miniconda3\Lib\asyncio\events.py", line 88, in _run
    self._context.run(self._callback, *self._args)
  File "C:\Users\Hyperbook\miniconda3\Lib\asyncio\proactor_events.py", line 165, in _call_connection_lost
    self._sock.shutdown(socket.SHUT_RDWR)
ConnectionResetError: [WinError 10054] Istniejące połączenie zostało gwałtownie zamknięte przez zdalnego hosta
2026-04-13 18:53:50 | Process-5 | ERROR | asyncio | Exception in callback _ProactorBasePipeTransport._call_connection_lost(None)
handle: <Handle _ProactorBasePipeTransport._call_connection_lost(None)>
Traceback (most recent call last):
  File "C:\Users\Hyperbook\miniconda3\Lib\asyncio\events.py", line 88, in _run
    self._context.run(self._callback, *self._args)
  File "C:\Users\Hyperbook\miniconda3\Lib\asyncio\proactor_events.py", line 165, in _call_connection_lost
    self._sock.shutdown(socket.SHUT_RDWR)
ConnectionResetError: [WinError 10054] Istniejące połączenie zostało gwałtownie zamknięte przez zdalnego hosta
2026-04-13 18:58:33 | MainProcess | INFO | core.log_setup | LOG start → C:\Users\Hyperbook\python_project\VolleyHub_K\logs\volleyhub.log
2026-04-13 18:58:33 | SyncManager-1 | INFO | core.log_setup | LOG start → C:\Users\Hyperbook\python_project\VolleyHub_K\logs\volleyhub.log
2026-04-13 18:58:36 | preview_gui | INFO | core.log_setup | LOG start → C:\Users\Hyperbook\python_project\VolleyHub_K\logs\volleyhub.log
2026-04-13 18:58:40 | Process-3 | INFO | core.log_setup | LOG start → C:\Users\Hyperbook\python_project\VolleyHub_K\logs\volleyhub.log
2026-04-13 18:58:47 | SyncManager-4 | INFO | core.log_setup | LOG start → C:\Users\Hyperbook\python_project\VolleyHub_K\logs\volleyhub.log
2026-04-13 18:58:47 | Process-5 | INFO | core.log_setup | LOG start → C:\Users\Hyperbook\python_project\VolleyHub_K\logs\volleyhub.log
2026-04-13 19:01:36 | MainProcess | INFO | core.log_setup | LOG start → C:\Users\Hyperbook\python_project\VolleyHub_K\logs\volleyhub.log
2026-04-13 19:01:36 | SyncManager-1 | INFO | core.log_setup | LOG start → C:\Users\Hyperbook\python_project\VolleyHub_K\logs\volleyhub.log
2026-04-13 19:01:39 | preview_gui | INFO | core.log_setup | LOG start → C:\Users\Hyperbook\python_project\VolleyHub_K\logs\volleyhub.log
2026-04-13 19:01:44 | Process-3 | INFO | core.log_setup | LOG start → C:\Users\Hyperbook\python_project\VolleyHub_K\logs\volleyhub.log
2026-04-13 19:01:54 | SyncManager-4 | INFO | core.log_setup | LOG start → C:\Users\Hyperbook\python_project\VolleyHub_K\logs\volleyhub.log
2026-04-13 19:01:54 | Process-5 | INFO | core.log_setup | LOG start → C:\Users\Hyperbook\python_project\VolleyHub_K\logs\volleyhub.log
2026-04-13 19:02:27 | Process-5 | ERROR | asyncio | Exception in callback _ProactorBasePipeTransport._call_connection_lost(None)
handle: <Handle _ProactorBasePipeTransport._call_connection_lost(None)>
Traceback (most recent call last):
  File "C:\Users\Hyperbook\miniconda3\Lib\asyncio\events.py", line 88, in _run
    self._context.run(self._callback, *self._args)
  File "C:\Users\Hyperbook\miniconda3\Lib\asyncio\proactor_events.py", line 165, in _call_connection_lost
    self._sock.shutdown(socket.SHUT_RDWR)
ConnectionResetError: [WinError 10054] Istniejące połączenie zostało gwałtownie zamknięte przez zdalnego hosta
2026-04-13 19:02:36 | Process-5 | ERROR | asyncio | Exception in callback _ProactorBasePipeTransport._call_connection_lost(None)
handle: <Handle _ProactorBasePipeTransport._call_connection_lost(None)>
Traceback (most recent call last):
  File "C:\Users\Hyperbook\miniconda3\Lib\asyncio\events.py", line 88, in _run
    self._context.run(self._callback, *self._args)
  File "C:\Users\Hyperbook\miniconda3\Lib\asyncio\proactor_events.py", line 165, in _call_connection_lost
    self._sock.shutdown(socket.SHUT_RDWR)
ConnectionResetError: [WinError 10054] Istniejące połączenie zostało gwałtownie zamknięte przez zdalnego hosta
2026-04-13 19:02:37 | Process-5 | ERROR | asyncio | Exception in callback _ProactorBasePipeTransport._call_connection_lost(None)
handle: <Handle _ProactorBasePipeTransport._call_connection_lost(None)>
Traceback (most recent call last):
  File "C:\Users\Hyperbook\miniconda3\Lib\asyncio\events.py", line 88, in _run
    self._context.run(self._callback, *self._args)
  File "C:\Users\Hyperbook\miniconda3\Lib\asyncio\proactor_events.py", line 165, in _call_connection_lost
    self._sock.shutdown(socket.SHUT_RDWR)
ConnectionResetError: [WinError 10054] Istniejące połączenie zostało gwałtownie zamknięte przez zdalnego hosta
2026-04-13 19:02:38 | Process-5 | ERROR | asyncio | Exception in callback _ProactorBasePipeTransport._call_connection_lost(None)
handle: <Handle _ProactorBasePipeTransport._call_connection_lost(None)>
Traceback (most recent call last):
  File "C:\Users\Hyperbook\miniconda3\Lib\asyncio\events.py", line 88, in _run
    self._context.run(self._callback, *self._args)
  File "C:\Users\Hyperbook\miniconda3\Lib\asyncio\proactor_events.py", line 165, in _call_connection_lost
    self._sock.shutdown(socket.SHUT_RDWR)
ConnectionResetError: [WinError 10054] Istniejące połączenie zostało gwałtownie zamknięte przez zdalnego hosta
2026-04-13 19:02:39 | Process-5 | ERROR | asyncio | Exception in callback _ProactorBasePipeTransport._call_connection_lost(None)
handle: <Handle _ProactorBasePipeTransport._call_connection_lost(None)>
Traceback (most recent call last):
  File "C:\Users\Hyperbook\miniconda3\Lib\asyncio\events.py", line 88, in _run
    self._context.run(self._callback, *self._args)
  File "C:\Users\Hyperbook\miniconda3\Lib\asyncio\proactor_events.py", line 165, in _call_connection_lost
    self._sock.shutdown(socket.SHUT_RDWR)
ConnectionResetError: [WinError 10054] Istniejące połączenie zostało gwałtownie zamknięte przez zdalnego hosta
2026-04-13 19:02:42 | Process-5 | ERROR | asyncio | Exception in callback _ProactorBasePipeTransport._call_connection_lost(None)
handle: <Handle _ProactorBasePipeTransport._call_connection_lost(None)>
Traceback (most recent call last):
  File "C:\Users\Hyperbook\miniconda3\Lib\asyncio\events.py", line 88, in _run
    self._context.run(self._callback, *self._args)
  File "C:\Users\Hyperbook\miniconda3\Lib\asyncio\proactor_events.py", line 165, in _call_connection_lost
    self._sock.shutdown(socket.SHUT_RDWR)
ConnectionResetError: [WinError 10054] Istniejące połączenie zostało gwałtownie zamknięte przez zdalnego hosta
2026-04-13 19:02:45 | Process-5 | ERROR | asyncio | Exception in callback _ProactorBasePipeTransport._call_connection_lost(None)
handle: <Handle _ProactorBasePipeTransport._call_connection_lost(None)>
Traceback (most recent call last):
  File "C:\Users\Hyperbook\miniconda3\Lib\asyncio\events.py", line 88, in _run
    self._context.run(self._callback, *self._args)
  File "C:\Users\Hyperbook\miniconda3\Lib\asyncio\proactor_events.py", line 165, in _call_connection_lost
    self._sock.shutdown(socket.SHUT_RDWR)
ConnectionResetError: [WinError 10054] Istniejące połączenie zostało gwałtownie zamknięte przez zdalnego hosta
2026-04-13 19:02:45 | Process-5 | ERROR | asyncio | Exception in callback _ProactorBasePipeTransport._call_connection_lost(None)
handle: <Handle _ProactorBasePipeTransport._call_connection_lost(None)>
Traceback (most recent call last):
  File "C:\Users\Hyperbook\miniconda3\Lib\asyncio\events.py", line 88, in _run
    self._context.run(self._callback, *self._args)
  File "C:\Users\Hyperbook\miniconda3\Lib\asyncio\proactor_events.py", line 165, in _call_connection_lost
    self._sock.shutdown(socket.SHUT_RDWR)
ConnectionResetError: [WinError 10054] Istniejące połączenie zostało gwałtownie zamknięte przez zdalnego hosta
2026-04-13 19:02:47 | Process-5 | ERROR | asyncio | Exception in callback _ProactorBasePipeTransport._call_connection_lost(None)
handle: <Handle _ProactorBasePipeTransport._call_connection_lost(None)>
Traceback (most recent call last):
  File "C:\Users\Hyperbook\miniconda3\Lib\asyncio\events.py", line 88, in _run
    self._context.run(self._callback, *self._args)
  File "C:\Users\Hyperbook\miniconda3\Lib\asyncio\proactor_events.py", line 165, in _call_connection_lost
    self._sock.shutdown(socket.SHUT_RDWR)
ConnectionResetError: [WinError 10054] Istniejące połączenie zostało gwałtownie zamknięte przez zdalnego hosta
2026-04-13 19:02:48 | Process-5 | ERROR | asyncio | Exception in callback _ProactorBasePipeTransport._call_connection_lost(None)
handle: <Handle _ProactorBasePipeTransport._call_connection_lost(None)>
Traceback (most recent call last):
  File "C:\Users\Hyperbook\miniconda3\Lib\asyncio\events.py", line 88, in _run
    self._context.run(self._callback, *self._args)
  File "C:\Users\Hyperbook\miniconda3\Lib\asyncio\proactor_events.py", line 165, in _call_connection_lost
    self._sock.shutdown(socket.SHUT_RDWR)
ConnectionResetError: [WinError 10054] Istniejące połączenie zostało gwałtownie zamknięte przez zdalnego hosta
2026-04-13 19:02:49 | Process-5 | ERROR | asyncio | Exception in callback _ProactorBasePipeTransport._call_connection_lost(None)
handle: <Handle _ProactorBasePipeTransport._call_connection_lost(None)>
Traceback (most recent call last):
  File "C:\Users\Hyperbook\miniconda3\Lib\asyncio\events.py", line 88, in _run
    self._context.run(self._callback, *self._args)
  File "C:\Users\Hyperbook\miniconda3\Lib\asyncio\proactor_events.py", line 165, in _call_connection_lost
    self._sock.shutdown(socket.SHUT_RDWR)
ConnectionResetError: [WinError 10054] Istniejące połączenie zostało gwałtownie zamknięte przez zdalnego hosta
2026-04-13 19:02:50 | Process-5 | ERROR | asyncio | Exception in callback _ProactorBasePipeTransport._call_connection_lost(None)
handle: <Handle _ProactorBasePipeTransport._call_connection_lost(None)>
Traceback (most recent call last):
  File "C:\Users\Hyperbook\miniconda3\Lib\asyncio\events.py", line 88, in _run
    self._context.run(self._callback, *self._args)
  File "C:\Users\Hyperbook\miniconda3\Lib\asyncio\proactor_events.py", line 165, in _call_connection_lost
    self._sock.shutdown(socket.SHUT_RDWR)
ConnectionResetError: [WinError 10054] Istniejące połączenie zostało gwałtownie zamknięte przez zdalnego hosta
2026-04-13 19:02:50 | Process-5 | ERROR | asyncio | Exception in callback _ProactorBasePipeTransport._call_connection_lost(None)
handle: <Handle _ProactorBasePipeTransport._call_connection_lost(None)>
Traceback (most recent call last):
  File "C:\Users\Hyperbook\miniconda3\Lib\asyncio\events.py", line 88, in _run
    self._context.run(self._callback, *self._args)
  File "C:\Users\Hyperbook\miniconda3\Lib\asyncio\proactor_events.py", line 165, in _call_connection_lost
    self._sock.shutdown(socket.SHUT_RDWR)
ConnectionResetError: [WinError 10054] Istniejące połączenie zostało gwałtownie zamknięte przez zdalnego hosta
2026-04-13 19:02:50 | Process-5 | ERROR | asyncio | Exception in callback _ProactorBasePipeTransport._call_connection_lost(None)
handle: <Handle _ProactorBasePipeTransport._call_connection_lost(None)>
Traceback (most recent call last):
  File "C:\Users\Hyperbook\miniconda3\Lib\asyncio\events.py", line 88, in _run
    self._context.run(self._callback, *self._args)
  File "C:\Users\Hyperbook\miniconda3\Lib\asyncio\proactor_events.py", line 165, in _call_connection_lost
    self._sock.shutdown(socket.SHUT_RDWR)
ConnectionResetError: [WinError 10054] Istniejące połączenie zostało gwałtownie zamknięte przez zdalnego hosta
2026-04-13 19:02:50 | Process-5 | ERROR | asyncio | Exception in callback _ProactorBasePipeTransport._call_connection_lost(None)
handle: <Handle _ProactorBasePipeTransport._call_connection_lost(None)>
Traceback (most recent call last):
  File "C:\Users\Hyperbook\miniconda3\Lib\asyncio\events.py", line 88, in _run
    self._context.run(self._callback, *self._args)
  File "C:\Users\Hyperbook\miniconda3\Lib\asyncio\proactor_events.py", line 165, in _call_connection_lost
    self._sock.shutdown(socket.SHUT_RDWR)
ConnectionResetError: [WinError 10054] Istniejące połączenie zostało gwałtownie zamknięte przez zdalnego hosta
2026-04-13 19:02:50 | Process-5 | ERROR | asyncio | Exception in callback _ProactorBasePipeTransport._call_connection_lost(None)
handle: <Handle _ProactorBasePipeTransport._call_connection_lost(None)>
Traceback (most recent call last):
  File "C:\Users\Hyperbook\miniconda3\Lib\asyncio\events.py", line 88, in _run
    self._context.run(self._callback, *self._args)
  File "C:\Users\Hyperbook\miniconda3\Lib\asyncio\proactor_events.py", line 165, in _call_connection_lost
    self._sock.shutdown(socket.SHUT_RDWR)
ConnectionResetError: [WinError 10054] Istniejące połączenie zostało gwałtownie zamknięte przez zdalnego hosta
2026-04-13 19:02:51 | Process-5 | ERROR | asyncio | Exception in callback _ProactorBasePipeTransport._call_connection_lost(None)
handle: <Handle _ProactorBasePipeTransport._call_connection_lost(None)>
Traceback (most recent call last):
  File "C:\Users\Hyperbook\miniconda3\Lib\asyncio\events.py", line 88, in _run
    self._context.run(self._callback, *self._args)
  File "C:\Users\Hyperbook\miniconda3\Lib\asyncio\proactor_events.py", line 165, in _call_connection_lost
    self._sock.shutdown(socket.SHUT_RDWR)
ConnectionResetError: [WinError 10054] Istniejące połączenie zostało gwałtownie zamknięte przez zdalnego hosta
2026-04-13 19:02:51 | Process-5 | ERROR | asyncio | Exception in callback _ProactorBasePipeTransport._call_connection_lost(None)
handle: <Handle _ProactorBasePipeTransport._call_connection_lost(None)>
Traceback (most recent call last):
  File "C:\Users\Hyperbook\miniconda3\Lib\asyncio\events.py", line 88, in _run
    self._context.run(self._callback, *self._args)
  File "C:\Users\Hyperbook\miniconda3\Lib\asyncio\proactor_events.py", line 165, in _call_connection_lost
    self._sock.shutdown(socket.SHUT_RDWR)
ConnectionResetError: [WinError 10054] Istniejące połączenie zostało gwałtownie zamknięte przez zdalnego hosta
2026-04-13 19:02:52 | Process-5 | ERROR | asyncio | Exception in callback _ProactorBasePipeTransport._call_connection_lost(None)
handle: <Handle _ProactorBasePipeTransport._call_connection_lost(None)>
Traceback (most recent call last):
  File "C:\Users\Hyperbook\miniconda3\Lib\asyncio\events.py", line 88, in _run
    self._context.run(self._callback, *self._args)
  File "C:\Users\Hyperbook\miniconda3\Lib\asyncio\proactor_events.py", line 165, in _call_connection_lost
    self._sock.shutdown(socket.SHUT_RDWR)
ConnectionResetError: [WinError 10054] Istniejące połączenie zostało gwałtownie zamknięte przez zdalnego hosta
2026-04-13 19:02:57 | Process-5 | ERROR | asyncio | Exception in callback _ProactorBasePipeTransport._call_connection_lost(None)
handle: <Handle _ProactorBasePipeTransport._call_connection_lost(None)>
Traceback (most recent call last):
  File "C:\Users\Hyperbook\miniconda3\Lib\asyncio\events.py", line 88, in _run
    self._context.run(self._callback, *self._args)
  File "C:\Users\Hyperbook\miniconda3\Lib\asyncio\proactor_events.py", line 165, in _call_connection_lost
    self._sock.shutdown(socket.SHUT_RDWR)
ConnectionResetError: [WinError 10054] Istniejące połączenie zostało gwałtownie zamknięte przez zdalnego hosta
2026-04-13 19:03:07 | Process-5 | ERROR | asyncio | Exception in callback _ProactorBasePipeTransport._call_connection_lost(None)
handle: <Handle _ProactorBasePipeTransport._call_connection_lost(None)>
Traceback (most recent call last):
  File "C:\Users\Hyperbook\miniconda3\Lib\asyncio\events.py", line 88, in _run
    self._context.run(self._callback, *self._args)
  File "C:\Users\Hyperbook\miniconda3\Lib\asyncio\proactor_events.py", line 165, in _call_connection_lost
    self._sock.shutdown(socket.SHUT_RDWR)
ConnectionResetError: [WinError 10054] Istniejące połączenie zostało gwałtownie zamknięte przez zdalnego hosta
2026-04-13 19:03:08 | Process-5 | ERROR | asyncio | Exception in callback _ProactorBasePipeTransport._call_connection_lost(None)
handle: <Handle _ProactorBasePipeTransport._call_connection_lost(None)>
Traceback (most recent call last):
  File "C:\Users\Hyperbook\miniconda3\Lib\asyncio\events.py", line 88, in _run
    self._context.run(self._callback, *self._args)
  File "C:\Users\Hyperbook\miniconda3\Lib\asyncio\proactor_events.py", line 165, in _call_connection_lost
    self._sock.shutdown(socket.SHUT_RDWR)
ConnectionResetError: [WinError 10054] Istniejące połączenie zostało gwałtownie zamknięte przez zdalnego hosta
2026-04-13 19:03:08 | Process-5 | ERROR | asyncio | Exception in callback _ProactorBasePipeTransport._call_connection_lost(None)
handle: <Handle _ProactorBasePipeTransport._call_connection_lost(None)>
Traceback (most recent call last):
  File "C:\Users\Hyperbook\miniconda3\Lib\asyncio\events.py", line 88, in _run
    self._context.run(self._callback, *self._args)
  File "C:\Users\Hyperbook\miniconda3\Lib\asyncio\proactor_events.py", line 165, in _call_connection_lost
    self._sock.shutdown(socket.SHUT_RDWR)
ConnectionResetError: [WinError 10054] Istniejące połączenie zostało gwałtownie zamknięte przez zdalnego hosta
2026-04-13 19:03:10 | Process-5 | ERROR | asyncio | Exception in callback _ProactorBasePipeTransport._call_connection_lost(None)
handle: <Handle _ProactorBasePipeTransport._call_connection_lost(None)>
Traceback (most recent call last):
  File "C:\Users\Hyperbook\miniconda3\Lib\asyncio\events.py", line 88, in _run
    self._context.run(self._callback, *self._args)
  File "C:\Users\Hyperbook\miniconda3\Lib\asyncio\proactor_events.py", line 165, in _call_connection_lost
    self._sock.shutdown(socket.SHUT_RDWR)
ConnectionResetError: [WinError 10054] Istniejące połączenie zostało gwałtownie zamknięte przez zdalnego hosta
2026-04-13 19:03:11 | Process-5 | ERROR | asyncio | Exception in callback _ProactorBasePipeTransport._call_connection_lost(None)
handle: <Handle _ProactorBasePipeTransport._call_connection_lost(None)>
Traceback (most recent call last):
  File "C:\Users\Hyperbook\miniconda3\Lib\asyncio\events.py", line 88, in _run
    self._context.run(self._callback, *self._args)
  File "C:\Users\Hyperbook\miniconda3\Lib\asyncio\proactor_events.py", line 165, in _call_connection_lost
    self._sock.shutdown(socket.SHUT_RDWR)
ConnectionResetError: [WinError 10054] Istniejące połączenie zostało gwałtownie zamknięte przez zdalnego hosta
2026-04-13 19:03:12 | Process-5 | ERROR | asyncio | Exception in callback _ProactorBasePipeTransport._call_connection_lost(None)
handle: <Handle _ProactorBasePipeTransport._call_connection_lost(None)>
Traceback (most recent call last):
  File "C:\Users\Hyperbook\miniconda3\Lib\asyncio\events.py", line 88, in _run
    self._context.run(self._callback, *self._args)
  File "C:\Users\Hyperbook\miniconda3\Lib\asyncio\proactor_events.py", line 165, in _call_connection_lost
    self._sock.shutdown(socket.SHUT_RDWR)
ConnectionResetError: [WinError 10054] Istniejące połączenie zostało gwałtownie zamknięte przez zdalnego hosta
2026-04-13 19:03:12 | Process-5 | ERROR | asyncio | Exception in callback _ProactorBasePipeTransport._call_connection_lost(None)
handle: <Handle _ProactorBasePipeTransport._call_connection_lost(None)>
Traceback (most recent call last):
  File "C:\Users\Hyperbook\miniconda3\Lib\asyncio\events.py", line 88, in _run
    self._context.run(self._callback, *self._args)
  File "C:\Users\Hyperbook\miniconda3\Lib\asyncio\proactor_events.py", line 165, in _call_connection_lost
    self._sock.shutdown(socket.SHUT_RDWR)
ConnectionResetError: [WinError 10054] Istniejące połączenie zostało gwałtownie zamknięte przez zdalnego hosta
2026-04-13 19:03:13 | Process-5 | ERROR | asyncio | Exception in callback _ProactorBasePipeTransport._call_connection_lost(None)
handle: <Handle _ProactorBasePipeTransport._call_connection_lost(None)>
Traceback (most recent call last):
  File "C:\Users\Hyperbook\miniconda3\Lib\asyncio\events.py", line 88, in _run
    self._context.run(self._callback, *self._args)
  File "C:\Users\Hyperbook\miniconda3\Lib\asyncio\proactor_events.py", line 165, in _call_connection_lost
    self._sock.shutdown(socket.SHUT_RDWR)
ConnectionResetError: [WinError 10054] Istniejące połączenie zostało gwałtownie zamknięte przez zdalnego hosta
2026-04-13 19:03:15 | Process-5 | ERROR | asyncio | Exception in callback _ProactorBasePipeTransport._call_connection_lost(None)
handle: <Handle _ProactorBasePipeTransport._call_connection_lost(None)>
Traceback (most recent call last):
  File "C:\Users\Hyperbook\miniconda3\Lib\asyncio\events.py", line 88, in _run
    self._context.run(self._callback, *self._args)
  File "C:\Users\Hyperbook\miniconda3\Lib\asyncio\proactor_events.py", line 165, in _call_connection_lost
    self._sock.shutdown(socket.SHUT_RDWR)
ConnectionResetError: [WinError 10054] Istniejące połączenie zostało gwałtownie zamknięte przez zdalnego hosta
2026-04-13 19:03:15 | Process-5 | ERROR | asyncio | Exception in callback _ProactorBasePipeTransport._call_connection_lost(None)
handle: <Handle _ProactorBasePipeTransport._call_connection_lost(None)>
Traceback (most recent call last):
  File "C:\Users\Hyperbook\miniconda3\Lib\asyncio\events.py", line 88, in _run
    self._context.run(self._callback, *self._args)
  File "C:\Users\Hyperbook\miniconda3\Lib\asyncio\proactor_events.py", line 165, in _call_connection_lost
    self._sock.shutdown(socket.SHUT_RDWR)
ConnectionResetError: [WinError 10054] Istniejące połączenie zostało gwałtownie zamknięte przez zdalnego hosta
2026-04-13 19:03:16 | Process-5 | ERROR | asyncio | Exception in callback _ProactorBasePipeTransport._call_connection_lost(None)
handle: <Handle _ProactorBasePipeTransport._call_connection_lost(None)>
Traceback (most recent call last):
  File "C:\Users\Hyperbook\miniconda3\Lib\asyncio\events.py", line 88, in _run
    self._context.run(self._callback, *self._args)
  File "C:\Users\Hyperbook\miniconda3\Lib\asyncio\proactor_events.py", line 165, in _call_connection_lost
    self._sock.shutdown(socket.SHUT_RDWR)
ConnectionResetError: [WinError 10054] Istniejące połączenie zostało gwałtownie zamknięte przez zdalnego hosta
2026-04-13 19:03:17 | Process-5 | ERROR | asyncio | Exception in callback _ProactorBasePipeTransport._call_connection_lost(None)
handle: <Handle _ProactorBasePipeTransport._call_connection_lost(None)>
Traceback (most recent call last):
  File "C:\Users\Hyperbook\miniconda3\Lib\asyncio\events.py", line 88, in _run
    self._context.run(self._callback, *self._args)
  File "C:\Users\Hyperbook\miniconda3\Lib\asyncio\proactor_events.py", line 165, in _call_connection_lost
    self._sock.shutdown(socket.SHUT_RDWR)
ConnectionResetError: [WinError 10054] Istniejące połączenie zostało gwałtownie zamknięte przez zdalnego hosta
2026-04-13 19:03:18 | Process-5 | ERROR | asyncio | Exception in callback _ProactorBasePipeTransport._call_connection_lost(None)
handle: <Handle _ProactorBasePipeTransport._call_connection_lost(None)>
Traceback (most recent call last):
  File "C:\Users\Hyperbook\miniconda3\Lib\asyncio\events.py", line 88, in _run
    self._context.run(self._callback, *self._args)
  File "C:\Users\Hyperbook\miniconda3\Lib\asyncio\proactor_events.py", line 165, in _call_connection_lost
    self._sock.shutdown(socket.SHUT_RDWR)
ConnectionResetError: [WinError 10054] Istniejące połączenie zostało gwałtownie zamknięte przez zdalnego hosta
2026-04-13 19:03:19 | Process-5 | ERROR | asyncio | Exception in callback _ProactorBasePipeTransport._call_connection_lost(None)
handle: <Handle _ProactorBasePipeTransport._call_connection_lost(None)>
Traceback (most recent call last):
  File "C:\Users\Hyperbook\miniconda3\Lib\asyncio\events.py", line 88, in _run
    self._context.run(self._callback, *self._args)
  File "C:\Users\Hyperbook\miniconda3\Lib\asyncio\proactor_events.py", line 165, in _call_connection_lost
    self._sock.shutdown(socket.SHUT_RDWR)
ConnectionResetError: [WinError 10054] Istniejące połączenie zostało gwałtownie zamknięte przez zdalnego hosta
2026-04-13 19:03:19 | Process-5 | ERROR | asyncio | Exception in callback _ProactorBasePipeTransport._call_connection_lost(None)
handle: <Handle _ProactorBasePipeTransport._call_connection_lost(None)>
Traceback (most recent call last):
  File "C:\Users\Hyperbook\miniconda3\Lib\asyncio\events.py", line 88, in _run
    self._context.run(self._callback, *self._args)
  File "C:\Users\Hyperbook\miniconda3\Lib\asyncio\proactor_events.py", line 165, in _call_connection_lost
    self._sock.shutdown(socket.SHUT_RDWR)
ConnectionResetError: [WinError 10054] Istniejące połączenie zostało gwałtownie zamknięte przez zdalnego hosta
2026-04-13 19:03:19 | Process-5 | ERROR | asyncio | Exception in callback _ProactorBasePipeTransport._call_connection_lost(None)
handle: <Handle _ProactorBasePipeTransport._call_connection_lost(None)>
Traceback (most recent call last):
  File "C:\Users\Hyperbook\miniconda3\Lib\asyncio\events.py", line 88, in _run
    self._context.run(self._callback, *self._args)
  File "C:\Users\Hyperbook\miniconda3\Lib\asyncio\proactor_events.py", line 165, in _call_connection_lost
    self._sock.shutdown(socket.SHUT_RDWR)
ConnectionResetError: [WinError 10054] Istniejące połączenie zostało gwałtownie zamknięte przez zdalnego hosta
2026-04-13 19:03:20 | Process-5 | ERROR | asyncio | Exception in callback _ProactorBasePipeTransport._call_connection_lost(None)
handle: <Handle _ProactorBasePipeTransport._call_connection_lost(None)>
Traceback (most recent call last):
  File "C:\Users\Hyperbook\miniconda3\Lib\asyncio\events.py", line 88, in _run
    self._context.run(self._callback, *self._args)
  File "C:\Users\Hyperbook\miniconda3\Lib\asyncio\proactor_events.py", line 165, in _call_connection_lost
    self._sock.shutdown(socket.SHUT_RDWR)
ConnectionResetError: [WinError 10054] Istniejące połączenie zostało gwałtownie zamknięte przez zdalnego hosta
2026-04-13 19:03:20 | Process-5 | ERROR | asyncio | Exception in callback _ProactorBasePipeTransport._call_connection_lost(None)
handle: <Handle _ProactorBasePipeTransport._call_connection_lost(None)>
Traceback (most recent call last):
  File "C:\Users\Hyperbook\miniconda3\Lib\asyncio\events.py", line 88, in _run
    self._context.run(self._callback, *self._args)
  File "C:\Users\Hyperbook\miniconda3\Lib\asyncio\proactor_events.py", line 165, in _call_connection_lost
    self._sock.shutdown(socket.SHUT_RDWR)
ConnectionResetError: [WinError 10054] Istniejące połączenie zostało gwałtownie zamknięte przez zdalnego hosta
2026-04-13 19:03:20 | Process-5 | ERROR | asyncio | Exception in callback _ProactorBasePipeTransport._call_connection_lost(None)
handle: <Handle _ProactorBasePipeTransport._call_connection_lost(None)>
Traceback (most recent call last):
  File "C:\Users\Hyperbook\miniconda3\Lib\asyncio\events.py", line 88, in _run
    self._context.run(self._callback, *self._args)
  File "C:\Users\Hyperbook\miniconda3\Lib\asyncio\proactor_events.py", line 165, in _call_connection_lost
    self._sock.shutdown(socket.SHUT_RDWR)
ConnectionResetError: [WinError 10054] Istniejące połączenie zostało gwałtownie zamknięte przez zdalnego hosta
2026-04-13 19:03:22 | Process-5 | ERROR | asyncio | Exception in callback _ProactorBasePipeTransport._call_connection_lost(None)
handle: <Handle _ProactorBasePipeTransport._call_connection_lost(None)>
Traceback (most recent call last):
  File "C:\Users\Hyperbook\miniconda3\Lib\asyncio\events.py", line 88, in _run
    self._context.run(self._callback, *self._args)
  File "C:\Users\Hyperbook\miniconda3\Lib\asyncio\proactor_events.py", line 165, in _call_connection_lost
    self._sock.shutdown(socket.SHUT_RDWR)
ConnectionResetError: [WinError 10054] Istniejące połączenie zostało gwałtownie zamknięte przez zdalnego hosta
2026-04-13 19:03:23 | Process-5 | ERROR | asyncio | Exception in callback _ProactorBasePipeTransport._call_connection_lost(None)
handle: <Handle _ProactorBasePipeTransport._call_connection_lost(None)>
Traceback (most recent call last):
  File "C:\Users\Hyperbook\miniconda3\Lib\asyncio\events.py", line 88, in _run
    self._context.run(self._callback, *self._args)
  File "C:\Users\Hyperbook\miniconda3\Lib\asyncio\proactor_events.py", line 165, in _call_connection_lost
    self._sock.shutdown(socket.SHUT_RDWR)
ConnectionResetError: [WinError 10054] Istniejące połączenie zostało gwałtownie zamknięte przez zdalnego hosta
2026-04-13 19:03:26 | Process-5 | ERROR | asyncio | Exception in callback _ProactorBasePipeTransport._call_connection_lost(None)
handle: <Handle _ProactorBasePipeTransport._call_connection_lost(None)>
Traceback (most recent call last):
  File "C:\Users\Hyperbook\miniconda3\Lib\asyncio\events.py", line 88, in _run
    self._context.run(self._callback, *self._args)
  File "C:\Users\Hyperbook\miniconda3\Lib\asyncio\proactor_events.py", line 165, in _call_connection_lost
    self._sock.shutdown(socket.SHUT_RDWR)
ConnectionResetError: [WinError 10054] Istniejące połączenie zostało gwałtownie zamknięte przez zdalnego hosta
2026-04-13 19:03:27 | Process-5 | ERROR | asyncio | Exception in callback _ProactorBasePipeTransport._call_connection_lost(None)
handle: <Handle _ProactorBasePipeTransport._call_connection_lost(None)>
Traceback (most recent call last):
  File "C:\Users\Hyperbook\miniconda3\Lib\asyncio\events.py", line 88, in _run
    self._context.run(self._callback, *self._args)
  File "C:\Users\Hyperbook\miniconda3\Lib\asyncio\proactor_events.py", line 165, in _call_connection_lost
    self._sock.shutdown(socket.SHUT_RDWR)
ConnectionResetError: [WinError 10054] Istniejące połączenie zostało gwałtownie zamknięte przez zdalnego hosta
2026-04-13 19:03:27 | Process-5 | ERROR | asyncio | Exception in callback _ProactorBasePipeTransport._call_connection_lost(None)
handle: <Handle _ProactorBasePipeTransport._call_connection_lost(None)>
Traceback (most recent call last):
  File "C:\Users\Hyperbook\miniconda3\Lib\asyncio\events.py", line 88, in _run
    self._context.run(self._callback, *self._args)
  File "C:\Users\Hyperbook\miniconda3\Lib\asyncio\proactor_events.py", line 165, in _call_connection_lost
    self._sock.shutdown(socket.SHUT_RDWR)
ConnectionResetError: [WinError 10054] Istniejące połączenie zostało gwałtownie zamknięte przez zdalnego hosta
2026-04-13 19:03:28 | Process-5 | ERROR | asyncio | Exception in callback _ProactorBasePipeTransport._call_connection_lost(None)
handle: <Handle _ProactorBasePipeTransport._call_connection_lost(None)>
Traceback (most recent call last):
  File "C:\Users\Hyperbook\miniconda3\Lib\asyncio\events.py", line 88, in _run
    self._context.run(self._callback, *self._args)
  File "C:\Users\Hyperbook\miniconda3\Lib\asyncio\proactor_events.py", line 165, in _call_connection_lost
    self._sock.shutdown(socket.SHUT_RDWR)
ConnectionResetError: [WinError 10054] Istniejące połączenie zostało gwałtownie zamknięte przez zdalnego hosta
2026-04-13 19:03:29 | Process-5 | ERROR | asyncio | Exception in callback _ProactorBasePipeTransport._call_connection_lost(None)
handle: <Handle _ProactorBasePipeTransport._call_connection_lost(None)>
Traceback (most recent call last):
  File "C:\Users\Hyperbook\miniconda3\Lib\asyncio\events.py", line 88, in _run
    self._context.run(self._callback, *self._args)
  File "C:\Users\Hyperbook\miniconda3\Lib\asyncio\proactor_events.py", line 165, in _call_connection_lost
    self._sock.shutdown(socket.SHUT_RDWR)
ConnectionResetError: [WinError 10054] Istniejące połączenie zostało gwałtownie zamknięte przez zdalnego hosta
2026-04-13 19:03:30 | Process-5 | ERROR | asyncio | Exception in callback _ProactorBasePipeTransport._call_connection_lost(None)
handle: <Handle _ProactorBasePipeTransport._call_connection_lost(None)>
Traceback (most recent call last):
  File "C:\Users\Hyperbook\miniconda3\Lib\asyncio\events.py", line 88, in _run
    self._context.run(self._callback, *self._args)
  File "C:\Users\Hyperbook\miniconda3\Lib\asyncio\proactor_events.py", line 165, in _call_connection_lost
    self._sock.shutdown(socket.SHUT_RDWR)
ConnectionResetError: [WinError 10054] Istniejące połączenie zostało gwałtownie zamknięte przez zdalnego hosta
2026-04-13 19:03:30 | Process-5 | ERROR | asyncio | Exception in callback _ProactorBasePipeTransport._call_connection_lost(None)
handle: <Handle _ProactorBasePipeTransport._call_connection_lost(None)>
Traceback (most recent call last):
  File "C:\Users\Hyperbook\miniconda3\Lib\asyncio\events.py", line 88, in _run
    self._context.run(self._callback, *self._args)
  File "C:\Users\Hyperbook\miniconda3\Lib\asyncio\proactor_events.py", line 165, in _call_connection_lost
    self._sock.shutdown(socket.SHUT_RDWR)
ConnectionResetError: [WinError 10054] Istniejące połączenie zostało gwałtownie zamknięte przez zdalnego hosta
2026-04-13 19:03:30 | Process-5 | ERROR | asyncio | Exception in callback _ProactorBasePipeTransport._call_connection_lost(None)
handle: <Handle _ProactorBasePipeTransport._call_connection_lost(None)>
Traceback (most recent call last):
  File "C:\Users\Hyperbook\miniconda3\Lib\asyncio\events.py", line 88, in _run
    self._context.run(self._callback, *self._args)
  File "C:\Users\Hyperbook\miniconda3\Lib\asyncio\proactor_events.py", line 165, in _call_connection_lost
    self._sock.shutdown(socket.SHUT_RDWR)
ConnectionResetError: [WinError 10054] Istniejące połączenie zostało gwałtownie zamknięte przez zdalnego hosta
2026-04-13 19:03:33 | Process-5 | ERROR | asyncio | Exception in callback _ProactorBasePipeTransport._call_connection_lost(None)
handle: <Handle _ProactorBasePipeTransport._call_connection_lost(None)>
Traceback (most recent call last):
  File "C:\Users\Hyperbook\miniconda3\Lib\asyncio\events.py", line 88, in _run
    self._context.run(self._callback, *self._args)
  File "C:\Users\Hyperbook\miniconda3\Lib\asyncio\proactor_events.py", line 165, in _call_connection_lost
    self._sock.shutdown(socket.SHUT_RDWR)
ConnectionResetError: [WinError 10054] Istniejące połączenie zostało gwałtownie zamknięte przez zdalnego hosta
2026-04-13 19:03:34 | Process-5 | ERROR | asyncio | Exception in callback _ProactorBasePipeTransport._call_connection_lost(None)
handle: <Handle _ProactorBasePipeTransport._call_connection_lost(None)>
Traceback (most recent call last):
  File "C:\Users\Hyperbook\miniconda3\Lib\asyncio\events.py", line 88, in _run
    self._context.run(self._callback, *self._args)
  File "C:\Users\Hyperbook\miniconda3\Lib\asyncio\proactor_events.py", line 165, in _call_connection_lost
    self._sock.shutdown(socket.SHUT_RDWR)
ConnectionResetError: [WinError 10054] Istniejące połączenie zostało gwałtownie zamknięte przez zdalnego hosta
2026-04-13 19:03:37 | Process-5 | ERROR | asyncio | Exception in callback _ProactorBasePipeTransport._call_connection_lost(None)
handle: <Handle _ProactorBasePipeTransport._call_connection_lost(None)>
Traceback (most recent call last):
  File "C:\Users\Hyperbook\miniconda3\Lib\asyncio\events.py", line 88, in _run
    self._context.run(self._callback, *self._args)
  File "C:\Users\Hyperbook\miniconda3\Lib\asyncio\proactor_events.py", line 165, in _call_connection_lost
    self._sock.shutdown(socket.SHUT_RDWR)
ConnectionResetError: [WinError 10054] Istniejące połączenie zostało gwałtownie zamknięte przez zdalnego hosta
2026-04-13 19:03:37 | Process-5 | ERROR | asyncio | Exception in callback _ProactorBasePipeTransport._call_connection_lost(None)
handle: <Handle _ProactorBasePipeTransport._call_connection_lost(None)>
Traceback (most recent call last):
  File "C:\Users\Hyperbook\miniconda3\Lib\asyncio\events.py", line 88, in _run
    self._context.run(self._callback, *self._args)
  File "C:\Users\Hyperbook\miniconda3\Lib\asyncio\proactor_events.py", line 165, in _call_connection_lost
    self._sock.shutdown(socket.SHUT_RDWR)
ConnectionResetError: [WinError 10054] Istniejące połączenie zostało gwałtownie zamknięte przez zdalnego hosta
2026-04-13 19:03:38 | Process-5 | ERROR | asyncio | Exception in callback _ProactorBasePipeTransport._call_connection_lost(None)
handle: <Handle _ProactorBasePipeTransport._call_connection_lost(None)>
Traceback (most recent call last):
  File "C:\Users\Hyperbook\miniconda3\Lib\asyncio\events.py", line 88, in _run
    self._context.run(self._callback, *self._args)
  File "C:\Users\Hyperbook\miniconda3\Lib\asyncio\proactor_events.py", line 165, in _call_connection_lost
    self._sock.shutdown(socket.SHUT_RDWR)
ConnectionResetError: [WinError 10054] Istniejące połączenie zostało gwałtownie zamknięte przez zdalnego hosta
2026-04-13 19:03:40 | Process-5 | ERROR | asyncio | Exception in callback _ProactorBasePipeTransport._call_connection_lost(None)
handle: <Handle _ProactorBasePipeTransport._call_connection_lost(None)>
Traceback (most recent call last):
  File "C:\Users\Hyperbook\miniconda3\Lib\asyncio\events.py", line 88, in _run
    self._context.run(self._callback, *self._args)
  File "C:\Users\Hyperbook\miniconda3\Lib\asyncio\proactor_events.py", line 165, in _call_connection_lost
    self._sock.shutdown(socket.SHUT_RDWR)
ConnectionResetError: [WinError 10054] Istniejące połączenie zostało gwałtownie zamknięte przez zdalnego hosta
2026-04-13 19:03:40 | Process-5 | ERROR | asyncio | Exception in callback _ProactorBasePipeTransport._call_connection_lost(None)
handle: <Handle _ProactorBasePipeTransport._call_connection_lost(None)>
Traceback (most recent call last):
  File "C:\Users\Hyperbook\miniconda3\Lib\asyncio\events.py", line 88, in _run
    self._context.run(self._callback, *self._args)
  File "C:\Users\Hyperbook\miniconda3\Lib\asyncio\proactor_events.py", line 165, in _call_connection_lost
    self._sock.shutdown(socket.SHUT_RDWR)
ConnectionResetError: [WinError 10054] Istniejące połączenie zostało gwałtownie zamknięte przez zdalnego hosta
2026-04-13 19:03:40 | Process-5 | ERROR | asyncio | Exception in callback _ProactorBasePipeTransport._call_connection_lost(None)
handle: <Handle _ProactorBasePipeTransport._call_connection_lost(None)>
Traceback (most recent call last):
  File "C:\Users\Hyperbook\miniconda3\Lib\asyncio\events.py", line 88, in _run
    self._context.run(self._callback, *self._args)
  File "C:\Users\Hyperbook\miniconda3\Lib\asyncio\proactor_events.py", line 165, in _call_connection_lost
    self._sock.shutdown(socket.SHUT_RDWR)
ConnectionResetError: [WinError 10054] Istniejące połączenie zostało gwałtownie zamknięte przez zdalnego hosta
2026-04-13 19:03:41 | Process-5 | ERROR | asyncio | Exception in callback _ProactorBasePipeTransport._call_connection_lost(None)
handle: <Handle _ProactorBasePipeTransport._call_connection_lost(None)>
Traceback (most recent call last):
  File "C:\Users\Hyperbook\miniconda3\Lib\asyncio\events.py", line 88, in _run
    self._context.run(self._callback, *self._args)
  File "C:\Users\Hyperbook\miniconda3\Lib\asyncio\proactor_events.py", line 165, in _call_connection_lost
    self._sock.shutdown(socket.SHUT_RDWR)
ConnectionResetError: [WinError 10054] Istniejące połączenie zostało gwałtownie zamknięte przez zdalnego hosta
2026-04-13 19:03:43 | Process-5 | ERROR | asyncio | Exception in callback _ProactorBasePipeTransport._call_connection_lost(None)
handle: <Handle _ProactorBasePipeTransport._call_connection_lost(None)>
Traceback (most recent call last):
  File "C:\Users\Hyperbook\miniconda3\Lib\asyncio\events.py", line 88, in _run
    self._context.run(self._callback, *self._args)
  File "C:\Users\Hyperbook\miniconda3\Lib\asyncio\proactor_events.py", line 165, in _call_connection_lost
    self._sock.shutdown(socket.SHUT_RDWR)
ConnectionResetError: [WinError 10054] Istniejące połączenie zostało gwałtownie zamknięte przez zdalnego hosta
2026-04-13 19:03:44 | Process-5 | ERROR | asyncio | Exception in callback _ProactorBasePipeTransport._call_connection_lost(None)
handle: <Handle _ProactorBasePipeTransport._call_connection_lost(None)>
Traceback (most recent call last):
  File "C:\Users\Hyperbook\miniconda3\Lib\asyncio\events.py", line 88, in _run
    self._context.run(self._callback, *self._args)
  File "C:\Users\Hyperbook\miniconda3\Lib\asyncio\proactor_events.py", line 165, in _call_connection_lost
    self._sock.shutdown(socket.SHUT_RDWR)
ConnectionResetError: [WinError 10054] Istniejące połączenie zostało gwałtownie zamknięte przez zdalnego hosta
2026-04-13 19:03:45 | Process-5 | ERROR | asyncio | Exception in callback _ProactorBasePipeTransport._call_connection_lost(None)
handle: <Handle _ProactorBasePipeTransport._call_connection_lost(None)>
Traceback (most recent call last):
  File "C:\Users\Hyperbook\miniconda3\Lib\asyncio\events.py", line 88, in _run
    self._context.run(self._callback, *self._args)
  File "C:\Users\Hyperbook\miniconda3\Lib\asyncio\proactor_events.py", line 165, in _call_connection_lost
    self._sock.shutdown(socket.SHUT_RDWR)
ConnectionResetError: [WinError 10054] Istniejące połączenie zostało gwałtownie zamknięte przez zdalnego hosta
2026-04-13 19:03:45 | Process-5 | ERROR | asyncio | Exception in callback _ProactorBasePipeTransport._call_connection_lost(None)
handle: <Handle _ProactorBasePipeTransport._call_connection_lost(None)>
Traceback (most recent call last):
  File "C:\Users\Hyperbook\miniconda3\Lib\asyncio\events.py", line 88, in _run
    self._context.run(self._callback, *self._args)
  File "C:\Users\Hyperbook\miniconda3\Lib\asyncio\proactor_events.py", line 165, in _call_connection_lost
    self._sock.shutdown(socket.SHUT_RDWR)
ConnectionResetError: [WinError 10054] Istniejące połączenie zostało gwałtownie zamknięte przez zdalnego hosta
2026-04-13 19:03:45 | Process-5 | ERROR | asyncio | Exception in callback _ProactorBasePipeTransport._call_connection_lost(None)
handle: <Handle _ProactorBasePipeTransport._call_connection_lost(None)>
Traceback (most recent call last):
  File "C:\Users\Hyperbook\miniconda3\Lib\asyncio\events.py", line 88, in _run
    self._context.run(self._callback, *self._args)
  File "C:\Users\Hyperbook\miniconda3\Lib\asyncio\proactor_events.py", line 165, in _call_connection_lost
    self._sock.shutdown(socket.SHUT_RDWR)
ConnectionResetError: [WinError 10054] Istniejące połączenie zostało gwałtownie zamknięte przez zdalnego hosta
2026-04-13 19:03:46 | Process-5 | ERROR | asyncio | Exception in callback _ProactorBasePipeTransport._call_connection_lost(None)
handle: <Handle _ProactorBasePipeTransport._call_connection_lost(None)>
Traceback (most recent call last):
  File "C:\Users\Hyperbook\miniconda3\Lib\asyncio\events.py", line 88, in _run
    self._context.run(self._callback, *self._args)
  File "C:\Users\Hyperbook\miniconda3\Lib\asyncio\proactor_events.py", line 165, in _call_connection_lost
    self._sock.shutdown(socket.SHUT_RDWR)
ConnectionResetError: [WinError 10054] Istniejące połączenie zostało gwałtownie zamknięte przez zdalnego hosta
2026-04-13 19:03:46 | Process-5 | ERROR | asyncio | Exception in callback _ProactorBasePipeTransport._call_connection_lost(None)
handle: <Handle _ProactorBasePipeTransport._call_connection_lost(None)>
Traceback (most recent call last):
  File "C:\Users\Hyperbook\miniconda3\Lib\asyncio\events.py", line 88, in _run
    self._context.run(self._callback, *self._args)
  File "C:\Users\Hyperbook\miniconda3\Lib\asyncio\proactor_events.py", line 165, in _call_connection_lost
    self._sock.shutdown(socket.SHUT_RDWR)
ConnectionResetError: [WinError 10054] Istniejące połączenie zostało gwałtownie zamknięte przez zdalnego hosta
2026-04-13 19:03:46 | Process-5 | ERROR | asyncio | Exception in callback _ProactorBasePipeTransport._call_connection_lost(None)
handle: <Handle _ProactorBasePipeTransport._call_connection_lost(None)>
Traceback (most recent call last):
  File "C:\Users\Hyperbook\miniconda3\Lib\asyncio\events.py", line 88, in _run
    self._context.run(self._callback, *self._args)
  File "C:\Users\Hyperbook\miniconda3\Lib\asyncio\proactor_events.py", line 165, in _call_connection_lost
    self._sock.shutdown(socket.SHUT_RDWR)
ConnectionResetError: [WinError 10054] Istniejące połączenie zostało gwałtownie zamknięte przez zdalnego hosta
2026-04-13 19:03:46 | Process-5 | ERROR | asyncio | Exception in callback _ProactorBasePipeTransport._call_connection_lost(None)
handle: <Handle _ProactorBasePipeTransport._call_connection_lost(None)>
Traceback (most recent call last):
  File "C:\Users\Hyperbook\miniconda3\Lib\asyncio\events.py", line 88, in _run
    self._context.run(self._callback, *self._args)
  File "C:\Users\Hyperbook\miniconda3\Lib\asyncio\proactor_events.py", line 165, in _call_connection_lost
    self._sock.shutdown(socket.SHUT_RDWR)
ConnectionResetError: [WinError 10054] Istniejące połączenie zostało gwałtownie zamknięte przez zdalnego hosta
2026-04-13 19:03:47 | Process-5 | ERROR | asyncio | Exception in callback _ProactorBasePipeTransport._call_connection_lost(None)
handle: <Handle _ProactorBasePipeTransport._call_connection_lost(None)>
Traceback (most recent call last):
  File "C:\Users\Hyperbook\miniconda3\Lib\asyncio\events.py", line 88, in _run
    self._context.run(self._callback, *self._args)
  File "C:\Users\Hyperbook\miniconda3\Lib\asyncio\proactor_events.py", line 165, in _call_connection_lost
    self._sock.shutdown(socket.SHUT_RDWR)
ConnectionResetError: [WinError 10054] Istniejące połączenie zostało gwałtownie zamknięte przez zdalnego hosta
2026-04-13 19:03:47 | Process-5 | ERROR | asyncio | Exception in callback _ProactorBasePipeTransport._call_connection_lost(None)
handle: <Handle _ProactorBasePipeTransport._call_connection_lost(None)>
Traceback (most recent call last):
  File "C:\Users\Hyperbook\miniconda3\Lib\asyncio\events.py", line 88, in _run
    self._context.run(self._callback, *self._args)
  File "C:\Users\Hyperbook\miniconda3\Lib\asyncio\proactor_events.py", line 165, in _call_connection_lost
    self._sock.shutdown(socket.SHUT_RDWR)
ConnectionResetError: [WinError 10054] Istniejące połączenie zostało gwałtownie zamknięte przez zdalnego hosta
2026-04-13 19:03:48 | Process-5 | ERROR | asyncio | Exception in callback _ProactorBasePipeTransport._call_connection_lost(None)
handle: <Handle _ProactorBasePipeTransport._call_connection_lost(None)>
Traceback (most recent call last):
  File "C:\Users\Hyperbook\miniconda3\Lib\asyncio\events.py", line 88, in _run
    self._context.run(self._callback, *self._args)
  File "C:\Users\Hyperbook\miniconda3\Lib\asyncio\proactor_events.py", line 165, in _call_connection_lost
    self._sock.shutdown(socket.SHUT_RDWR)
ConnectionResetError: [WinError 10054] Istniejące połączenie zostało gwałtownie zamknięte przez zdalnego hosta
2026-04-13 19:03:48 | Process-5 | ERROR | asyncio | Exception in callback _ProactorBasePipeTransport._call_connection_lost(None)
handle: <Handle _ProactorBasePipeTransport._call_connection_lost(None)>
Traceback (most recent call last):
  File "C:\Users\Hyperbook\miniconda3\Lib\asyncio\events.py", line 88, in _run
    self._context.run(self._callback, *self._args)
  File "C:\Users\Hyperbook\miniconda3\Lib\asyncio\proactor_events.py", line 165, in _call_connection_lost
    self._sock.shutdown(socket.SHUT_RDWR)
ConnectionResetError: [WinError 10054] Istniejące połączenie zostało gwałtownie zamknięte przez zdalnego hosta
2026-04-13 19:03:48 | Process-5 | ERROR | asyncio | Exception in callback _ProactorBasePipeTransport._call_connection_lost(None)
handle: <Handle _ProactorBasePipeTransport._call_connection_lost(None)>
Traceback (most recent call last):
  File "C:\Users\Hyperbook\miniconda3\Lib\asyncio\events.py", line 88, in _run
    self._context.run(self._callback, *self._args)
  File "C:\Users\Hyperbook\miniconda3\Lib\asyncio\proactor_events.py", line 165, in _call_connection_lost
    self._sock.shutdown(socket.SHUT_RDWR)
ConnectionResetError: [WinError 10054] Istniejące połączenie zostało gwałtownie zamknięte przez zdalnego hosta
2026-04-13 19:03:49 | Process-5 | ERROR | asyncio | Exception in callback _ProactorBasePipeTransport._call_connection_lost(None)
handle: <Handle _ProactorBasePipeTransport._call_connection_lost(None)>
Traceback (most recent call last):
  File "C:\Users\Hyperbook\miniconda3\Lib\asyncio\events.py", line 88, in _run
    self._context.run(self._callback, *self._args)
  File "C:\Users\Hyperbook\miniconda3\Lib\asyncio\proactor_events.py", line 165, in _call_connection_lost
    self._sock.shutdown(socket.SHUT_RDWR)
ConnectionResetError: [WinError 10054] Istniejące połączenie zostało gwałtownie zamknięte przez zdalnego hosta
2026-04-13 19:03:52 | Process-5 | ERROR | asyncio | Exception in callback _ProactorBasePipeTransport._call_connection_lost(None)
handle: <Handle _ProactorBasePipeTransport._call_connection_lost(None)>
Traceback (most recent call last):
  File "C:\Users\Hyperbook\miniconda3\Lib\asyncio\events.py", line 88, in _run
    self._context.run(self._callback, *self._args)
  File "C:\Users\Hyperbook\miniconda3\Lib\asyncio\proactor_events.py", line 165, in _call_connection_lost
    self._sock.shutdown(socket.SHUT_RDWR)
ConnectionResetError: [WinError 10054] Istniejące połączenie zostało gwałtownie zamknięte przez zdalnego hosta
2026-04-13 19:03:52 | Process-5 | ERROR | asyncio | Exception in callback _ProactorBasePipeTransport._call_connection_lost(None)
handle: <Handle _ProactorBasePipeTransport._call_connection_lost(None)>
Traceback (most recent call last):
  File "C:\Users\Hyperbook\miniconda3\Lib\asyncio\events.py", line 88, in _run
    self._context.run(self._callback, *self._args)
  File "C:\Users\Hyperbook\miniconda3\Lib\asyncio\proactor_events.py", line 165, in _call_connection_lost
    self._sock.shutdown(socket.SHUT_RDWR)
ConnectionResetError: [WinError 10054] Istniejące połączenie zostało gwałtownie zamknięte przez zdalnego hosta
2026-04-13 19:03:54 | Process-5 | ERROR | asyncio | Exception in callback _ProactorBasePipeTransport._call_connection_lost(None)
handle: <Handle _ProactorBasePipeTransport._call_connection_lost(None)>
Traceback (most recent call last):
  File "C:\Users\Hyperbook\miniconda3\Lib\asyncio\events.py", line 88, in _run
    self._context.run(self._callback, *self._args)
  File "C:\Users\Hyperbook\miniconda3\Lib\asyncio\proactor_events.py", line 165, in _call_connection_lost
    self._sock.shutdown(socket.SHUT_RDWR)
ConnectionResetError: [WinError 10054] Istniejące połączenie zostało gwałtownie zamknięte przez zdalnego hosta
2026-04-13 19:03:54 | Process-5 | ERROR | asyncio | Exception in callback _ProactorBasePipeTransport._call_connection_lost(None)
handle: <Handle _ProactorBasePipeTransport._call_connection_lost(None)>
Traceback (most recent call last):
  File "C:\Users\Hyperbook\miniconda3\Lib\asyncio\events.py", line 88, in _run
    self._context.run(self._callback, *self._args)
  File "C:\Users\Hyperbook\miniconda3\Lib\asyncio\proactor_events.py", line 165, in _call_connection_lost
    self._sock.shutdown(socket.SHUT_RDWR)
ConnectionResetError: [WinError 10054] Istniejące połączenie zostało gwałtownie zamknięte przez zdalnego hosta
2026-04-13 19:03:54 | Process-5 | ERROR | asyncio | Exception in callback _ProactorBasePipeTransport._call_connection_lost(None)
handle: <Handle _ProactorBasePipeTransport._call_connection_lost(None)>
Traceback (most recent call last):
  File "C:\Users\Hyperbook\miniconda3\Lib\asyncio\events.py", line 88, in _run
    self._context.run(self._callback, *self._args)
  File "C:\Users\Hyperbook\miniconda3\Lib\asyncio\proactor_events.py", line 165, in _call_connection_lost
    self._sock.shutdown(socket.SHUT_RDWR)
ConnectionResetError: [WinError 10054] Istniejące połączenie zostało gwałtownie zamknięte przez zdalnego hosta
2026-04-13 19:03:57 | Process-5 | ERROR | asyncio | Exception in callback _ProactorBasePipeTransport._call_connection_lost(None)
handle: <Handle _ProactorBasePipeTransport._call_connection_lost(None)>
Traceback (most recent call last):
  File "C:\Users\Hyperbook\miniconda3\Lib\asyncio\events.py", line 88, in _run
    self._context.run(self._callback, *self._args)
  File "C:\Users\Hyperbook\miniconda3\Lib\asyncio\proactor_events.py", line 165, in _call_connection_lost
    self._sock.shutdown(socket.SHUT_RDWR)
ConnectionResetError: [WinError 10054] Istniejące połączenie zostało gwałtownie zamknięte przez zdalnego hosta
2026-04-13 19:04:01 | Process-5 | ERROR | asyncio | Exception in callback _ProactorBasePipeTransport._call_connection_lost(None)
handle: <Handle _ProactorBasePipeTransport._call_connection_lost(None)>
Traceback (most recent call last):
  File "C:\Users\Hyperbook\miniconda3\Lib\asyncio\events.py", line 88, in _run
    self._context.run(self._callback, *self._args)
  File "C:\Users\Hyperbook\miniconda3\Lib\asyncio\proactor_events.py", line 165, in _call_connection_lost
    self._sock.shutdown(socket.SHUT_RDWR)
ConnectionResetError: [WinError 10054] Istniejące połączenie zostało gwałtownie zamknięte przez zdalnego hosta
2026-04-13 19:04:03 | Process-5 | ERROR | asyncio | Exception in callback _ProactorBasePipeTransport._call_connection_lost(None)
handle: <Handle _ProactorBasePipeTransport._call_connection_lost(None)>
Traceback (most recent call last):
  File "C:\Users\Hyperbook\miniconda3\Lib\asyncio\events.py", line 88, in _run
    self._context.run(self._callback, *self._args)
  File "C:\Users\Hyperbook\miniconda3\Lib\asyncio\proactor_events.py", line 165, in _call_connection_lost
    self._sock.shutdown(socket.SHUT_RDWR)
ConnectionResetError: [WinError 10054] Istniejące połączenie zostało gwałtownie zamknięte przez zdalnego hosta
2026-04-13 19:04:08 | Process-5 | ERROR | asyncio | Exception in callback _ProactorBasePipeTransport._call_connection_lost(None)
handle: <Handle _ProactorBasePipeTransport._call_connection_lost(None)>
Traceback (most recent call last):
  File "C:\Users\Hyperbook\miniconda3\Lib\asyncio\events.py", line 88, in _run
    self._context.run(self._callback, *self._args)
  File "C:\Users\Hyperbook\miniconda3\Lib\asyncio\proactor_events.py", line 165, in _call_connection_lost
    self._sock.shutdown(socket.SHUT_RDWR)
ConnectionResetError: [WinError 10054] Istniejące połączenie zostało gwałtownie zamknięte przez zdalnego hosta
2026-04-13 19:04:12 | Process-5 | ERROR | asyncio | Exception in callback _ProactorBasePipeTransport._call_connection_lost(None)
handle: <Handle _ProactorBasePipeTransport._call_connection_lost(None)>
Traceback (most recent call last):
  File "C:\Users\Hyperbook\miniconda3\Lib\asyncio\events.py", line 88, in _run
    self._context.run(self._callback, *self._args)
  File "C:\Users\Hyperbook\miniconda3\Lib\asyncio\proactor_events.py", line 165, in _call_connection_lost
    self._sock.shutdown(socket.SHUT_RDWR)
ConnectionResetError: [WinError 10054] Istniejące połączenie zostało gwałtownie zamknięte przez zdalnego hosta
2026-04-13 19:04:19 | Process-5 | ERROR | asyncio | Exception in callback _ProactorBasePipeTransport._call_connection_lost(None)
handle: <Handle _ProactorBasePipeTransport._call_connection_lost(None)>
Traceback (most recent call last):
  File "C:\Users\Hyperbook\miniconda3\Lib\asyncio\events.py", line 88, in _run
    self._context.run(self._callback, *self._args)
  File "C:\Users\Hyperbook\miniconda3\Lib\asyncio\proactor_events.py", line 165, in _call_connection_lost
    self._sock.shutdown(socket.SHUT_RDWR)
ConnectionResetError: [WinError 10054] Istniejące połączenie zostało gwałtownie zamknięte przez zdalnego hosta
2026-04-13 19:04:20 | Process-5 | ERROR | asyncio | Exception in callback _ProactorBasePipeTransport._call_connection_lost(None)
handle: <Handle _ProactorBasePipeTransport._call_connection_lost(None)>
Traceback (most recent call last):
  File "C:\Users\Hyperbook\miniconda3\Lib\asyncio\events.py", line 88, in _run
    self._context.run(self._callback, *self._args)
  File "C:\Users\Hyperbook\miniconda3\Lib\asyncio\proactor_events.py", line 165, in _call_connection_lost
    self._sock.shutdown(socket.SHUT_RDWR)
ConnectionResetError: [WinError 10054] Istniejące połączenie zostało gwałtownie zamknięte przez zdalnego hosta
2026-04-13 19:04:22 | Process-5 | ERROR | asyncio | Exception in callback _ProactorBasePipeTransport._call_connection_lost(None)
handle: <Handle _ProactorBasePipeTransport._call_connection_lost(None)>
Traceback (most recent call last):
  File "C:\Users\Hyperbook\miniconda3\Lib\asyncio\events.py", line 88, in _run
    self._context.run(self._callback, *self._args)
  File "C:\Users\Hyperbook\miniconda3\Lib\asyncio\proactor_events.py", line 165, in _call_connection_lost
    self._sock.shutdown(socket.SHUT_RDWR)
ConnectionResetError: [WinError 10054] Istniejące połączenie zostało gwałtownie zamknięte przez zdalnego hosta
2026-04-13 19:04:29 | Process-5 | ERROR | asyncio | Exception in callback _ProactorBasePipeTransport._call_connection_lost(None)
handle: <Handle _ProactorBasePipeTransport._call_connection_lost(None)>
Traceback (most recent call last):
  File "C:\Users\Hyperbook\miniconda3\Lib\asyncio\events.py", line 88, in _run
    self._context.run(self._callback, *self._args)
  File "C:\Users\Hyperbook\miniconda3\Lib\asyncio\proactor_events.py", line 165, in _call_connection_lost
    self._sock.shutdown(socket.SHUT_RDWR)
ConnectionResetError: [WinError 10054] Istniejące połączenie zostało gwałtownie zamknięte przez zdalnego hosta
2026-04-13 19:04:31 | Process-5 | ERROR | asyncio | Exception in callback _ProactorBasePipeTransport._call_connection_lost(None)
handle: <Handle _ProactorBasePipeTransport._call_connection_lost(None)>
Traceback (most recent call last):
  File "C:\Users\Hyperbook\miniconda3\Lib\asyncio\events.py", line 88, in _run
    self._context.run(self._callback, *self._args)
  File "C:\Users\Hyperbook\miniconda3\Lib\asyncio\proactor_events.py", line 165, in _call_connection_lost
    self._sock.shutdown(socket.SHUT_RDWR)
ConnectionResetError: [WinError 10054] Istniejące połączenie zostało gwałtownie zamknięte przez zdalnego hosta
2026-04-13 19:04:33 | Process-5 | ERROR | asyncio | Exception in callback _ProactorBasePipeTransport._call_connection_lost(None)
handle: <Handle _ProactorBasePipeTransport._call_connection_lost(None)>
Traceback (most recent call last):
  File "C:\Users\Hyperbook\miniconda3\Lib\asyncio\events.py", line 88, in _run
    self._context.run(self._callback, *self._args)
  File "C:\Users\Hyperbook\miniconda3\Lib\asyncio\proactor_events.py", line 165, in _call_connection_lost
    self._sock.shutdown(socket.SHUT_RDWR)
ConnectionResetError: [WinError 10054] Istniejące połączenie zostało gwałtownie zamknięte przez zdalnego hosta
2026-04-13 19:04:33 | Process-5 | ERROR | asyncio | Exception in callback _ProactorBasePipeTransport._call_connection_lost(None)
handle: <Handle _ProactorBasePipeTransport._call_connection_lost(None)>
Traceback (most recent call last):
  File "C:\Users\Hyperbook\miniconda3\Lib\asyncio\events.py", line 88, in _run
    self._context.run(self._callback, *self._args)
  File "C:\Users\Hyperbook\miniconda3\Lib\asyncio\proactor_events.py", line 165, in _call_connection_lost
    self._sock.shutdown(socket.SHUT_RDWR)
ConnectionResetError: [WinError 10054] Istniejące połączenie zostało gwałtownie zamknięte przez zdalnego hosta
2026-04-13 19:04:35 | Process-5 | ERROR | asyncio | Exception in callback _ProactorBasePipeTransport._call_connection_lost(None)
handle: <Handle _ProactorBasePipeTransport._call_connection_lost(None)>
Traceback (most recent call last):
  File "C:\Users\Hyperbook\miniconda3\Lib\asyncio\events.py", line 88, in _run
    self._context.run(self._callback, *self._args)
  File "C:\Users\Hyperbook\miniconda3\Lib\asyncio\proactor_events.py", line 165, in _call_connection_lost
    self._sock.shutdown(socket.SHUT_RDWR)
ConnectionResetError: [WinError 10054] Istniejące połączenie zostało gwałtownie zamknięte przez zdalnego hosta
2026-04-13 19:04:36 | Process-5 | ERROR | asyncio | Exception in callback _ProactorBasePipeTransport._call_connection_lost(None)
handle: <Handle _ProactorBasePipeTransport._call_connection_lost(None)>
Traceback (most recent call last):
  File "C:\Users\Hyperbook\miniconda3\Lib\asyncio\events.py", line 88, in _run
    self._context.run(self._callback, *self._args)
  File "C:\Users\Hyperbook\miniconda3\Lib\asyncio\proactor_events.py", line 165, in _call_connection_lost
    self._sock.shutdown(socket.SHUT_RDWR)
ConnectionResetError: [WinError 10054] Istniejące połączenie zostało gwałtownie zamknięte przez zdalnego hosta
2026-04-13 19:04:37 | Process-5 | ERROR | asyncio | Exception in callback _ProactorBasePipeTransport._call_connection_lost(None)
handle: <Handle _ProactorBasePipeTransport._call_connection_lost(None)>
Traceback (most recent call last):
  File "C:\Users\Hyperbook\miniconda3\Lib\asyncio\events.py", line 88, in _run
    self._context.run(self._callback, *self._args)
  File "C:\Users\Hyperbook\miniconda3\Lib\asyncio\proactor_events.py", line 165, in _call_connection_lost
    self._sock.shutdown(socket.SHUT_RDWR)
ConnectionResetError: [WinError 10054] Istniejące połączenie zostało gwałtownie zamknięte przez zdalnego hosta
2026-04-13 19:04:41 | Process-5 | ERROR | asyncio | Exception in callback _ProactorBasePipeTransport._call_connection_lost(None)
handle: <Handle _ProactorBasePipeTransport._call_connection_lost(None)>
Traceback (most recent call last):
  File "C:\Users\Hyperbook\miniconda3\Lib\asyncio\events.py", line 88, in _run
    self._context.run(self._callback, *self._args)
  File "C:\Users\Hyperbook\miniconda3\Lib\asyncio\proactor_events.py", line 165, in _call_connection_lost
    self._sock.shutdown(socket.SHUT_RDWR)
ConnectionResetError: [WinError 10054] Istniejące połączenie zostało gwałtownie zamknięte przez zdalnego hosta
2026-04-13 19:04:43 | Process-5 | ERROR | asyncio | Exception in callback _ProactorBasePipeTransport._call_connection_lost(None)
handle: <Handle _ProactorBasePipeTransport._call_connection_lost(None)>
Traceback (most recent call last):
  File "C:\Users\Hyperbook\miniconda3\Lib\asyncio\events.py", line 88, in _run
    self._context.run(self._callback, *self._args)
  File "C:\Users\Hyperbook\miniconda3\Lib\asyncio\proactor_events.py", line 165, in _call_connection_lost
    self._sock.shutdown(socket.SHUT_RDWR)
ConnectionResetError: [WinError 10054] Istniejące połączenie zostało gwałtownie zamknięte przez zdalnego hosta
2026-04-13 19:04:46 | Process-5 | ERROR | asyncio | Exception in callback _ProactorBasePipeTransport._call_connection_lost(None)
handle: <Handle _ProactorBasePipeTransport._call_connection_lost(None)>
Traceback (most recent call last):
  File "C:\Users\Hyperbook\miniconda3\Lib\asyncio\events.py", line 88, in _run
    self._context.run(self._callback, *self._args)
  File "C:\Users\Hyperbook\miniconda3\Lib\asyncio\proactor_events.py", line 165, in _call_connection_lost
    self._sock.shutdown(socket.SHUT_RDWR)
ConnectionResetError: [WinError 10054] Istniejące połączenie zostało gwałtownie zamknięte przez zdalnego hosta
2026-04-13 19:04:46 | Process-5 | ERROR | asyncio | Exception in callback _ProactorBasePipeTransport._call_connection_lost(None)
handle: <Handle _ProactorBasePipeTransport._call_connection_lost(None)>
Traceback (most recent call last):
  File "C:\Users\Hyperbook\miniconda3\Lib\asyncio\events.py", line 88, in _run
    self._context.run(self._callback, *self._args)
  File "C:\Users\Hyperbook\miniconda3\Lib\asyncio\proactor_events.py", line 165, in _call_connection_lost
    self._sock.shutdown(socket.SHUT_RDWR)
ConnectionResetError: [WinError 10054] Istniejące połączenie zostało gwałtownie zamknięte przez zdalnego hosta
2026-04-13 19:04:47 | Process-5 | ERROR | asyncio | Exception in callback _ProactorBasePipeTransport._call_connection_lost(None)
handle: <Handle _ProactorBasePipeTransport._call_connection_lost(None)>
Traceback (most recent call last):
  File "C:\Users\Hyperbook\miniconda3\Lib\asyncio\events.py", line 88, in _run
    self._context.run(self._callback, *self._args)
  File "C:\Users\Hyperbook\miniconda3\Lib\asyncio\proactor_events.py", line 165, in _call_connection_lost
    self._sock.shutdown(socket.SHUT_RDWR)
ConnectionResetError: [WinError 10054] Istniejące połączenie zostało gwałtownie zamknięte przez zdalnego hosta
2026-04-13 19:04:48 | Process-5 | ERROR | asyncio | Exception in callback _ProactorBasePipeTransport._call_connection_lost(None)
handle: <Handle _ProactorBasePipeTransport._call_connection_lost(None)>
Traceback (most recent call last):
  File "C:\Users\Hyperbook\miniconda3\Lib\asyncio\events.py", line 88, in _run
    self._context.run(self._callback, *self._args)
  File "C:\Users\Hyperbook\miniconda3\Lib\asyncio\proactor_events.py", line 165, in _call_connection_lost
    self._sock.shutdown(socket.SHUT_RDWR)
ConnectionResetError: [WinError 10054] Istniejące połączenie zostało gwałtownie zamknięte przez zdalnego hosta
2026-04-13 19:04:50 | Process-5 | ERROR | asyncio | Exception in callback _ProactorBasePipeTransport._call_connection_lost(None)
handle: <Handle _ProactorBasePipeTransport._call_connection_lost(None)>
Traceback (most recent call last):
  File "C:\Users\Hyperbook\miniconda3\Lib\asyncio\events.py", line 88, in _run
    self._context.run(self._callback, *self._args)
  File "C:\Users\Hyperbook\miniconda3\Lib\asyncio\proactor_events.py", line 165, in _call_connection_lost
    self._sock.shutdown(socket.SHUT_RDWR)
ConnectionResetError: [WinError 10054] Istniejące połączenie zostało gwałtownie zamknięte przez zdalnego hosta
2026-04-13 19:04:55 | Process-5 | ERROR | asyncio | Exception in callback _ProactorBasePipeTransport._call_connection_lost(None)
handle: <Handle _ProactorBasePipeTransport._call_connection_lost(None)>
Traceback (most recent call last):
  File "C:\Users\Hyperbook\miniconda3\Lib\asyncio\events.py", line 88, in _run
    self._context.run(self._callback, *self._args)
  File "C:\Users\Hyperbook\miniconda3\Lib\asyncio\proactor_events.py", line 165, in _call_connection_lost
    self._sock.shutdown(socket.SHUT_RDWR)
ConnectionResetError: [WinError 10054] Istniejące połączenie zostało gwałtownie zamknięte przez zdalnego hosta
2026-04-13 19:05:01 | Process-5 | ERROR | asyncio | Exception in callback _ProactorBasePipeTransport._call_connection_lost(None)
handle: <Handle _ProactorBasePipeTransport._call_connection_lost(None)>
Traceback (most recent call last):
  File "C:\Users\Hyperbook\miniconda3\Lib\asyncio\events.py", line 88, in _run
    self._context.run(self._callback, *self._args)
  File "C:\Users\Hyperbook\miniconda3\Lib\asyncio\proactor_events.py", line 165, in _call_connection_lost
    self._sock.shutdown(socket.SHUT_RDWR)
ConnectionResetError: [WinError 10054] Istniejące połączenie zostało gwałtownie zamknięte przez zdalnego hosta
2026-04-13 19:05:02 | Process-5 | ERROR | asyncio | Exception in callback _ProactorBasePipeTransport._call_connection_lost(None)
handle: <Handle _ProactorBasePipeTransport._call_connection_lost(None)>
Traceback (most recent call last):
  File "C:\Users\Hyperbook\miniconda3\Lib\asyncio\events.py", line 88, in _run
    self._context.run(self._callback, *self._args)
  File "C:\Users\Hyperbook\miniconda3\Lib\asyncio\proactor_events.py", line 165, in _call_connection_lost
    self._sock.shutdown(socket.SHUT_RDWR)
ConnectionResetError: [WinError 10054] Istniejące połączenie zostało gwałtownie zamknięte przez zdalnego hosta
2026-04-13 19:05:03 | Process-5 | ERROR | asyncio | Exception in callback _ProactorBasePipeTransport._call_connection_lost(None)
handle: <Handle _ProactorBasePipeTransport._call_connection_lost(None)>
Traceback (most recent call last):
  File "C:\Users\Hyperbook\miniconda3\Lib\asyncio\events.py", line 88, in _run
    self._context.run(self._callback, *self._args)
  File "C:\Users\Hyperbook\miniconda3\Lib\asyncio\proactor_events.py", line 165, in _call_connection_lost
    self._sock.shutdown(socket.SHUT_RDWR)
ConnectionResetError: [WinError 10054] Istniejące połączenie zostało gwałtownie zamknięte przez zdalnego hosta
2026-04-13 19:05:04 | Process-5 | ERROR | asyncio | Exception in callback _ProactorBasePipeTransport._call_connection_lost(None)
handle: <Handle _ProactorBasePipeTransport._call_connection_lost(None)>
Traceback (most recent call last):
  File "C:\Users\Hyperbook\miniconda3\Lib\asyncio\events.py", line 88, in _run
    self._context.run(self._callback, *self._args)
  File "C:\Users\Hyperbook\miniconda3\Lib\asyncio\proactor_events.py", line 165, in _call_connection_lost
    self._sock.shutdown(socket.SHUT_RDWR)
ConnectionResetError: [WinError 10054] Istniejące połączenie zostało gwałtownie zamknięte przez zdalnego hosta
2026-04-13 19:05:06 | Process-5 | ERROR | asyncio | Exception in callback _ProactorBasePipeTransport._call_connection_lost(None)
handle: <Handle _ProactorBasePipeTransport._call_connection_lost(None)>
Traceback (most recent call last):
  File "C:\Users\Hyperbook\miniconda3\Lib\asyncio\events.py", line 88, in _run
    self._context.run(self._callback, *self._args)
  File "C:\Users\Hyperbook\miniconda3\Lib\asyncio\proactor_events.py", line 165, in _call_connection_lost
    self._sock.shutdown(socket.SHUT_RDWR)
ConnectionResetError: [WinError 10054] Istniejące połączenie zostało gwałtownie zamknięte przez zdalnego hosta
2026-04-13 19:05:10 | Process-5 | ERROR | asyncio | Exception in callback _ProactorBasePipeTransport._call_connection_lost(None)
handle: <Handle _ProactorBasePipeTransport._call_connection_lost(None)>
Traceback (most recent call last):
  File "C:\Users\Hyperbook\miniconda3\Lib\asyncio\events.py", line 88, in _run
    self._context.run(self._callback, *self._args)
  File "C:\Users\Hyperbook\miniconda3\Lib\asyncio\proactor_events.py", line 165, in _call_connection_lost
    self._sock.shutdown(socket.SHUT_RDWR)
ConnectionResetError: [WinError 10054] Istniejące połączenie zostało gwałtownie zamknięte przez zdalnego hosta
2026-04-13 19:05:10 | Process-5 | ERROR | asyncio | Exception in callback _ProactorBasePipeTransport._call_connection_lost(None)
handle: <Handle _ProactorBasePipeTransport._call_connection_lost(None)>
Traceback (most recent call last):
  File "C:\Users\Hyperbook\miniconda3\Lib\asyncio\events.py", line 88, in _run
    self._context.run(self._callback, *self._args)
  File "C:\Users\Hyperbook\miniconda3\Lib\asyncio\proactor_events.py", line 165, in _call_connection_lost
    self._sock.shutdown(socket.SHUT_RDWR)
ConnectionResetError: [WinError 10054] Istniejące połączenie zostało gwałtownie zamknięte przez zdalnego hosta
2026-04-13 19:05:10 | Process-5 | ERROR | asyncio | Exception in callback _ProactorBasePipeTransport._call_connection_lost(None)
handle: <Handle _ProactorBasePipeTransport._call_connection_lost(None)>
Traceback (most recent call last):
  File "C:\Users\Hyperbook\miniconda3\Lib\asyncio\events.py", line 88, in _run
    self._context.run(self._callback, *self._args)
  File "C:\Users\Hyperbook\miniconda3\Lib\asyncio\proactor_events.py", line 165, in _call_connection_lost
    self._sock.shutdown(socket.SHUT_RDWR)
ConnectionResetError: [WinError 10054] Istniejące połączenie zostało gwałtownie zamknięte przez zdalnego hosta
2026-04-13 19:05:11 | Process-5 | ERROR | asyncio | Exception in callback _ProactorBasePipeTransport._call_connection_lost(None)
handle: <Handle _ProactorBasePipeTransport._call_connection_lost(None)>
Traceback (most recent call last):
  File "C:\Users\Hyperbook\miniconda3\Lib\asyncio\events.py", line 88, in _run
    self._context.run(self._callback, *self._args)
  File "C:\Users\Hyperbook\miniconda3\Lib\asyncio\proactor_events.py", line 165, in _call_connection_lost
    self._sock.shutdown(socket.SHUT_RDWR)
ConnectionResetError: [WinError 10054] Istniejące połączenie zostało gwałtownie zamknięte przez zdalnego hosta
2026-04-13 19:05:15 | Process-5 | ERROR | asyncio | Exception in callback _ProactorBasePipeTransport._call_connection_lost(None)
handle: <Handle _ProactorBasePipeTransport._call_connection_lost(None)>
Traceback (most recent call last):
  File "C:\Users\Hyperbook\miniconda3\Lib\asyncio\events.py", line 88, in _run
    self._context.run(self._callback, *self._args)
  File "C:\Users\Hyperbook\miniconda3\Lib\asyncio\proactor_events.py", line 165, in _call_connection_lost
    self._sock.shutdown(socket.SHUT_RDWR)
ConnectionResetError: [WinError 10054] Istniejące połączenie zostało gwałtownie zamknięte przez zdalnego hosta
2026-04-13 19:05:18 | Process-5 | ERROR | asyncio | Exception in callback _ProactorBasePipeTransport._call_connection_lost(None)
handle: <Handle _ProactorBasePipeTransport._call_connection_lost(None)>
Traceback (most recent call last):
  File "C:\Users\Hyperbook\miniconda3\Lib\asyncio\events.py", line 88, in _run
    self._context.run(self._callback, *self._args)
  File "C:\Users\Hyperbook\miniconda3\Lib\asyncio\proactor_events.py", line 165, in _call_connection_lost
    self._sock.shutdown(socket.SHUT_RDWR)
ConnectionResetError: [WinError 10054] Istniejące połączenie zostało gwałtownie zamknięte przez zdalnego hosta
2026-04-13 19:05:19 | Process-5 | ERROR | asyncio | Exception in callback _ProactorBasePipeTransport._call_connection_lost(None)
handle: <Handle _ProactorBasePipeTransport._call_connection_lost(None)>
Traceback (most recent call last):
  File "C:\Users\Hyperbook\miniconda3\Lib\asyncio\events.py", line 88, in _run
    self._context.run(self._callback, *self._args)
  File "C:\Users\Hyperbook\miniconda3\Lib\asyncio\proactor_events.py", line 165, in _call_connection_lost
    self._sock.shutdown(socket.SHUT_RDWR)
ConnectionResetError: [WinError 10054] Istniejące połączenie zostało gwałtownie zamknięte przez zdalnego hosta
2026-04-13 19:05:19 | Process-5 | ERROR | asyncio | Exception in callback _ProactorBasePipeTransport._call_connection_lost(None)
handle: <Handle _ProactorBasePipeTransport._call_connection_lost(None)>
Traceback (most recent call last):
  File "C:\Users\Hyperbook\miniconda3\Lib\asyncio\events.py", line 88, in _run
    self._context.run(self._callback, *self._args)
  File "C:\Users\Hyperbook\miniconda3\Lib\asyncio\proactor_events.py", line 165, in _call_connection_lost
    self._sock.shutdown(socket.SHUT_RDWR)
ConnectionResetError: [WinError 10054] Istniejące połączenie zostało gwałtownie zamknięte przez zdalnego hosta
2026-04-13 19:05:20 | Process-5 | ERROR | asyncio | Exception in callback _ProactorBasePipeTransport._call_connection_lost(None)
handle: <Handle _ProactorBasePipeTransport._call_connection_lost(None)>
Traceback (most recent call last):
  File "C:\Users\Hyperbook\miniconda3\Lib\asyncio\events.py", line 88, in _run
    self._context.run(self._callback, *self._args)
  File "C:\Users\Hyperbook\miniconda3\Lib\asyncio\proactor_events.py", line 165, in _call_connection_lost
    self._sock.shutdown(socket.SHUT_RDWR)
ConnectionResetError: [WinError 10054] Istniejące połączenie zostało gwałtownie zamknięte przez zdalnego hosta
2026-04-13 19:05:23 | Process-5 | ERROR | asyncio | Exception in callback _ProactorBasePipeTransport._call_connection_lost(None)
handle: <Handle _ProactorBasePipeTransport._call_connection_lost(None)>
Traceback (most recent call last):
  File "C:\Users\Hyperbook\miniconda3\Lib\asyncio\events.py", line 88, in _run
    self._context.run(self._callback, *self._args)
  File "C:\Users\Hyperbook\miniconda3\Lib\asyncio\proactor_events.py", line 165, in _call_connection_lost
    self._sock.shutdown(socket.SHUT_RDWR)
ConnectionResetError: [WinError 10054] Istniejące połączenie zostało gwałtownie zamknięte przez zdalnego hosta
2026-04-13 19:05:30 | Process-5 | ERROR | asyncio | Exception in callback _ProactorBasePipeTransport._call_connection_lost(None)
handle: <Handle _ProactorBasePipeTransport._call_connection_lost(None)>
Traceback (most recent call last):
  File "C:\Users\Hyperbook\miniconda3\Lib\asyncio\events.py", line 88, in _run
    self._context.run(self._callback, *self._args)
  File "C:\Users\Hyperbook\miniconda3\Lib\asyncio\proactor_events.py", line 165, in _call_connection_lost
    self._sock.shutdown(socket.SHUT_RDWR)
ConnectionResetError: [WinError 10054] Istniejące połączenie zostało gwałtownie zamknięte przez zdalnego hosta
2026-04-13 19:05:33 | Process-5 | ERROR | asyncio | Exception in callback _ProactorBasePipeTransport._call_connection_lost(None)
handle: <Handle _ProactorBasePipeTransport._call_connection_lost(None)>
Traceback (most recent call last):
  File "C:\Users\Hyperbook\miniconda3\Lib\asyncio\events.py", line 88, in _run
    self._context.run(self._callback, *self._args)
  File "C:\Users\Hyperbook\miniconda3\Lib\asyncio\proactor_events.py", line 165, in _call_connection_lost
    self._sock.shutdown(socket.SHUT_RDWR)
ConnectionResetError: [WinError 10054] Istniejące połączenie zostało gwałtownie zamknięte przez zdalnego hosta
2026-04-13 19:05:33 | Process-5 | ERROR | asyncio | Exception in callback _ProactorBasePipeTransport._call_connection_lost(None)
handle: <Handle _ProactorBasePipeTransport._call_connection_lost(None)>
Traceback (most recent call last):
  File "C:\Users\Hyperbook\miniconda3\Lib\asyncio\events.py", line 88, in _run
    self._context.run(self._callback, *self._args)
  File "C:\Users\Hyperbook\miniconda3\Lib\asyncio\proactor_events.py", line 165, in _call_connection_lost
    self._sock.shutdown(socket.SHUT_RDWR)
ConnectionResetError: [WinError 10054] Istniejące połączenie zostało gwałtownie zamknięte przez zdalnego hosta
2026-04-13 19:05:39 | Process-5 | ERROR | asyncio | Exception in callback _ProactorBasePipeTransport._call_connection_lost(None)
handle: <Handle _ProactorBasePipeTransport._call_connection_lost(None)>
Traceback (most recent call last):
  File "C:\Users\Hyperbook\miniconda3\Lib\asyncio\events.py", line 88, in _run
    self._context.run(self._callback, *self._args)
  File "C:\Users\Hyperbook\miniconda3\Lib\asyncio\proactor_events.py", line 165, in _call_connection_lost
    self._sock.shutdown(socket.SHUT_RDWR)
ConnectionResetError: [WinError 10054] Istniejące połączenie zostało gwałtownie zamknięte przez zdalnego hosta
2026-04-13 19:05:42 | Process-5 | ERROR | asyncio | Exception in callback _ProactorBasePipeTransport._call_connection_lost(None)
handle: <Handle _ProactorBasePipeTransport._call_connection_lost(None)>
Traceback (most recent call last):
  File "C:\Users\Hyperbook\miniconda3\Lib\asyncio\events.py", line 88, in _run
    self._context.run(self._callback, *self._args)
  File "C:\Users\Hyperbook\miniconda3\Lib\asyncio\proactor_events.py", line 165, in _call_connection_lost
    self._sock.shutdown(socket.SHUT_RDWR)
ConnectionResetError: [WinError 10054] Istniejące połączenie zostało gwałtownie zamknięte przez zdalnego hosta
2026-04-13 19:05:46 | Process-5 | ERROR | asyncio | Exception in callback _ProactorBasePipeTransport._call_connection_lost(None)
handle: <Handle _ProactorBasePipeTransport._call_connection_lost(None)>
Traceback (most recent call last):
  File "C:\Users\Hyperbook\miniconda3\Lib\asyncio\events.py", line 88, in _run
    self._context.run(self._callback, *self._args)
  File "C:\Users\Hyperbook\miniconda3\Lib\asyncio\proactor_events.py", line 165, in _call_connection_lost
    self._sock.shutdown(socket.SHUT_RDWR)
ConnectionResetError: [WinError 10054] Istniejące połączenie zostało gwałtownie zamknięte przez zdalnego hosta
2026-04-13 19:05:46 | Process-5 | ERROR | asyncio | Exception in callback _ProactorBasePipeTransport._call_connection_lost(None)
handle: <Handle _ProactorBasePipeTransport._call_connection_lost(None)>
Traceback (most recent call last):
  File "C:\Users\Hyperbook\miniconda3\Lib\asyncio\events.py", line 88, in _run
    self._context.run(self._callback, *self._args)
  File "C:\Users\Hyperbook\miniconda3\Lib\asyncio\proactor_events.py", line 165, in _call_connection_lost
    self._sock.shutdown(socket.SHUT_RDWR)
ConnectionResetError: [WinError 10054] Istniejące połączenie zostało gwałtownie zamknięte przez zdalnego hosta
2026-04-13 19:05:47 | Process-5 | ERROR | asyncio | Exception in callback _ProactorBasePipeTransport._call_connection_lost(None)
handle: <Handle _ProactorBasePipeTransport._call_connection_lost(None)>
Traceback (most recent call last):
  File "C:\Users\Hyperbook\miniconda3\Lib\asyncio\events.py", line 88, in _run
    self._context.run(self._callback, *self._args)
  File "C:\Users\Hyperbook\miniconda3\Lib\asyncio\proactor_events.py", line 165, in _call_connection_lost
    self._sock.shutdown(socket.SHUT_RDWR)
ConnectionResetError: [WinError 10054] Istniejące połączenie zostało gwałtownie zamknięte przez zdalnego hosta
2026-04-13 19:05:47 | Process-5 | ERROR | asyncio | Exception in callback _ProactorBasePipeTransport._call_connection_lost(None)
handle: <Handle _ProactorBasePipeTransport._call_connection_lost(None)>
Traceback (most recent call last):
  File "C:\Users\Hyperbook\miniconda3\Lib\asyncio\events.py", line 88, in _run
    self._context.run(self._callback, *self._args)
  File "C:\Users\Hyperbook\miniconda3\Lib\asyncio\proactor_events.py", line 165, in _call_connection_lost
    self._sock.shutdown(socket.SHUT_RDWR)
ConnectionResetError: [WinError 10054] Istniejące połączenie zostało gwałtownie zamknięte przez zdalnego hosta
2026-04-13 19:05:49 | Process-5 | ERROR | asyncio | Exception in callback _ProactorBasePipeTransport._call_connection_lost(None)
handle: <Handle _ProactorBasePipeTransport._call_connection_lost(None)>
Traceback (most recent call last):
  File "C:\Users\Hyperbook\miniconda3\Lib\asyncio\events.py", line 88, in _run
    self._context.run(self._callback, *self._args)
  File "C:\Users\Hyperbook\miniconda3\Lib\asyncio\proactor_events.py", line 165, in _call_connection_lost
    self._sock.shutdown(socket.SHUT_RDWR)
ConnectionResetError: [WinError 10054] Istniejące połączenie zostało gwałtownie zamknięte przez zdalnego hosta
2026-04-13 19:05:49 | Process-5 | ERROR | asyncio | Exception in callback _ProactorBasePipeTransport._call_connection_lost(None)
handle: <Handle _ProactorBasePipeTransport._call_connection_lost(None)>
Traceback (most recent call last):
  File "C:\Users\Hyperbook\miniconda3\Lib\asyncio\events.py", line 88, in _run
    self._context.run(self._callback, *self._args)
  File "C:\Users\Hyperbook\miniconda3\Lib\asyncio\proactor_events.py", line 165, in _call_connection_lost
    self._sock.shutdown(socket.SHUT_RDWR)
ConnectionResetError: [WinError 10054] Istniejące połączenie zostało gwałtownie zamknięte przez zdalnego hosta
2026-04-13 19:05:50 | Process-5 | ERROR | asyncio | Exception in callback _ProactorBasePipeTransport._call_connection_lost(None)
handle: <Handle _ProactorBasePipeTransport._call_connection_lost(None)>
Traceback (most recent call last):
  File "C:\Users\Hyperbook\miniconda3\Lib\asyncio\events.py", line 88, in _run
    self._context.run(self._callback, *self._args)
  File "C:\Users\Hyperbook\miniconda3\Lib\asyncio\proactor_events.py", line 165, in _call_connection_lost
    self._sock.shutdown(socket.SHUT_RDWR)
ConnectionResetError: [WinError 10054] Istniejące połączenie zostało gwałtownie zamknięte przez zdalnego hosta
2026-04-13 19:05:50 | Process-5 | ERROR | asyncio | Exception in callback _ProactorBasePipeTransport._call_connection_lost(None)
handle: <Handle _ProactorBasePipeTransport._call_connection_lost(None)>
Traceback (most recent call last):
  File "C:\Users\Hyperbook\miniconda3\Lib\asyncio\events.py", line 88, in _run
    self._context.run(self._callback, *self._args)
  File "C:\Users\Hyperbook\miniconda3\Lib\asyncio\proactor_events.py", line 165, in _call_connection_lost
    self._sock.shutdown(socket.SHUT_RDWR)
ConnectionResetError: [WinError 10054] Istniejące połączenie zostało gwałtownie zamknięte przez zdalnego hosta
2026-04-13 19:05:53 | Process-5 | ERROR | asyncio | Exception in callback _ProactorBasePipeTransport._call_connection_lost(None)
handle: <Handle _ProactorBasePipeTransport._call_connection_lost(None)>
Traceback (most recent call last):
  File "C:\Users\Hyperbook\miniconda3\Lib\asyncio\events.py", line 88, in _run
    self._context.run(self._callback, *self._args)
  File "C:\Users\Hyperbook\miniconda3\Lib\asyncio\proactor_events.py", line 165, in _call_connection_lost
    self._sock.shutdown(socket.SHUT_RDWR)
ConnectionResetError: [WinError 10054] Istniejące połączenie zostało gwałtownie zamknięte przez zdalnego hosta
2026-04-13 19:05:53 | Process-5 | ERROR | asyncio | Exception in callback _ProactorBasePipeTransport._call_connection_lost(None)
handle: <Handle _ProactorBasePipeTransport._call_connection_lost(None)>
Traceback (most recent call last):
  File "C:\Users\Hyperbook\miniconda3\Lib\asyncio\events.py", line 88, in _run
    self._context.run(self._callback, *self._args)
  File "C:\Users\Hyperbook\miniconda3\Lib\asyncio\proactor_events.py", line 165, in _call_connection_lost
    self._sock.shutdown(socket.SHUT_RDWR)
ConnectionResetError: [WinError 10054] Istniejące połączenie zostało gwałtownie zamknięte przez zdalnego hosta
2026-04-13 19:05:54 | Process-5 | ERROR | asyncio | Exception in callback _ProactorBasePipeTransport._call_connection_lost(None)
handle: <Handle _ProactorBasePipeTransport._call_connection_lost(None)>
Traceback (most recent call last):
  File "C:\Users\Hyperbook\miniconda3\Lib\asyncio\events.py", line 88, in _run
    self._context.run(self._callback, *self._args)
  File "C:\Users\Hyperbook\miniconda3\Lib\asyncio\proactor_events.py", line 165, in _call_connection_lost
    self._sock.shutdown(socket.SHUT_RDWR)
ConnectionResetError: [WinError 10054] Istniejące połączenie zostało gwałtownie zamknięte przez zdalnego hosta
2026-04-13 19:05:54 | Process-5 | ERROR | asyncio | Exception in callback _ProactorBasePipeTransport._call_connection_lost(None)
handle: <Handle _ProactorBasePipeTransport._call_connection_lost(None)>
Traceback (most recent call last):
  File "C:\Users\Hyperbook\miniconda3\Lib\asyncio\events.py", line 88, in _run
    self._context.run(self._callback, *self._args)
  File "C:\Users\Hyperbook\miniconda3\Lib\asyncio\proactor_events.py", line 165, in _call_connection_lost
    self._sock.shutdown(socket.SHUT_RDWR)
ConnectionResetError: [WinError 10054] Istniejące połączenie zostało gwałtownie zamknięte przez zdalnego hosta
2026-04-13 19:05:55 | Process-5 | ERROR | asyncio | Exception in callback _ProactorBasePipeTransport._call_connection_lost(None)
handle: <Handle _ProactorBasePipeTransport._call_connection_lost(None)>
Traceback (most recent call last):
  File "C:\Users\Hyperbook\miniconda3\Lib\asyncio\events.py", line 88, in _run
    self._context.run(self._callback, *self._args)
  File "C:\Users\Hyperbook\miniconda3\Lib\asyncio\proactor_events.py", line 165, in _call_connection_lost
    self._sock.shutdown(socket.SHUT_RDWR)
ConnectionResetError: [WinError 10054] Istniejące połączenie zostało gwałtownie zamknięte przez zdalnego hosta
2026-04-13 19:05:55 | Process-5 | ERROR | asyncio | Exception in callback _ProactorBasePipeTransport._call_connection_lost(None)
handle: <Handle _ProactorBasePipeTransport._call_connection_lost(None)>
Traceback (most recent call last):
  File "C:\Users\Hyperbook\miniconda3\Lib\asyncio\events.py", line 88, in _run
    self._context.run(self._callback, *self._args)
  File "C:\Users\Hyperbook\miniconda3\Lib\asyncio\proactor_events.py", line 165, in _call_connection_lost
    self._sock.shutdown(socket.SHUT_RDWR)
ConnectionResetError: [WinError 10054] Istniejące połączenie zostało gwałtownie zamknięte przez zdalnego hosta
2026-04-13 19:05:56 | Process-5 | ERROR | asyncio | Exception in callback _ProactorBasePipeTransport._call_connection_lost(None)
handle: <Handle _ProactorBasePipeTransport._call_connection_lost(None)>
Traceback (most recent call last):
  File "C:\Users\Hyperbook\miniconda3\Lib\asyncio\events.py", line 88, in _run
    self._context.run(self._callback, *self._args)
  File "C:\Users\Hyperbook\miniconda3\Lib\asyncio\proactor_events.py", line 165, in _call_connection_lost
    self._sock.shutdown(socket.SHUT_RDWR)
ConnectionResetError: [WinError 10054] Istniejące połączenie zostało gwałtownie zamknięte przez zdalnego hosta
2026-04-13 19:05:58 | Process-5 | ERROR | asyncio | Exception in callback _ProactorBasePipeTransport._call_connection_lost(None)
handle: <Handle _ProactorBasePipeTransport._call_connection_lost(None)>
Traceback (most recent call last):
  File "C:\Users\Hyperbook\miniconda3\Lib\asyncio\events.py", line 88, in _run
    self._context.run(self._callback, *self._args)
  File "C:\Users\Hyperbook\miniconda3\Lib\asyncio\proactor_events.py", line 165, in _call_connection_lost
    self._sock.shutdown(socket.SHUT_RDWR)
ConnectionResetError: [WinError 10054] Istniejące połączenie zostało gwałtownie zamknięte przez zdalnego hosta
2026-04-13 19:06:01 | Process-5 | ERROR | asyncio | Exception in callback _ProactorBasePipeTransport._call_connection_lost(None)
handle: <Handle _ProactorBasePipeTransport._call_connection_lost(None)>
Traceback (most recent call last):
  File "C:\Users\Hyperbook\miniconda3\Lib\asyncio\events.py", line 88, in _run
    self._context.run(self._callback, *self._args)
  File "C:\Users\Hyperbook\miniconda3\Lib\asyncio\proactor_events.py", line 165, in _call_connection_lost
    self._sock.shutdown(socket.SHUT_RDWR)
ConnectionResetError: [WinError 10054] Istniejące połączenie zostało gwałtownie zamknięte przez zdalnego hosta
2026-04-13 19:06:02 | Process-5 | ERROR | asyncio | Exception in callback _ProactorBasePipeTransport._call_connection_lost(None)
handle: <Handle _ProactorBasePipeTransport._call_connection_lost(None)>
Traceback (most recent call last):
  File "C:\Users\Hyperbook\miniconda3\Lib\asyncio\events.py", line 88, in _run
    self._context.run(self._callback, *self._args)
  File "C:\Users\Hyperbook\miniconda3\Lib\asyncio\proactor_events.py", line 165, in _call_connection_lost
    self._sock.shutdown(socket.SHUT_RDWR)
ConnectionResetError: [WinError 10054] Istniejące połączenie zostało gwałtownie zamknięte przez zdalnego hosta
2026-04-13 19:06:03 | Process-5 | ERROR | asyncio | Exception in callback _ProactorBasePipeTransport._call_connection_lost(None)
handle: <Handle _ProactorBasePipeTransport._call_connection_lost(None)>
Traceback (most recent call last):
  File "C:\Users\Hyperbook\miniconda3\Lib\asyncio\events.py", line 88, in _run
    self._context.run(self._callback, *self._args)
  File "C:\Users\Hyperbook\miniconda3\Lib\asyncio\proactor_events.py", line 165, in _call_connection_lost
    self._sock.shutdown(socket.SHUT_RDWR)
ConnectionResetError: [WinError 10054] Istniejące połączenie zostało gwałtownie zamknięte przez zdalnego hosta
2026-04-13 19:06:03 | Process-5 | ERROR | asyncio | Exception in callback _ProactorBasePipeTransport._call_connection_lost(None)
handle: <Handle _ProactorBasePipeTransport._call_connection_lost(None)>
Traceback (most recent call last):
  File "C:\Users\Hyperbook\miniconda3\Lib\asyncio\events.py", line 88, in _run
    self._context.run(self._callback, *self._args)
  File "C:\Users\Hyperbook\miniconda3\Lib\asyncio\proactor_events.py", line 165, in _call_connection_lost
    self._sock.shutdown(socket.SHUT_RDWR)
ConnectionResetError: [WinError 10054] Istniejące połączenie zostało gwałtownie zamknięte przez zdalnego hosta
2026-04-13 19:06:08 | Process-5 | ERROR | asyncio | Exception in callback _ProactorBasePipeTransport._call_connection_lost(None)
handle: <Handle _ProactorBasePipeTransport._call_connection_lost(None)>
Traceback (most recent call last):
  File "C:\Users\Hyperbook\miniconda3\Lib\asyncio\events.py", line 88, in _run
    self._context.run(self._callback, *self._args)
  File "C:\Users\Hyperbook\miniconda3\Lib\asyncio\proactor_events.py", line 165, in _call_connection_lost
    self._sock.shutdown(socket.SHUT_RDWR)
ConnectionResetError: [WinError 10054] Istniejące połączenie zostało gwałtownie zamknięte przez zdalnego hosta
2026-04-13 19:06:09 | Process-5 | ERROR | asyncio | Exception in callback _ProactorBasePipeTransport._call_connection_lost(None)
handle: <Handle _ProactorBasePipeTransport._call_connection_lost(None)>
Traceback (most recent call last):
  File "C:\Users\Hyperbook\miniconda3\Lib\asyncio\events.py", line 88, in _run
    self._context.run(self._callback, *self._args)
  File "C:\Users\Hyperbook\miniconda3\Lib\asyncio\proactor_events.py", line 165, in _call_connection_lost
    self._sock.shutdown(socket.SHUT_RDWR)
ConnectionResetError: [WinError 10054] Istniejące połączenie zostało gwałtownie zamknięte przez zdalnego hosta
2026-04-13 19:06:09 | Process-5 | ERROR | asyncio | Exception in callback _ProactorBasePipeTransport._call_connection_lost(None)
handle: <Handle _ProactorBasePipeTransport._call_connection_lost(None)>
Traceback (most recent call last):
  File "C:\Users\Hyperbook\miniconda3\Lib\asyncio\events.py", line 88, in _run
    self._context.run(self._callback, *self._args)
  File "C:\Users\Hyperbook\miniconda3\Lib\asyncio\proactor_events.py", line 165, in _call_connection_lost
    self._sock.shutdown(socket.SHUT_RDWR)
ConnectionResetError: [WinError 10054] Istniejące połączenie zostało gwałtownie zamknięte przez zdalnego hosta
2026-04-13 19:06:12 | Process-5 | ERROR | asyncio | Exception in callback _ProactorBasePipeTransport._call_connection_lost(None)
handle: <Handle _ProactorBasePipeTransport._call_connection_lost(None)>
Traceback (most recent call last):
  File "C:\Users\Hyperbook\miniconda3\Lib\asyncio\events.py", line 88, in _run
    self._context.run(self._callback, *self._args)
  File "C:\Users\Hyperbook\miniconda3\Lib\asyncio\proactor_events.py", line 165, in _call_connection_lost
    self._sock.shutdown(socket.SHUT_RDWR)
ConnectionResetError: [WinError 10054] Istniejące połączenie zostało gwałtownie zamknięte przez zdalnego hosta
2026-04-13 19:06:12 | Process-5 | ERROR | asyncio | Exception in callback _ProactorBasePipeTransport._call_connection_lost(None)
handle: <Handle _ProactorBasePipeTransport._call_connection_lost(None)>
Traceback (most recent call last):
  File "C:\Users\Hyperbook\miniconda3\Lib\asyncio\events.py", line 88, in _run
    self._context.run(self._callback, *self._args)
  File "C:\Users\Hyperbook\miniconda3\Lib\asyncio\proactor_events.py", line 165, in _call_connection_lost
    self._sock.shutdown(socket.SHUT_RDWR)
ConnectionResetError: [WinError 10054] Istniejące połączenie zostało gwałtownie zamknięte przez zdalnego hosta
2026-04-13 19:06:13 | Process-5 | ERROR | asyncio | Exception in callback _ProactorBasePipeTransport._call_connection_lost(None)
handle: <Handle _ProactorBasePipeTransport._call_connection_lost(None)>
Traceback (most recent call last):
  File "C:\Users\Hyperbook\miniconda3\Lib\asyncio\events.py", line 88, in _run
    self._context.run(self._callback, *self._args)
  File "C:\Users\Hyperbook\miniconda3\Lib\asyncio\proactor_events.py", line 165, in _call_connection_lost
    self._sock.shutdown(socket.SHUT_RDWR)
ConnectionResetError: [WinError 10054] Istniejące połączenie zostało gwałtownie zamknięte przez zdalnego hosta
2026-04-13 19:06:14 | Process-5 | ERROR | asyncio | Exception in callback _ProactorBasePipeTransport._call_connection_lost(None)
handle: <Handle _ProactorBasePipeTransport._call_connection_lost(None)>
Traceback (most recent call last):
  File "C:\Users\Hyperbook\miniconda3\Lib\asyncio\events.py", line 88, in _run
    self._context.run(self._callback, *self._args)
  File "C:\Users\Hyperbook\miniconda3\Lib\asyncio\proactor_events.py", line 165, in _call_connection_lost
    self._sock.shutdown(socket.SHUT_RDWR)
ConnectionResetError: [WinError 10054] Istniejące połączenie zostało gwałtownie zamknięte przez zdalnego hosta
2026-04-13 19:06:19 | Process-5 | ERROR | asyncio | Exception in callback _ProactorBasePipeTransport._call_connection_lost(None)
handle: <Handle _ProactorBasePipeTransport._call_connection_lost(None)>
Traceback (most recent call last):
  File "C:\Users\Hyperbook\miniconda3\Lib\asyncio\events.py", line 88, in _run
    self._context.run(self._callback, *self._args)
  File "C:\Users\Hyperbook\miniconda3\Lib\asyncio\proactor_events.py", line 165, in _call_connection_lost
    self._sock.shutdown(socket.SHUT_RDWR)
ConnectionResetError: [WinError 10054] Istniejące połączenie zostało gwałtownie zamknięte przez zdalnego hosta
2026-04-13 19:06:23 | Process-5 | ERROR | asyncio | Exception in callback _ProactorBasePipeTransport._call_connection_lost(None)
handle: <Handle _ProactorBasePipeTransport._call_connection_lost(None)>
Traceback (most recent call last):
  File "C:\Users\Hyperbook\miniconda3\Lib\asyncio\events.py", line 88, in _run
    self._context.run(self._callback, *self._args)
  File "C:\Users\Hyperbook\miniconda3\Lib\asyncio\proactor_events.py", line 165, in _call_connection_lost
    self._sock.shutdown(socket.SHUT_RDWR)
ConnectionResetError: [WinError 10054] Istniejące połączenie zostało gwałtownie zamknięte przez zdalnego hosta
2026-04-13 19:06:24 | Process-5 | ERROR | asyncio | Exception in callback _ProactorBasePipeTransport._call_connection_lost(None)
handle: <Handle _ProactorBasePipeTransport._call_connection_lost(None)>
Traceback (most recent call last):
  File "C:\Users\Hyperbook\miniconda3\Lib\asyncio\events.py", line 88, in _run
    self._context.run(self._callback, *self._args)
  File "C:\Users\Hyperbook\miniconda3\Lib\asyncio\proactor_events.py", line 165, in _call_connection_lost
    self._sock.shutdown(socket.SHUT_RDWR)
ConnectionResetError: [WinError 10054] Istniejące połączenie zostało gwałtownie zamknięte przez zdalnego hosta
2026-04-13 19:06:26 | Process-5 | ERROR | asyncio | Exception in callback _ProactorBasePipeTransport._call_connection_lost(None)
handle: <Handle _ProactorBasePipeTransport._call_connection_lost(None)>
Traceback (most recent call last):
  File "C:\Users\Hyperbook\miniconda3\Lib\asyncio\events.py", line 88, in _run
    self._context.run(self._callback, *self._args)
  File "C:\Users\Hyperbook\miniconda3\Lib\asyncio\proactor_events.py", line 165, in _call_connection_lost
    self._sock.shutdown(socket.SHUT_RDWR)
ConnectionResetError: [WinError 10054] Istniejące połączenie zostało gwałtownie zamknięte przez zdalnego hosta
2026-04-13 19:06:26 | Process-5 | ERROR | asyncio | Exception in callback _ProactorBasePipeTransport._call_connection_lost(None)
handle: <Handle _ProactorBasePipeTransport._call_connection_lost(None)>
Traceback (most recent call last):
  File "C:\Users\Hyperbook\miniconda3\Lib\asyncio\events.py", line 88, in _run
    self._context.run(self._callback, *self._args)
  File "C:\Users\Hyperbook\miniconda3\Lib\asyncio\proactor_events.py", line 165, in _call_connection_lost
    self._sock.shutdown(socket.SHUT_RDWR)
ConnectionResetError: [WinError 10054] Istniejące połączenie zostało gwałtownie zamknięte przez zdalnego hosta
2026-04-13 19:06:39 | Process-5 | ERROR | asyncio | Exception in callback _ProactorBasePipeTransport._call_connection_lost(None)
handle: <Handle _ProactorBasePipeTransport._call_connection_lost(None)>
Traceback (most recent call last):
  File "C:\Users\Hyperbook\miniconda3\Lib\asyncio\events.py", line 88, in _run
    self._context.run(self._callback, *self._args)
  File "C:\Users\Hyperbook\miniconda3\Lib\asyncio\proactor_events.py", line 165, in _call_connection_lost
    self._sock.shutdown(socket.SHUT_RDWR)
ConnectionResetError: [WinError 10054] Istniejące połączenie zostało gwałtownie zamknięte przez zdalnego hosta
2026-04-13 19:06:42 | Process-5 | ERROR | asyncio | Exception in callback _ProactorBasePipeTransport._call_connection_lost(None)
handle: <Handle _ProactorBasePipeTransport._call_connection_lost(None)>
Traceback (most recent call last):
  File "C:\Users\Hyperbook\miniconda3\Lib\asyncio\events.py", line 88, in _run
    self._context.run(self._callback, *self._args)
  File "C:\Users\Hyperbook\miniconda3\Lib\asyncio\proactor_events.py", line 165, in _call_connection_lost
    self._sock.shutdown(socket.SHUT_RDWR)
ConnectionResetError: [WinError 10054] Istniejące połączenie zostało gwałtownie zamknięte przez zdalnego hosta
2026-04-13 19:06:44 | Process-5 | ERROR | asyncio | Exception in callback _ProactorBasePipeTransport._call_connection_lost(None)
handle: <Handle _ProactorBasePipeTransport._call_connection_lost(None)>
Traceback (most recent call last):
  File "C:\Users\Hyperbook\miniconda3\Lib\asyncio\events.py", line 88, in _run
    self._context.run(self._callback, *self._args)
  File "C:\Users\Hyperbook\miniconda3\Lib\asyncio\proactor_events.py", line 165, in _call_connection_lost
    self._sock.shutdown(socket.SHUT_RDWR)
ConnectionResetError: [WinError 10054] Istniejące połączenie zostało gwałtownie zamknięte przez zdalnego hosta
2026-04-13 19:06:47 | Process-5 | ERROR | asyncio | Exception in callback _ProactorBasePipeTransport._call_connection_lost(None)
handle: <Handle _ProactorBasePipeTransport._call_connection_lost(None)>
Traceback (most recent call last):
  File "C:\Users\Hyperbook\miniconda3\Lib\asyncio\events.py", line 88, in _run
    self._context.run(self._callback, *self._args)
  File "C:\Users\Hyperbook\miniconda3\Lib\asyncio\proactor_events.py", line 165, in _call_connection_lost
    self._sock.shutdown(socket.SHUT_RDWR)
ConnectionResetError: [WinError 10054] Istniejące połączenie zostało gwałtownie zamknięte przez zdalnego hosta
2026-04-13 19:06:49 | Process-5 | ERROR | asyncio | Exception in callback _ProactorBasePipeTransport._call_connection_lost(None)
handle: <Handle _ProactorBasePipeTransport._call_connection_lost(None)>
Traceback (most recent call last):
  File "C:\Users\Hyperbook\miniconda3\Lib\asyncio\events.py", line 88, in _run
    self._context.run(self._callback, *self._args)
  File "C:\Users\Hyperbook\miniconda3\Lib\asyncio\proactor_events.py", line 165, in _call_connection_lost
    self._sock.shutdown(socket.SHUT_RDWR)
ConnectionResetError: [WinError 10054] Istniejące połączenie zostało gwałtownie zamknięte przez zdalnego hosta
2026-04-13 19:06:50 | Process-5 | ERROR | asyncio | Exception in callback _ProactorBasePipeTransport._call_connection_lost(None)
handle: <Handle _ProactorBasePipeTransport._call_connection_lost(None)>
Traceback (most recent call last):
  File "C:\Users\Hyperbook\miniconda3\Lib\asyncio\events.py", line 88, in _run
    self._context.run(self._callback, *self._args)
  File "C:\Users\Hyperbook\miniconda3\Lib\asyncio\proactor_events.py", line 165, in _call_connection_lost
    self._sock.shutdown(socket.SHUT_RDWR)
ConnectionResetError: [WinError 10054] Istniejące połączenie zostało gwałtownie zamknięte przez zdalnego hosta
2026-04-13 19:06:52 | Process-5 | ERROR | asyncio | Exception in callback _ProactorBasePipeTransport._call_connection_lost(None)
handle: <Handle _ProactorBasePipeTransport._call_connection_lost(None)>
Traceback (most recent call last):
  File "C:\Users\Hyperbook\miniconda3\Lib\asyncio\events.py", line 88, in _run
    self._context.run(self._callback, *self._args)
  File "C:\Users\Hyperbook\miniconda3\Lib\asyncio\proactor_events.py", line 165, in _call_connection_lost
    self._sock.shutdown(socket.SHUT_RDWR)
ConnectionResetError: [WinError 10054] Istniejące połączenie zostało gwałtownie zamknięte przez zdalnego hosta
2026-04-13 19:06:57 | Process-5 | ERROR | asyncio | Exception in callback _ProactorBasePipeTransport._call_connection_lost(None)
handle: <Handle _ProactorBasePipeTransport._call_connection_lost(None)>
Traceback (most recent call last):
  File "C:\Users\Hyperbook\miniconda3\Lib\asyncio\events.py", line 88, in _run
    self._context.run(self._callback, *self._args)
  File "C:\Users\Hyperbook\miniconda3\Lib\asyncio\proactor_events.py", line 165, in _call_connection_lost
    self._sock.shutdown(socket.SHUT_RDWR)
ConnectionResetError: [WinError 10054] Istniejące połączenie zostało gwałtownie zamknięte przez zdalnego hosta
2026-04-13 19:06:58 | Process-5 | ERROR | asyncio | Exception in callback _ProactorBasePipeTransport._call_connection_lost(None)
handle: <Handle _ProactorBasePipeTransport._call_connection_lost(None)>
Traceback (most recent call last):
  File "C:\Users\Hyperbook\miniconda3\Lib\asyncio\events.py", line 88, in _run
    self._context.run(self._callback, *self._args)
  File "C:\Users\Hyperbook\miniconda3\Lib\asyncio\proactor_events.py", line 165, in _call_connection_lost
    self._sock.shutdown(socket.SHUT_RDWR)
ConnectionResetError: [WinError 10054] Istniejące połączenie zostało gwałtownie zamknięte przez zdalnego hosta
2026-04-13 19:06:59 | Process-5 | ERROR | asyncio | Exception in callback _ProactorBasePipeTransport._call_connection_lost(None)
handle: <Handle _ProactorBasePipeTransport._call_connection_lost(None)>
Traceback (most recent call last):
  File "C:\Users\Hyperbook\miniconda3\Lib\asyncio\events.py", line 88, in _run
    self._context.run(self._callback, *self._args)
  File "C:\Users\Hyperbook\miniconda3\Lib\asyncio\proactor_events.py", line 165, in _call_connection_lost
    self._sock.shutdown(socket.SHUT_RDWR)
ConnectionResetError: [WinError 10054] Istniejące połączenie zostało gwałtownie zamknięte przez zdalnego hosta
2026-04-13 19:07:00 | Process-5 | ERROR | asyncio | Exception in callback _ProactorBasePipeTransport._call_connection_lost(None)
handle: <Handle _ProactorBasePipeTransport._call_connection_lost(None)>
Traceback (most recent call last):
  File "C:\Users\Hyperbook\miniconda3\Lib\asyncio\events.py", line 88, in _run
    self._context.run(self._callback, *self._args)
  File "C:\Users\Hyperbook\miniconda3\Lib\asyncio\proactor_events.py", line 165, in _call_connection_lost
    self._sock.shutdown(socket.SHUT_RDWR)
ConnectionResetError: [WinError 10054] Istniejące połączenie zostało gwałtownie zamknięte przez zdalnego hosta
2026-04-13 19:07:01 | Process-5 | ERROR | asyncio | Exception in callback _ProactorBasePipeTransport._call_connection_lost(None)
handle: <Handle _ProactorBasePipeTransport._call_connection_lost(None)>
Traceback (most recent call last):
  File "C:\Users\Hyperbook\miniconda3\Lib\asyncio\events.py", line 88, in _run
    self._context.run(self._callback, *self._args)
  File "C:\Users\Hyperbook\miniconda3\Lib\asyncio\proactor_events.py", line 165, in _call_connection_lost
    self._sock.shutdown(socket.SHUT_RDWR)
ConnectionResetError: [WinError 10054] Istniejące połączenie zostało gwałtownie zamknięte przez zdalnego hosta
2026-04-13 19:07:05 | Process-5 | ERROR | asyncio | Exception in callback _ProactorBasePipeTransport._call_connection_lost(None)
handle: <Handle _ProactorBasePipeTransport._call_connection_lost(None)>
Traceback (most recent call last):
  File "C:\Users\Hyperbook\miniconda3\Lib\asyncio\events.py", line 88, in _run
    self._context.run(self._callback, *self._args)
  File "C:\Users\Hyperbook\miniconda3\Lib\asyncio\proactor_events.py", line 165, in _call_connection_lost
    self._sock.shutdown(socket.SHUT_RDWR)
ConnectionResetError: [WinError 10054] Istniejące połączenie zostało gwałtownie zamknięte przez zdalnego hosta
2026-04-13 19:07:05 | Process-5 | ERROR | asyncio | Exception in callback _ProactorBasePipeTransport._call_connection_lost(None)
handle: <Handle _ProactorBasePipeTransport._call_connection_lost(None)>
Traceback (most recent call last):
  File "C:\Users\Hyperbook\miniconda3\Lib\asyncio\events.py", line 88, in _run
    self._context.run(self._callback, *self._args)
  File "C:\Users\Hyperbook\miniconda3\Lib\asyncio\proactor_events.py", line 165, in _call_connection_lost
    self._sock.shutdown(socket.SHUT_RDWR)
ConnectionResetError: [WinError 10054] Istniejące połączenie zostało gwałtownie zamknięte przez zdalnego hosta
2026-04-13 19:07:05 | Process-5 | ERROR | asyncio | Exception in callback _ProactorBasePipeTransport._call_connection_lost(None)
handle: <Handle _ProactorBasePipeTransport._call_connection_lost(None)>
Traceback (most recent call last):
  File "C:\Users\Hyperbook\miniconda3\Lib\asyncio\events.py", line 88, in _run
    self._context.run(self._callback, *self._args)
  File "C:\Users\Hyperbook\miniconda3\Lib\asyncio\proactor_events.py", line 165, in _call_connection_lost
    self._sock.shutdown(socket.SHUT_RDWR)
ConnectionResetError: [WinError 10054] Istniejące połączenie zostało gwałtownie zamknięte przez zdalnego hosta
2026-04-13 19:07:06 | Process-5 | ERROR | asyncio | Exception in callback _ProactorBasePipeTransport._call_connection_lost(None)
handle: <Handle _ProactorBasePipeTransport._call_connection_lost(None)>
Traceback (most recent call last):
  File "C:\Users\Hyperbook\miniconda3\Lib\asyncio\events.py", line 88, in _run
    self._context.run(self._callback, *self._args)
  File "C:\Users\Hyperbook\miniconda3\Lib\asyncio\proactor_events.py", line 165, in _call_connection_lost
    self._sock.shutdown(socket.SHUT_RDWR)
ConnectionResetError: [WinError 10054] Istniejące połączenie zostało gwałtownie zamknięte przez zdalnego hosta
2026-04-13 19:07:07 | Process-5 | ERROR | asyncio | Exception in callback _ProactorBasePipeTransport._call_connection_lost(None)
handle: <Handle _ProactorBasePipeTransport._call_connection_lost(None)>
Traceback (most recent call last):
  File "C:\Users\Hyperbook\miniconda3\Lib\asyncio\events.py", line 88, in _run
    self._context.run(self._callback, *self._args)
  File "C:\Users\Hyperbook\miniconda3\Lib\asyncio\proactor_events.py", line 165, in _call_connection_lost
    self._sock.shutdown(socket.SHUT_RDWR)
ConnectionResetError: [WinError 10054] Istniejące połączenie zostało gwałtownie zamknięte przez zdalnego hosta
2026-04-13 19:07:21 | Process-5 | ERROR | asyncio | Exception in callback _ProactorBasePipeTransport._call_connection_lost(None)
handle: <Handle _ProactorBasePipeTransport._call_connection_lost(None)>
Traceback (most recent call last):
  File "C:\Users\Hyperbook\miniconda3\Lib\asyncio\events.py", line 88, in _run
    self._context.run(self._callback, *self._args)
  File "C:\Users\Hyperbook\miniconda3\Lib\asyncio\proactor_events.py", line 165, in _call_connection_lost
    self._sock.shutdown(socket.SHUT_RDWR)
ConnectionResetError: [WinError 10054] Istniejące połączenie zostało gwałtownie zamknięte przez zdalnego hosta
2026-04-13 19:07:25 | Process-5 | ERROR | asyncio | Exception in callback _ProactorBasePipeTransport._call_connection_lost(None)
handle: <Handle _ProactorBasePipeTransport._call_connection_lost(None)>
Traceback (most recent call last):
  File "C:\Users\Hyperbook\miniconda3\Lib\asyncio\events.py", line 88, in _run
    self._context.run(self._callback, *self._args)
  File "C:\Users\Hyperbook\miniconda3\Lib\asyncio\proactor_events.py", line 165, in _call_connection_lost
    self._sock.shutdown(socket.SHUT_RDWR)
ConnectionResetError: [WinError 10054] Istniejące połączenie zostało gwałtownie zamknięte przez zdalnego hosta
2026-04-13 19:07:28 | Process-5 | ERROR | asyncio | Exception in callback _ProactorBasePipeTransport._call_connection_lost(None)
handle: <Handle _ProactorBasePipeTransport._call_connection_lost(None)>
Traceback (most recent call last):
  File "C:\Users\Hyperbook\miniconda3\Lib\asyncio\events.py", line 88, in _run
    self._context.run(self._callback, *self._args)
  File "C:\Users\Hyperbook\miniconda3\Lib\asyncio\proactor_events.py", line 165, in _call_connection_lost
    self._sock.shutdown(socket.SHUT_RDWR)
ConnectionResetError: [WinError 10054] Istniejące połączenie zostało gwałtownie zamknięte przez zdalnego hosta
2026-04-13 19:07:43 | Process-5 | ERROR | asyncio | Exception in callback _ProactorBasePipeTransport._call_connection_lost(None)
handle: <Handle _ProactorBasePipeTransport._call_connection_lost(None)>
Traceback (most recent call last):
  File "C:\Users\Hyperbook\miniconda3\Lib\asyncio\events.py", line 88, in _run
    self._context.run(self._callback, *self._args)
  File "C:\Users\Hyperbook\miniconda3\Lib\asyncio\proactor_events.py", line 165, in _call_connection_lost
    self._sock.shutdown(socket.SHUT_RDWR)
ConnectionResetError: [WinError 10054] Istniejące połączenie zostało gwałtownie zamknięte przez zdalnego hosta
2026-04-13 19:07:44 | Process-5 | ERROR | asyncio | Exception in callback _ProactorBasePipeTransport._call_connection_lost(None)
handle: <Handle _ProactorBasePipeTransport._call_connection_lost(None)>
Traceback (most recent call last):
  File "C:\Users\Hyperbook\miniconda3\Lib\asyncio\events.py", line 88, in _run
    self._context.run(self._callback, *self._args)
  File "C:\Users\Hyperbook\miniconda3\Lib\asyncio\proactor_events.py", line 165, in _call_connection_lost
    self._sock.shutdown(socket.SHUT_RDWR)
ConnectionResetError: [WinError 10054] Istniejące połączenie zostało gwałtownie zamknięte przez zdalnego hosta
2026-04-13 19:07:47 | Process-5 | ERROR | asyncio | Exception in callback _ProactorBasePipeTransport._call_connection_lost(None)
handle: <Handle _ProactorBasePipeTransport._call_connection_lost(None)>
Traceback (most recent call last):
  File "C:\Users\Hyperbook\miniconda3\Lib\asyncio\events.py", line 88, in _run
    self._context.run(self._callback, *self._args)
  File "C:\Users\Hyperbook\miniconda3\Lib\asyncio\proactor_events.py", line 165, in _call_connection_lost
    self._sock.shutdown(socket.SHUT_RDWR)
ConnectionResetError: [WinError 10054] Istniejące połączenie zostało gwałtownie zamknięte przez zdalnego hosta
2026-04-13 19:07:49 | Process-5 | ERROR | asyncio | Exception in callback _ProactorBasePipeTransport._call_connection_lost(None)
handle: <Handle _ProactorBasePipeTransport._call_connection_lost(None)>
Traceback (most recent call last):
  File "C:\Users\Hyperbook\miniconda3\Lib\asyncio\events.py", line 88, in _run
    self._context.run(self._callback, *self._args)
  File "C:\Users\Hyperbook\miniconda3\Lib\asyncio\proactor_events.py", line 165, in _call_connection_lost
    self._sock.shutdown(socket.SHUT_RDWR)
ConnectionResetError: [WinError 10054] Istniejące połączenie zostało gwałtownie zamknięte przez zdalnego hosta
2026-04-13 19:07:50 | Process-5 | ERROR | asyncio | Exception in callback _ProactorBasePipeTransport._call_connection_lost(None)
handle: <Handle _ProactorBasePipeTransport._call_connection_lost(None)>
Traceback (most recent call last):
  File "C:\Users\Hyperbook\miniconda3\Lib\asyncio\events.py", line 88, in _run
    self._context.run(self._callback, *self._args)
  File "C:\Users\Hyperbook\miniconda3\Lib\asyncio\proactor_events.py", line 165, in _call_connection_lost
    self._sock.shutdown(socket.SHUT_RDWR)
ConnectionResetError: [WinError 10054] Istniejące połączenie zostało gwałtownie zamknięte przez zdalnego hosta
2026-04-13 19:07:51 | Process-5 | ERROR | asyncio | Exception in callback _ProactorBasePipeTransport._call_connection_lost(None)
handle: <Handle _ProactorBasePipeTransport._call_connection_lost(None)>
Traceback (most recent call last):
  File "C:\Users\Hyperbook\miniconda3\Lib\asyncio\events.py", line 88, in _run
    self._context.run(self._callback, *self._args)
  File "C:\Users\Hyperbook\miniconda3\Lib\asyncio\proactor_events.py", line 165, in _call_connection_lost
    self._sock.shutdown(socket.SHUT_RDWR)
ConnectionResetError: [WinError 10054] Istniejące połączenie zostało gwałtownie zamknięte przez zdalnego hosta
2026-04-13 19:07:51 | Process-5 | ERROR | asyncio | Exception in callback _ProactorBasePipeTransport._call_connection_lost(None)
handle: <Handle _ProactorBasePipeTransport._call_connection_lost(None)>
Traceback (most recent call last):
  File "C:\Users\Hyperbook\miniconda3\Lib\asyncio\events.py", line 88, in _run
    self._context.run(self._callback, *self._args)
  File "C:\Users\Hyperbook\miniconda3\Lib\asyncio\proactor_events.py", line 165, in _call_connection_lost
    self._sock.shutdown(socket.SHUT_RDWR)
ConnectionResetError: [WinError 10054] Istniejące połączenie zostało gwałtownie zamknięte przez zdalnego hosta
2026-04-13 19:07:53 | Process-5 | ERROR | asyncio | Exception in callback _ProactorBasePipeTransport._call_connection_lost(None)
handle: <Handle _ProactorBasePipeTransport._call_connection_lost(None)>
Traceback (most recent call last):
  File "C:\Users\Hyperbook\miniconda3\Lib\asyncio\events.py", line 88, in _run
    self._context.run(self._callback, *self._args)
  File "C:\Users\Hyperbook\miniconda3\Lib\asyncio\proactor_events.py", line 165, in _call_connection_lost
    self._sock.shutdown(socket.SHUT_RDWR)
ConnectionResetError: [WinError 10054] Istniejące połączenie zostało gwałtownie zamknięte przez zdalnego hosta
2026-04-13 19:07:53 | Process-5 | ERROR | asyncio | Exception in callback _ProactorBasePipeTransport._call_connection_lost(None)
handle: <Handle _ProactorBasePipeTransport._call_connection_lost(None)>
Traceback (most recent call last):
  File "C:\Users\Hyperbook\miniconda3\Lib\asyncio\events.py", line 88, in _run
    self._context.run(self._callback, *self._args)
  File "C:\Users\Hyperbook\miniconda3\Lib\asyncio\proactor_events.py", line 165, in _call_connection_lost
    self._sock.shutdown(socket.SHUT_RDWR)
ConnectionResetError: [WinError 10054] Istniejące połączenie zostało gwałtownie zamknięte przez zdalnego hosta
2026-04-13 19:07:55 | Process-5 | ERROR | asyncio | Exception in callback _ProactorBasePipeTransport._call_connection_lost(None)
handle: <Handle _ProactorBasePipeTransport._call_connection_lost(None)>
Traceback (most recent call last):
  File "C:\Users\Hyperbook\miniconda3\Lib\asyncio\events.py", line 88, in _run
    self._context.run(self._callback, *self._args)
  File "C:\Users\Hyperbook\miniconda3\Lib\asyncio\proactor_events.py", line 165, in _call_connection_lost
    self._sock.shutdown(socket.SHUT_RDWR)
ConnectionResetError: [WinError 10054] Istniejące połączenie zostało gwałtownie zamknięte przez zdalnego hosta
2026-04-13 19:07:58 | Process-5 | ERROR | asyncio | Exception in callback _ProactorBasePipeTransport._call_connection_lost(None)
handle: <Handle _ProactorBasePipeTransport._call_connection_lost(None)>
Traceback (most recent call last):
  File "C:\Users\Hyperbook\miniconda3\Lib\asyncio\events.py", line 88, in _run
    self._context.run(self._callback, *self._args)
  File "C:\Users\Hyperbook\miniconda3\Lib\asyncio\proactor_events.py", line 165, in _call_connection_lost
    self._sock.shutdown(socket.SHUT_RDWR)
ConnectionResetError: [WinError 10054] Istniejące połączenie zostało gwałtownie zamknięte przez zdalnego hosta
2026-04-13 19:07:58 | Process-5 | ERROR | asyncio | Exception in callback _ProactorBasePipeTransport._call_connection_lost(None)
handle: <Handle _ProactorBasePipeTransport._call_connection_lost(None)>
Traceback (most recent call last):
  File "C:\Users\Hyperbook\miniconda3\Lib\asyncio\events.py", line 88, in _run
    self._context.run(self._callback, *self._args)
  File "C:\Users\Hyperbook\miniconda3\Lib\asyncio\proactor_events.py", line 165, in _call_connection_lost
    self._sock.shutdown(socket.SHUT_RDWR)
ConnectionResetError: [WinError 10054] Istniejące połączenie zostało gwałtownie zamknięte przez zdalnego hosta
2026-04-13 19:08:00 | Process-5 | ERROR | asyncio | Exception in callback _ProactorBasePipeTransport._call_connection_lost(None)
handle: <Handle _ProactorBasePipeTransport._call_connection_lost(None)>
Traceback (most recent call last):
  File "C:\Users\Hyperbook\miniconda3\Lib\asyncio\events.py", line 88, in _run
    self._context.run(self._callback, *self._args)
  File "C:\Users\Hyperbook\miniconda3\Lib\asyncio\proactor_events.py", line 165, in _call_connection_lost
    self._sock.shutdown(socket.SHUT_RDWR)
ConnectionResetError: [WinError 10054] Istniejące połączenie zostało gwałtownie zamknięte przez zdalnego hosta
2026-04-13 19:08:02 | Process-5 | ERROR | asyncio | Exception in callback _ProactorBasePipeTransport._call_connection_lost(None)
handle: <Handle _ProactorBasePipeTransport._call_connection_lost(None)>
Traceback (most recent call last):
  File "C:\Users\Hyperbook\miniconda3\Lib\asyncio\events.py", line 88, in _run
    self._context.run(self._callback, *self._args)
  File "C:\Users\Hyperbook\miniconda3\Lib\asyncio\proactor_events.py", line 165, in _call_connection_lost
    self._sock.shutdown(socket.SHUT_RDWR)
ConnectionResetError: [WinError 10054] Istniejące połączenie zostało gwałtownie zamknięte przez zdalnego hosta
2026-04-13 19:08:05 | Process-5 | ERROR | asyncio | Exception in callback _ProactorBasePipeTransport._call_connection_lost(None)
handle: <Handle _ProactorBasePipeTransport._call_connection_lost(None)>
Traceback (most recent call last):
  File "C:\Users\Hyperbook\miniconda3\Lib\asyncio\events.py", line 88, in _run
    self._context.run(self._callback, *self._args)
  File "C:\Users\Hyperbook\miniconda3\Lib\asyncio\proactor_events.py", line 165, in _call_connection_lost
    self._sock.shutdown(socket.SHUT_RDWR)
ConnectionResetError: [WinError 10054] Istniejące połączenie zostało gwałtownie zamknięte przez zdalnego hosta
2026-04-13 19:08:06 | Process-5 | ERROR | asyncio | Exception in callback _ProactorBasePipeTransport._call_connection_lost(None)
handle: <Handle _ProactorBasePipeTransport._call_connection_lost(None)>
Traceback (most recent call last):
  File "C:\Users\Hyperbook\miniconda3\Lib\asyncio\events.py", line 88, in _run
    self._context.run(self._callback, *self._args)
  File "C:\Users\Hyperbook\miniconda3\Lib\asyncio\proactor_events.py", line 165, in _call_connection_lost
    self._sock.shutdown(socket.SHUT_RDWR)
ConnectionResetError: [WinError 10054] Istniejące połączenie zostało gwałtownie zamknięte przez zdalnego hosta
2026-04-13 19:08:06 | Process-5 | ERROR | asyncio | Exception in callback _ProactorBasePipeTransport._call_connection_lost(None)
handle: <Handle _ProactorBasePipeTransport._call_connection_lost(None)>
Traceback (most recent call last):
  File "C:\Users\Hyperbook\miniconda3\Lib\asyncio\events.py", line 88, in _run
    self._context.run(self._callback, *self._args)
  File "C:\Users\Hyperbook\miniconda3\Lib\asyncio\proactor_events.py", line 165, in _call_connection_lost
    self._sock.shutdown(socket.SHUT_RDWR)
ConnectionResetError: [WinError 10054] Istniejące połączenie zostało gwałtownie zamknięte przez zdalnego hosta
2026-04-13 19:08:06 | Process-5 | ERROR | asyncio | Exception in callback _ProactorBasePipeTransport._call_connection_lost(None)
handle: <Handle _ProactorBasePipeTransport._call_connection_lost(None)>
Traceback (most recent call last):
  File "C:\Users\Hyperbook\miniconda3\Lib\asyncio\events.py", line 88, in _run
    self._context.run(self._callback, *self._args)
  File "C:\Users\Hyperbook\miniconda3\Lib\asyncio\proactor_events.py", line 165, in _call_connection_lost
    self._sock.shutdown(socket.SHUT_RDWR)
ConnectionResetError: [WinError 10054] Istniejące połączenie zostało gwałtownie zamknięte przez zdalnego hosta
2026-04-13 19:08:09 | Process-5 | ERROR | asyncio | Exception in callback _ProactorBasePipeTransport._call_connection_lost(None)
handle: <Handle _ProactorBasePipeTransport._call_connection_lost(None)>
Traceback (most recent call last):
  File "C:\Users\Hyperbook\miniconda3\Lib\asyncio\events.py", line 88, in _run
    self._context.run(self._callback, *self._args)
  File "C:\Users\Hyperbook\miniconda3\Lib\asyncio\proactor_events.py", line 165, in _call_connection_lost
    self._sock.shutdown(socket.SHUT_RDWR)
ConnectionResetError: [WinError 10054] Istniejące połączenie zostało gwałtownie zamknięte przez zdalnego hosta
2026-04-13 19:08:09 | Process-5 | ERROR | asyncio | Exception in callback _ProactorBasePipeTransport._call_connection_lost(None)
handle: <Handle _ProactorBasePipeTransport._call_connection_lost(None)>
Traceback (most recent call last):
  File "C:\Users\Hyperbook\miniconda3\Lib\asyncio\events.py", line 88, in _run
    self._context.run(self._callback, *self._args)
  File "C:\Users\Hyperbook\miniconda3\Lib\asyncio\proactor_events.py", line 165, in _call_connection_lost
    self._sock.shutdown(socket.SHUT_RDWR)
ConnectionResetError: [WinError 10054] Istniejące połączenie zostało gwałtownie zamknięte przez zdalnego hosta
2026-04-13 19:08:11 | Process-5 | ERROR | asyncio | Exception in callback _ProactorBasePipeTransport._call_connection_lost(None)
handle: <Handle _ProactorBasePipeTransport._call_connection_lost(None)>
Traceback (most recent call last):
  File "C:\Users\Hyperbook\miniconda3\Lib\asyncio\events.py", line 88, in _run
    self._context.run(self._callback, *self._args)
  File "C:\Users\Hyperbook\miniconda3\Lib\asyncio\proactor_events.py", line 165, in _call_connection_lost
    self._sock.shutdown(socket.SHUT_RDWR)
ConnectionResetError: [WinError 10054] Istniejące połączenie zostało gwałtownie zamknięte przez zdalnego hosta
2026-04-13 19:08:11 | Process-5 | ERROR | asyncio | Exception in callback _ProactorBasePipeTransport._call_connection_lost(None)
handle: <Handle _ProactorBasePipeTransport._call_connection_lost(None)>
Traceback (most recent call last):
  File "C:\Users\Hyperbook\miniconda3\Lib\asyncio\events.py", line 88, in _run
    self._context.run(self._callback, *self._args)
  File "C:\Users\Hyperbook\miniconda3\Lib\asyncio\proactor_events.py", line 165, in _call_connection_lost
    self._sock.shutdown(socket.SHUT_RDWR)
ConnectionResetError: [WinError 10054] Istniejące połączenie zostało gwałtownie zamknięte przez zdalnego hosta
2026-04-13 19:08:11 | Process-5 | ERROR | asyncio | Exception in callback _ProactorBasePipeTransport._call_connection_lost(None)
handle: <Handle _ProactorBasePipeTransport._call_connection_lost(None)>
Traceback (most recent call last):
  File "C:\Users\Hyperbook\miniconda3\Lib\asyncio\events.py", line 88, in _run
    self._context.run(self._callback, *self._args)
  File "C:\Users\Hyperbook\miniconda3\Lib\asyncio\proactor_events.py", line 165, in _call_connection_lost
    self._sock.shutdown(socket.SHUT_RDWR)
ConnectionResetError: [WinError 10054] Istniejące połączenie zostało gwałtownie zamknięte przez zdalnego hosta
2026-04-13 19:08:14 | Process-5 | ERROR | asyncio | Exception in callback _ProactorBasePipeTransport._call_connection_lost(None)
handle: <Handle _ProactorBasePipeTransport._call_connection_lost(None)>
Traceback (most recent call last):
  File "C:\Users\Hyperbook\miniconda3\Lib\asyncio\events.py", line 88, in _run
    self._context.run(self._callback, *self._args)
  File "C:\Users\Hyperbook\miniconda3\Lib\asyncio\proactor_events.py", line 165, in _call_connection_lost
    self._sock.shutdown(socket.SHUT_RDWR)
ConnectionResetError: [WinError 10054] Istniejące połączenie zostało gwałtownie zamknięte przez zdalnego hosta
2026-04-13 19:08:15 | Process-5 | ERROR | asyncio | Exception in callback _ProactorBasePipeTransport._call_connection_lost(None)
handle: <Handle _ProactorBasePipeTransport._call_connection_lost(None)>
Traceback (most recent call last):
  File "C:\Users\Hyperbook\miniconda3\Lib\asyncio\events.py", line 88, in _run
    self._context.run(self._callback, *self._args)
  File "C:\Users\Hyperbook\miniconda3\Lib\asyncio\proactor_events.py", line 165, in _call_connection_lost
    self._sock.shutdown(socket.SHUT_RDWR)
ConnectionResetError: [WinError 10054] Istniejące połączenie zostało gwałtownie zamknięte przez zdalnego hosta
2026-04-13 19:08:19 | Process-5 | ERROR | asyncio | Exception in callback _ProactorBasePipeTransport._call_connection_lost(None)
handle: <Handle _ProactorBasePipeTransport._call_connection_lost(None)>
Traceback (most recent call last):
  File "C:\Users\Hyperbook\miniconda3\Lib\asyncio\events.py", line 88, in _run
    self._context.run(self._callback, *self._args)
  File "C:\Users\Hyperbook\miniconda3\Lib\asyncio\proactor_events.py", line 165, in _call_connection_lost
    self._sock.shutdown(socket.SHUT_RDWR)
ConnectionResetError: [WinError 10054] Istniejące połączenie zostało gwałtownie zamknięte przez zdalnego hosta
2026-04-13 19:08:20 | Process-5 | ERROR | asyncio | Exception in callback _ProactorBasePipeTransport._call_connection_lost(None)
handle: <Handle _ProactorBasePipeTransport._call_connection_lost(None)>
Traceback (most recent call last):
  File "C:\Users\Hyperbook\miniconda3\Lib\asyncio\events.py", line 88, in _run
    self._context.run(self._callback, *self._args)
  File "C:\Users\Hyperbook\miniconda3\Lib\asyncio\proactor_events.py", line 165, in _call_connection_lost
    self._sock.shutdown(socket.SHUT_RDWR)
ConnectionResetError: [WinError 10054] Istniejące połączenie zostało gwałtownie zamknięte przez zdalnego hosta
2026-04-13 19:08:22 | Process-5 | ERROR | asyncio | Exception in callback _ProactorBasePipeTransport._call_connection_lost(None)
handle: <Handle _ProactorBasePipeTransport._call_connection_lost(None)>
Traceback (most recent call last):
  File "C:\Users\Hyperbook\miniconda3\Lib\asyncio\events.py", line 88, in _run
    self._context.run(self._callback, *self._args)
  File "C:\Users\Hyperbook\miniconda3\Lib\asyncio\proactor_events.py", line 165, in _call_connection_lost
    self._sock.shutdown(socket.SHUT_RDWR)
ConnectionResetError: [WinError 10054] Istniejące połączenie zostało gwałtownie zamknięte przez zdalnego hosta
2026-04-13 19:08:22 | Process-5 | ERROR | asyncio | Exception in callback _ProactorBasePipeTransport._call_connection_lost(None)
handle: <Handle _ProactorBasePipeTransport._call_connection_lost(None)>
Traceback (most recent call last):
  File "C:\Users\Hyperbook\miniconda3\Lib\asyncio\events.py", line 88, in _run
    self._context.run(self._callback, *self._args)
  File "C:\Users\Hyperbook\miniconda3\Lib\asyncio\proactor_events.py", line 165, in _call_connection_lost
    self._sock.shutdown(socket.SHUT_RDWR)
ConnectionResetError: [WinError 10054] Istniejące połączenie zostało gwałtownie zamknięte przez zdalnego hosta
2026-04-13 19:08:22 | Process-5 | ERROR | asyncio | Exception in callback _ProactorBasePipeTransport._call_connection_lost(None)
handle: <Handle _ProactorBasePipeTransport._call_connection_lost(None)>
Traceback (most recent call last):
  File "C:\Users\Hyperbook\miniconda3\Lib\asyncio\events.py", line 88, in _run
    self._context.run(self._callback, *self._args)
  File "C:\Users\Hyperbook\miniconda3\Lib\asyncio\proactor_events.py", line 165, in _call_connection_lost
    self._sock.shutdown(socket.SHUT_RDWR)
ConnectionResetError: [WinError 10054] Istniejące połączenie zostało gwałtownie zamknięte przez zdalnego hosta
2026-04-13 19:08:23 | Process-5 | ERROR | asyncio | Exception in callback _ProactorBasePipeTransport._call_connection_lost(None)
handle: <Handle _ProactorBasePipeTransport._call_connection_lost(None)>
Traceback (most recent call last):
  File "C:\Users\Hyperbook\miniconda3\Lib\asyncio\events.py", line 88, in _run
    self._context.run(self._callback, *self._args)
  File "C:\Users\Hyperbook\miniconda3\Lib\asyncio\proactor_events.py", line 165, in _call_connection_lost
    self._sock.shutdown(socket.SHUT_RDWR)
ConnectionResetError: [WinError 10054] Istniejące połączenie zostało gwałtownie zamknięte przez zdalnego hosta
2026-04-13 19:08:23 | Process-5 | ERROR | asyncio | Exception in callback _ProactorBasePipeTransport._call_connection_lost(None)
handle: <Handle _ProactorBasePipeTransport._call_connection_lost(None)>
Traceback (most recent call last):
  File "C:\Users\Hyperbook\miniconda3\Lib\asyncio\events.py", line 88, in _run
    self._context.run(self._callback, *self._args)
  File "C:\Users\Hyperbook\miniconda3\Lib\asyncio\proactor_events.py", line 165, in _call_connection_lost
    self._sock.shutdown(socket.SHUT_RDWR)
ConnectionResetError: [WinError 10054] Istniejące połączenie zostało gwałtownie zamknięte przez zdalnego hosta
2026-04-13 19:08:23 | Process-5 | ERROR | asyncio | Exception in callback _ProactorBasePipeTransport._call_connection_lost(None)
handle: <Handle _ProactorBasePipeTransport._call_connection_lost(None)>
Traceback (most recent call last):
  File "C:\Users\Hyperbook\miniconda3\Lib\asyncio\events.py", line 88, in _run
    self._context.run(self._callback, *self._args)
  File "C:\Users\Hyperbook\miniconda3\Lib\asyncio\proactor_events.py", line 165, in _call_connection_lost
    self._sock.shutdown(socket.SHUT_RDWR)
ConnectionResetError: [WinError 10054] Istniejące połączenie zostało gwałtownie zamknięte przez zdalnego hosta
2026-04-13 19:08:23 | Process-5 | ERROR | asyncio | Exception in callback _ProactorBasePipeTransport._call_connection_lost(None)
handle: <Handle _ProactorBasePipeTransport._call_connection_lost(None)>
Traceback (most recent call last):
  File "C:\Users\Hyperbook\miniconda3\Lib\asyncio\events.py", line 88, in _run
    self._context.run(self._callback, *self._args)
  File "C:\Users\Hyperbook\miniconda3\Lib\asyncio\proactor_events.py", line 165, in _call_connection_lost
    self._sock.shutdown(socket.SHUT_RDWR)
ConnectionResetError: [WinError 10054] Istniejące połączenie zostało gwałtownie zamknięte przez zdalnego hosta
2026-04-13 19:08:24 | Process-5 | ERROR | asyncio | Exception in callback _ProactorBasePipeTransport._call_connection_lost(None)
handle: <Handle _ProactorBasePipeTransport._call_connection_lost(None)>
Traceback (most recent call last):
  File "C:\Users\Hyperbook\miniconda3\Lib\asyncio\events.py", line 88, in _run
    self._context.run(self._callback, *self._args)
  File "C:\Users\Hyperbook\miniconda3\Lib\asyncio\proactor_events.py", line 165, in _call_connection_lost
    self._sock.shutdown(socket.SHUT_RDWR)
ConnectionResetError: [WinError 10054] Istniejące połączenie zostało gwałtownie zamknięte przez zdalnego hosta
2026-04-13 19:08:24 | Process-5 | ERROR | asyncio | Exception in callback _ProactorBasePipeTransport._call_connection_lost(None)
handle: <Handle _ProactorBasePipeTransport._call_connection_lost(None)>
Traceback (most recent call last):
  File "C:\Users\Hyperbook\miniconda3\Lib\asyncio\events.py", line 88, in _run
    self._context.run(self._callback, *self._args)
  File "C:\Users\Hyperbook\miniconda3\Lib\asyncio\proactor_events.py", line 165, in _call_connection_lost
    self._sock.shutdown(socket.SHUT_RDWR)
ConnectionResetError: [WinError 10054] Istniejące połączenie zostało gwałtownie zamknięte przez zdalnego hosta
2026-04-13 19:08:25 | Process-5 | ERROR | asyncio | Exception in callback _ProactorBasePipeTransport._call_connection_lost(None)
handle: <Handle _ProactorBasePipeTransport._call_connection_lost(None)>
Traceback (most recent call last):
  File "C:\Users\Hyperbook\miniconda3\Lib\asyncio\events.py", line 88, in _run
    self._context.run(self._callback, *self._args)
  File "C:\Users\Hyperbook\miniconda3\Lib\asyncio\proactor_events.py", line 165, in _call_connection_lost
    self._sock.shutdown(socket.SHUT_RDWR)
ConnectionResetError: [WinError 10054] Istniejące połączenie zostało gwałtownie zamknięte przez zdalnego hosta
2026-04-13 19:08:28 | Process-5 | ERROR | asyncio | Exception in callback _ProactorBasePipeTransport._call_connection_lost(None)
handle: <Handle _ProactorBasePipeTransport._call_connection_lost(None)>
Traceback (most recent call last):
  File "C:\Users\Hyperbook\miniconda3\Lib\asyncio\events.py", line 88, in _run
    self._context.run(self._callback, *self._args)
  File "C:\Users\Hyperbook\miniconda3\Lib\asyncio\proactor_events.py", line 165, in _call_connection_lost
    self._sock.shutdown(socket.SHUT_RDWR)
ConnectionResetError: [WinError 10054] Istniejące połączenie zostało gwałtownie zamknięte przez zdalnego hosta
2026-04-13 19:08:29 | Process-5 | ERROR | asyncio | Exception in callback _ProactorBasePipeTransport._call_connection_lost(None)
handle: <Handle _ProactorBasePipeTransport._call_connection_lost(None)>
Traceback (most recent call last):
  File "C:\Users\Hyperbook\miniconda3\Lib\asyncio\events.py", line 88, in _run
    self._context.run(self._callback, *self._args)
  File "C:\Users\Hyperbook\miniconda3\Lib\asyncio\proactor_events.py", line 165, in _call_connection_lost
    self._sock.shutdown(socket.SHUT_RDWR)
ConnectionResetError: [WinError 10054] Istniejące połączenie zostało gwałtownie zamknięte przez zdalnego hosta
2026-04-13 19:08:29 | Process-5 | ERROR | asyncio | Exception in callback _ProactorBasePipeTransport._call_connection_lost(None)
handle: <Handle _ProactorBasePipeTransport._call_connection_lost(None)>
Traceback (most recent call last):
  File "C:\Users\Hyperbook\miniconda3\Lib\asyncio\events.py", line 88, in _run
    self._context.run(self._callback, *self._args)
  File "C:\Users\Hyperbook\miniconda3\Lib\asyncio\proactor_events.py", line 165, in _call_connection_lost
    self._sock.shutdown(socket.SHUT_RDWR)
ConnectionResetError: [WinError 10054] Istniejące połączenie zostało gwałtownie zamknięte przez zdalnego hosta
2026-04-13 19:08:29 | Process-5 | ERROR | asyncio | Exception in callback _ProactorBasePipeTransport._call_connection_lost(None)
handle: <Handle _ProactorBasePipeTransport._call_connection_lost(None)>
Traceback (most recent call last):
  File "C:\Users\Hyperbook\miniconda3\Lib\asyncio\events.py", line 88, in _run
    self._context.run(self._callback, *self._args)
  File "C:\Users\Hyperbook\miniconda3\Lib\asyncio\proactor_events.py", line 165, in _call_connection_lost
    self._sock.shutdown(socket.SHUT_RDWR)
ConnectionResetError: [WinError 10054] Istniejące połączenie zostało gwałtownie zamknięte przez zdalnego hosta
2026-04-13 19:08:31 | Process-5 | ERROR | asyncio | Exception in callback _ProactorBasePipeTransport._call_connection_lost(None)
handle: <Handle _ProactorBasePipeTransport._call_connection_lost(None)>
Traceback (most recent call last):
  File "C:\Users\Hyperbook\miniconda3\Lib\asyncio\events.py", line 88, in _run
    self._context.run(self._callback, *self._args)
  File "C:\Users\Hyperbook\miniconda3\Lib\asyncio\proactor_events.py", line 165, in _call_connection_lost
    self._sock.shutdown(socket.SHUT_RDWR)
ConnectionResetError: [WinError 10054] Istniejące połączenie zostało gwałtownie zamknięte przez zdalnego hosta
2026-04-13 19:08:32 | Process-5 | ERROR | asyncio | Exception in callback _ProactorBasePipeTransport._call_connection_lost(None)
handle: <Handle _ProactorBasePipeTransport._call_connection_lost(None)>
Traceback (most recent call last):
  File "C:\Users\Hyperbook\miniconda3\Lib\asyncio\events.py", line 88, in _run
    self._context.run(self._callback, *self._args)
  File "C:\Users\Hyperbook\miniconda3\Lib\asyncio\proactor_events.py", line 165, in _call_connection_lost
    self._sock.shutdown(socket.SHUT_RDWR)
ConnectionResetError: [WinError 10054] Istniejące połączenie zostało gwałtownie zamknięte przez zdalnego hosta
2026-04-13 19:08:33 | Process-5 | ERROR | asyncio | Exception in callback _ProactorBasePipeTransport._call_connection_lost(None)
handle: <Handle _ProactorBasePipeTransport._call_connection_lost(None)>
Traceback (most recent call last):
  File "C:\Users\Hyperbook\miniconda3\Lib\asyncio\events.py", line 88, in _run
    self._context.run(self._callback, *self._args)
  File "C:\Users\Hyperbook\miniconda3\Lib\asyncio\proactor_events.py", line 165, in _call_connection_lost
    self._sock.shutdown(socket.SHUT_RDWR)
ConnectionResetError: [WinError 10054] Istniejące połączenie zostało gwałtownie zamknięte przez zdalnego hosta
2026-04-13 19:08:34 | Process-5 | ERROR | asyncio | Exception in callback _ProactorBasePipeTransport._call_connection_lost(None)
handle: <Handle _ProactorBasePipeTransport._call_connection_lost(None)>
Traceback (most recent call last):
  File "C:\Users\Hyperbook\miniconda3\Lib\asyncio\events.py", line 88, in _run
    self._context.run(self._callback, *self._args)
  File "C:\Users\Hyperbook\miniconda3\Lib\asyncio\proactor_events.py", line 165, in _call_connection_lost
    self._sock.shutdown(socket.SHUT_RDWR)
ConnectionResetError: [WinError 10054] Istniejące połączenie zostało gwałtownie zamknięte przez zdalnego hosta
2026-04-13 19:08:35 | Process-5 | ERROR | asyncio | Exception in callback _ProactorBasePipeTransport._call_connection_lost(None)
handle: <Handle _ProactorBasePipeTransport._call_connection_lost(None)>
Traceback (most recent call last):
  File "C:\Users\Hyperbook\miniconda3\Lib\asyncio\events.py", line 88, in _run
    self._context.run(self._callback, *self._args)
  File "C:\Users\Hyperbook\miniconda3\Lib\asyncio\proactor_events.py", line 165, in _call_connection_lost
    self._sock.shutdown(socket.SHUT_RDWR)
ConnectionResetError: [WinError 10054] Istniejące połączenie zostało gwałtownie zamknięte przez zdalnego hosta
2026-04-13 19:08:35 | Process-5 | ERROR | asyncio | Exception in callback _ProactorBasePipeTransport._call_connection_lost(None)
handle: <Handle _ProactorBasePipeTransport._call_connection_lost(None)>
Traceback (most recent call last):
  File "C:\Users\Hyperbook\miniconda3\Lib\asyncio\events.py", line 88, in _run
    self._context.run(self._callback, *self._args)
  File "C:\Users\Hyperbook\miniconda3\Lib\asyncio\proactor_events.py", line 165, in _call_connection_lost
    self._sock.shutdown(socket.SHUT_RDWR)
ConnectionResetError: [WinError 10054] Istniejące połączenie zostało gwałtownie zamknięte przez zdalnego hosta
2026-04-13 19:08:36 | Process-5 | ERROR | asyncio | Exception in callback _ProactorBasePipeTransport._call_connection_lost(None)
handle: <Handle _ProactorBasePipeTransport._call_connection_lost(None)>
Traceback (most recent call last):
  File "C:\Users\Hyperbook\miniconda3\Lib\asyncio\events.py", line 88, in _run
    self._context.run(self._callback, *self._args)
  File "C:\Users\Hyperbook\miniconda3\Lib\asyncio\proactor_events.py", line 165, in _call_connection_lost
    self._sock.shutdown(socket.SHUT_RDWR)
ConnectionResetError: [WinError 10054] Istniejące połączenie zostało gwałtownie zamknięte przez zdalnego hosta
2026-04-13 19:08:39 | Process-5 | ERROR | asyncio | Exception in callback _ProactorBasePipeTransport._call_connection_lost(None)
handle: <Handle _ProactorBasePipeTransport._call_connection_lost(None)>
Traceback (most recent call last):
  File "C:\Users\Hyperbook\miniconda3\Lib\asyncio\events.py", line 88, in _run
    self._context.run(self._callback, *self._args)
  File "C:\Users\Hyperbook\miniconda3\Lib\asyncio\proactor_events.py", line 165, in _call_connection_lost
    self._sock.shutdown(socket.SHUT_RDWR)
ConnectionResetError: [WinError 10054] Istniejące połączenie zostało gwałtownie zamknięte przez zdalnego hosta
2026-04-13 19:08:39 | Process-5 | ERROR | asyncio | Exception in callback _ProactorBasePipeTransport._call_connection_lost(None)
handle: <Handle _ProactorBasePipeTransport._call_connection_lost(None)>
Traceback (most recent call last):
  File "C:\Users\Hyperbook\miniconda3\Lib\asyncio\events.py", line 88, in _run
    self._context.run(self._callback, *self._args)
  File "C:\Users\Hyperbook\miniconda3\Lib\asyncio\proactor_events.py", line 165, in _call_connection_lost
    self._sock.shutdown(socket.SHUT_RDWR)
ConnectionResetError: [WinError 10054] Istniejące połączenie zostało gwałtownie zamknięte przez zdalnego hosta
2026-04-13 19:08:40 | Process-5 | ERROR | asyncio | Exception in callback _ProactorBasePipeTransport._call_connection_lost(None)
handle: <Handle _ProactorBasePipeTransport._call_connection_lost(None)>
Traceback (most recent call last):
  File "C:\Users\Hyperbook\miniconda3\Lib\asyncio\events.py", line 88, in _run
    self._context.run(self._callback, *self._args)
  File "C:\Users\Hyperbook\miniconda3\Lib\asyncio\proactor_events.py", line 165, in _call_connection_lost
    self._sock.shutdown(socket.SHUT_RDWR)
ConnectionResetError: [WinError 10054] Istniejące połączenie zostało gwałtownie zamknięte przez zdalnego hosta
2026-04-13 19:08:41 | Process-5 | ERROR | asyncio | Exception in callback _ProactorBasePipeTransport._call_connection_lost(None)
handle: <Handle _ProactorBasePipeTransport._call_connection_lost(None)>
Traceback (most recent call last):
  File "C:\Users\Hyperbook\miniconda3\Lib\asyncio\events.py", line 88, in _run
    self._context.run(self._callback, *self._args)
  File "C:\Users\Hyperbook\miniconda3\Lib\asyncio\proactor_events.py", line 165, in _call_connection_lost
    self._sock.shutdown(socket.SHUT_RDWR)
ConnectionResetError: [WinError 10054] Istniejące połączenie zostało gwałtownie zamknięte przez zdalnego hosta
2026-04-13 19:08:43 | Process-5 | ERROR | asyncio | Exception in callback _ProactorBasePipeTransport._call_connection_lost(None)
handle: <Handle _ProactorBasePipeTransport._call_connection_lost(None)>
Traceback (most recent call last):
  File "C:\Users\Hyperbook\miniconda3\Lib\asyncio\events.py", line 88, in _run
    self._context.run(self._callback, *self._args)
  File "C:\Users\Hyperbook\miniconda3\Lib\asyncio\proactor_events.py", line 165, in _call_connection_lost
    self._sock.shutdown(socket.SHUT_RDWR)
ConnectionResetError: [WinError 10054] Istniejące połączenie zostało gwałtownie zamknięte przez zdalnego hosta
2026-04-13 19:08:44 | Process-5 | ERROR | asyncio | Exception in callback _ProactorBasePipeTransport._call_connection_lost(None)
handle: <Handle _ProactorBasePipeTransport._call_connection_lost(None)>
Traceback (most recent call last):
  File "C:\Users\Hyperbook\miniconda3\Lib\asyncio\events.py", line 88, in _run
    self._context.run(self._callback, *self._args)
  File "C:\Users\Hyperbook\miniconda3\Lib\asyncio\proactor_events.py", line 165, in _call_connection_lost
    self._sock.shutdown(socket.SHUT_RDWR)
ConnectionResetError: [WinError 10054] Istniejące połączenie zostało gwałtownie zamknięte przez zdalnego hosta
2026-04-13 19:08:47 | Process-5 | ERROR | asyncio | Exception in callback _ProactorBasePipeTransport._call_connection_lost(None)
handle: <Handle _ProactorBasePipeTransport._call_connection_lost(None)>
Traceback (most recent call last):
  File "C:\Users\Hyperbook\miniconda3\Lib\asyncio\events.py", line 88, in _run
    self._context.run(self._callback, *self._args)
  File "C:\Users\Hyperbook\miniconda3\Lib\asyncio\proactor_events.py", line 165, in _call_connection_lost
    self._sock.shutdown(socket.SHUT_RDWR)
ConnectionResetError: [WinError 10054] Istniejące połączenie zostało gwałtownie zamknięte przez zdalnego hosta
2026-04-13 19:08:48 | Process-5 | ERROR | asyncio | Exception in callback _ProactorBasePipeTransport._call_connection_lost(None)
handle: <Handle _ProactorBasePipeTransport._call_connection_lost(None)>
Traceback (most recent call last):
  File "C:\Users\Hyperbook\miniconda3\Lib\asyncio\events.py", line 88, in _run
    self._context.run(self._callback, *self._args)
  File "C:\Users\Hyperbook\miniconda3\Lib\asyncio\proactor_events.py", line 165, in _call_connection_lost
    self._sock.shutdown(socket.SHUT_RDWR)
ConnectionResetError: [WinError 10054] Istniejące połączenie zostało gwałtownie zamknięte przez zdalnego hosta
2026-04-13 19:08:48 | Process-5 | ERROR | asyncio | Exception in callback _ProactorBasePipeTransport._call_connection_lost(None)
handle: <Handle _ProactorBasePipeTransport._call_connection_lost(None)>
Traceback (most recent call last):
  File "C:\Users\Hyperbook\miniconda3\Lib\asyncio\events.py", line 88, in _run
    self._context.run(self._callback, *self._args)
  File "C:\Users\Hyperbook\miniconda3\Lib\asyncio\proactor_events.py", line 165, in _call_connection_lost
    self._sock.shutdown(socket.SHUT_RDWR)
ConnectionResetError: [WinError 10054] Istniejące połączenie zostało gwałtownie zamknięte przez zdalnego hosta
2026-04-13 19:08:48 | Process-5 | ERROR | asyncio | Exception in callback _ProactorBasePipeTransport._call_connection_lost(None)
handle: <Handle _ProactorBasePipeTransport._call_connection_lost(None)>
Traceback (most recent call last):
  File "C:\Users\Hyperbook\miniconda3\Lib\asyncio\events.py", line 88, in _run
    self._context.run(self._callback, *self._args)
  File "C:\Users\Hyperbook\miniconda3\Lib\asyncio\proactor_events.py", line 165, in _call_connection_lost
    self._sock.shutdown(socket.SHUT_RDWR)
ConnectionResetError: [WinError 10054] Istniejące połączenie zostało gwałtownie zamknięte przez zdalnego hosta
2026-04-13 19:08:48 | Process-5 | ERROR | asyncio | Exception in callback _ProactorBasePipeTransport._call_connection_lost(None)
handle: <Handle _ProactorBasePipeTransport._call_connection_lost(None)>
Traceback (most recent call last):
  File "C:\Users\Hyperbook\miniconda3\Lib\asyncio\events.py", line 88, in _run
    self._context.run(self._callback, *self._args)
  File "C:\Users\Hyperbook\miniconda3\Lib\asyncio\proactor_events.py", line 165, in _call_connection_lost
    self._sock.shutdown(socket.SHUT_RDWR)
ConnectionResetError: [WinError 10054] Istniejące połączenie zostało gwałtownie zamknięte przez zdalnego hosta
2026-04-13 19:08:48 | Process-5 | ERROR | asyncio | Exception in callback _ProactorBasePipeTransport._call_connection_lost(None)
handle: <Handle _ProactorBasePipeTransport._call_connection_lost(None)>
Traceback (most recent call last):
  File "C:\Users\Hyperbook\miniconda3\Lib\asyncio\events.py", line 88, in _run
    self._context.run(self._callback, *self._args)
  File "C:\Users\Hyperbook\miniconda3\Lib\asyncio\proactor_events.py", line 165, in _call_connection_lost
    self._sock.shutdown(socket.SHUT_RDWR)
ConnectionResetError: [WinError 10054] Istniejące połączenie zostało gwałtownie zamknięte przez zdalnego hosta
2026-04-13 19:08:49 | Process-5 | ERROR | asyncio | Exception in callback _ProactorBasePipeTransport._call_connection_lost(None)
handle: <Handle _ProactorBasePipeTransport._call_connection_lost(None)>
Traceback (most recent call last):
  File "C:\Users\Hyperbook\miniconda3\Lib\asyncio\events.py", line 88, in _run
    self._context.run(self._callback, *self._args)
  File "C:\Users\Hyperbook\miniconda3\Lib\asyncio\proactor_events.py", line 165, in _call_connection_lost
    self._sock.shutdown(socket.SHUT_RDWR)
ConnectionResetError: [WinError 10054] Istniejące połączenie zostało gwałtownie zamknięte przez zdalnego hosta
2026-04-13 19:08:49 | Process-5 | ERROR | asyncio | Exception in callback _ProactorBasePipeTransport._call_connection_lost(None)
handle: <Handle _ProactorBasePipeTransport._call_connection_lost(None)>
Traceback (most recent call last):
  File "C:\Users\Hyperbook\miniconda3\Lib\asyncio\events.py", line 88, in _run
    self._context.run(self._callback, *self._args)
  File "C:\Users\Hyperbook\miniconda3\Lib\asyncio\proactor_events.py", line 165, in _call_connection_lost
    self._sock.shutdown(socket.SHUT_RDWR)
ConnectionResetError: [WinError 10054] Istniejące połączenie zostało gwałtownie zamknięte przez zdalnego hosta
2026-04-13 19:08:51 | Process-5 | ERROR | asyncio | Exception in callback _ProactorBasePipeTransport._call_connection_lost(None)
handle: <Handle _ProactorBasePipeTransport._call_connection_lost(None)>
Traceback (most recent call last):
  File "C:\Users\Hyperbook\miniconda3\Lib\asyncio\events.py", line 88, in _run
    self._context.run(self._callback, *self._args)
  File "C:\Users\Hyperbook\miniconda3\Lib\asyncio\proactor_events.py", line 165, in _call_connection_lost
    self._sock.shutdown(socket.SHUT_RDWR)
ConnectionResetError: [WinError 10054] Istniejące połączenie zostało gwałtownie zamknięte przez zdalnego hosta
2026-04-13 19:08:55 | Process-5 | ERROR | asyncio | Exception in callback _ProactorBasePipeTransport._call_connection_lost(None)
handle: <Handle _ProactorBasePipeTransport._call_connection_lost(None)>
Traceback (most recent call last):
  File "C:\Users\Hyperbook\miniconda3\Lib\asyncio\events.py", line 88, in _run
    self._context.run(self._callback, *self._args)
  File "C:\Users\Hyperbook\miniconda3\Lib\asyncio\proactor_events.py", line 165, in _call_connection_lost
    self._sock.shutdown(socket.SHUT_RDWR)
ConnectionResetError: [WinError 10054] Istniejące połączenie zostało gwałtownie zamknięte przez zdalnego hosta
2026-04-13 19:08:56 | Process-5 | ERROR | asyncio | Exception in callback _ProactorBasePipeTransport._call_connection_lost(None)
handle: <Handle _ProactorBasePipeTransport._call_connection_lost(None)>
Traceback (most recent call last):
  File "C:\Users\Hyperbook\miniconda3\Lib\asyncio\events.py", line 88, in _run
    self._context.run(self._callback, *self._args)
  File "C:\Users\Hyperbook\miniconda3\Lib\asyncio\proactor_events.py", line 165, in _call_connection_lost
    self._sock.shutdown(socket.SHUT_RDWR)
ConnectionResetError: [WinError 10054] Istniejące połączenie zostało gwałtownie zamknięte przez zdalnego hosta
2026-04-13 19:08:57 | Process-5 | ERROR | asyncio | Exception in callback _ProactorBasePipeTransport._call_connection_lost(None)
handle: <Handle _ProactorBasePipeTransport._call_connection_lost(None)>
Traceback (most recent call last):
  File "C:\Users\Hyperbook\miniconda3\Lib\asyncio\events.py", line 88, in _run
    self._context.run(self._callback, *self._args)
  File "C:\Users\Hyperbook\miniconda3\Lib\asyncio\proactor_events.py", line 165, in _call_connection_lost
    self._sock.shutdown(socket.SHUT_RDWR)
ConnectionResetError: [WinError 10054] Istniejące połączenie zostało gwałtownie zamknięte przez zdalnego hosta
2026-04-13 19:08:57 | Process-5 | ERROR | asyncio | Exception in callback _ProactorBasePipeTransport._call_connection_lost(None)
handle: <Handle _ProactorBasePipeTransport._call_connection_lost(None)>
Traceback (most recent call last):
  File "C:\Users\Hyperbook\miniconda3\Lib\asyncio\events.py", line 88, in _run
    self._context.run(self._callback, *self._args)
  File "C:\Users\Hyperbook\miniconda3\Lib\asyncio\proactor_events.py", line 165, in _call_connection_lost
    self._sock.shutdown(socket.SHUT_RDWR)
ConnectionResetError: [WinError 10054] Istniejące połączenie zostało gwałtownie zamknięte przez zdalnego hosta
2026-04-13 19:08:59 | Process-5 | ERROR | asyncio | Exception in callback _ProactorBasePipeTransport._call_connection_lost(None)
handle: <Handle _ProactorBasePipeTransport._call_connection_lost(None)>
Traceback (most recent call last):
  File "C:\Users\Hyperbook\miniconda3\Lib\asyncio\events.py", line 88, in _run
    self._context.run(self._callback, *self._args)
  File "C:\Users\Hyperbook\miniconda3\Lib\asyncio\proactor_events.py", line 165, in _call_connection_lost
    self._sock.shutdown(socket.SHUT_RDWR)
ConnectionResetError: [WinError 10054] Istniejące połączenie zostało gwałtownie zamknięte przez zdalnego hosta
2026-04-13 19:08:59 | Process-5 | ERROR | asyncio | Exception in callback _ProactorBasePipeTransport._call_connection_lost(None)
handle: <Handle _ProactorBasePipeTransport._call_connection_lost(None)>
Traceback (most recent call last):
  File "C:\Users\Hyperbook\miniconda3\Lib\asyncio\events.py", line 88, in _run
    self._context.run(self._callback, *self._args)
  File "C:\Users\Hyperbook\miniconda3\Lib\asyncio\proactor_events.py", line 165, in _call_connection_lost
    self._sock.shutdown(socket.SHUT_RDWR)
ConnectionResetError: [WinError 10054] Istniejące połączenie zostało gwałtownie zamknięte przez zdalnego hosta
2026-04-13 19:08:59 | Process-5 | ERROR | asyncio | Exception in callback _ProactorBasePipeTransport._call_connection_lost(None)
handle: <Handle _ProactorBasePipeTransport._call_connection_lost(None)>
Traceback (most recent call last):
  File "C:\Users\Hyperbook\miniconda3\Lib\asyncio\events.py", line 88, in _run
    self._context.run(self._callback, *self._args)
  File "C:\Users\Hyperbook\miniconda3\Lib\asyncio\proactor_events.py", line 165, in _call_connection_lost
    self._sock.shutdown(socket.SHUT_RDWR)
ConnectionResetError: [WinError 10054] Istniejące połączenie zostało gwałtownie zamknięte przez zdalnego hosta
2026-04-13 19:09:00 | Process-5 | ERROR | asyncio | Exception in callback _ProactorBasePipeTransport._call_connection_lost(None)
handle: <Handle _ProactorBasePipeTransport._call_connection_lost(None)>
Traceback (most recent call last):
  File "C:\Users\Hyperbook\miniconda3\Lib\asyncio\events.py", line 88, in _run
    self._context.run(self._callback, *self._args)
  File "C:\Users\Hyperbook\miniconda3\Lib\asyncio\proactor_events.py", line 165, in _call_connection_lost
    self._sock.shutdown(socket.SHUT_RDWR)
ConnectionResetError: [WinError 10054] Istniejące połączenie zostało gwałtownie zamknięte przez zdalnego hosta
2026-04-13 19:09:02 | Process-5 | ERROR | asyncio | Exception in callback _ProactorBasePipeTransport._call_connection_lost(None)
handle: <Handle _ProactorBasePipeTransport._call_connection_lost(None)>
Traceback (most recent call last):
  File "C:\Users\Hyperbook\miniconda3\Lib\asyncio\events.py", line 88, in _run
    self._context.run(self._callback, *self._args)
  File "C:\Users\Hyperbook\miniconda3\Lib\asyncio\proactor_events.py", line 165, in _call_connection_lost
    self._sock.shutdown(socket.SHUT_RDWR)
ConnectionResetError: [WinError 10054] Istniejące połączenie zostało gwałtownie zamknięte przez zdalnego hosta
2026-04-13 19:09:02 | Process-5 | ERROR | asyncio | Exception in callback _ProactorBasePipeTransport._call_connection_lost(None)
handle: <Handle _ProactorBasePipeTransport._call_connection_lost(None)>
Traceback (most recent call last):
  File "C:\Users\Hyperbook\miniconda3\Lib\asyncio\events.py", line 88, in _run
    self._context.run(self._callback, *self._args)
  File "C:\Users\Hyperbook\miniconda3\Lib\asyncio\proactor_events.py", line 165, in _call_connection_lost
    self._sock.shutdown(socket.SHUT_RDWR)
ConnectionResetError: [WinError 10054] Istniejące połączenie zostało gwałtownie zamknięte przez zdalnego hosta
2026-04-13 19:09:03 | Process-5 | ERROR | asyncio | Exception in callback _ProactorBasePipeTransport._call_connection_lost(None)
handle: <Handle _ProactorBasePipeTransport._call_connection_lost(None)>
Traceback (most recent call last):
  File "C:\Users\Hyperbook\miniconda3\Lib\asyncio\events.py", line 88, in _run
    self._context.run(self._callback, *self._args)
  File "C:\Users\Hyperbook\miniconda3\Lib\asyncio\proactor_events.py", line 165, in _call_connection_lost
    self._sock.shutdown(socket.SHUT_RDWR)
ConnectionResetError: [WinError 10054] Istniejące połączenie zostało gwałtownie zamknięte przez zdalnego hosta
2026-04-13 19:09:04 | Process-5 | ERROR | asyncio | Exception in callback _ProactorBasePipeTransport._call_connection_lost(None)
handle: <Handle _ProactorBasePipeTransport._call_connection_lost(None)>
Traceback (most recent call last):
  File "C:\Users\Hyperbook\miniconda3\Lib\asyncio\events.py", line 88, in _run
    self._context.run(self._callback, *self._args)
  File "C:\Users\Hyperbook\miniconda3\Lib\asyncio\proactor_events.py", line 165, in _call_connection_lost
    self._sock.shutdown(socket.SHUT_RDWR)
ConnectionResetError: [WinError 10054] Istniejące połączenie zostało gwałtownie zamknięte przez zdalnego hosta
2026-04-13 19:09:04 | Process-5 | ERROR | asyncio | Exception in callback _ProactorBasePipeTransport._call_connection_lost(None)
handle: <Handle _ProactorBasePipeTransport._call_connection_lost(None)>
Traceback (most recent call last):
  File "C:\Users\Hyperbook\miniconda3\Lib\asyncio\events.py", line 88, in _run
    self._context.run(self._callback, *self._args)
  File "C:\Users\Hyperbook\miniconda3\Lib\asyncio\proactor_events.py", line 165, in _call_connection_lost
    self._sock.shutdown(socket.SHUT_RDWR)
ConnectionResetError: [WinError 10054] Istniejące połączenie zostało gwałtownie zamknięte przez zdalnego hosta
2026-04-13 19:09:06 | Process-5 | ERROR | asyncio | Exception in callback _ProactorBasePipeTransport._call_connection_lost(None)
handle: <Handle _ProactorBasePipeTransport._call_connection_lost(None)>
Traceback (most recent call last):
  File "C:\Users\Hyperbook\miniconda3\Lib\asyncio\events.py", line 88, in _run
    self._context.run(self._callback, *self._args)
  File "C:\Users\Hyperbook\miniconda3\Lib\asyncio\proactor_events.py", line 165, in _call_connection_lost
    self._sock.shutdown(socket.SHUT_RDWR)
ConnectionResetError: [WinError 10054] Istniejące połączenie zostało gwałtownie zamknięte przez zdalnego hosta
2026-04-13 19:09:07 | Process-5 | ERROR | asyncio | Exception in callback _ProactorBasePipeTransport._call_connection_lost(None)
handle: <Handle _ProactorBasePipeTransport._call_connection_lost(None)>
Traceback (most recent call last):
  File "C:\Users\Hyperbook\miniconda3\Lib\asyncio\events.py", line 88, in _run
    self._context.run(self._callback, *self._args)
  File "C:\Users\Hyperbook\miniconda3\Lib\asyncio\proactor_events.py", line 165, in _call_connection_lost
    self._sock.shutdown(socket.SHUT_RDWR)
ConnectionResetError: [WinError 10054] Istniejące połączenie zostało gwałtownie zamknięte przez zdalnego hosta
2026-04-13 19:09:10 | Process-5 | ERROR | asyncio | Exception in callback _ProactorBasePipeTransport._call_connection_lost(None)
handle: <Handle _ProactorBasePipeTransport._call_connection_lost(None)>
Traceback (most recent call last):
  File "C:\Users\Hyperbook\miniconda3\Lib\asyncio\events.py", line 88, in _run
    self._context.run(self._callback, *self._args)
  File "C:\Users\Hyperbook\miniconda3\Lib\asyncio\proactor_events.py", line 165, in _call_connection_lost
    self._sock.shutdown(socket.SHUT_RDWR)
ConnectionResetError: [WinError 10054] Istniejące połączenie zostało gwałtownie zamknięte przez zdalnego hosta
2026-04-13 19:09:10 | Process-5 | ERROR | asyncio | Exception in callback _ProactorBasePipeTransport._call_connection_lost(None)
handle: <Handle _ProactorBasePipeTransport._call_connection_lost(None)>
Traceback (most recent call last):
  File "C:\Users\Hyperbook\miniconda3\Lib\asyncio\events.py", line 88, in _run
    self._context.run(self._callback, *self._args)
  File "C:\Users\Hyperbook\miniconda3\Lib\asyncio\proactor_events.py", line 165, in _call_connection_lost
    self._sock.shutdown(socket.SHUT_RDWR)
ConnectionResetError: [WinError 10054] Istniejące połączenie zostało gwałtownie zamknięte przez zdalnego hosta
2026-04-13 19:09:11 | Process-5 | ERROR | asyncio | Exception in callback _ProactorBasePipeTransport._call_connection_lost(None)
handle: <Handle _ProactorBasePipeTransport._call_connection_lost(None)>
Traceback (most recent call last):
  File "C:\Users\Hyperbook\miniconda3\Lib\asyncio\events.py", line 88, in _run
    self._context.run(self._callback, *self._args)
  File "C:\Users\Hyperbook\miniconda3\Lib\asyncio\proactor_events.py", line 165, in _call_connection_lost
    self._sock.shutdown(socket.SHUT_RDWR)
ConnectionResetError: [WinError 10054] Istniejące połączenie zostało gwałtownie zamknięte przez zdalnego hosta
2026-04-13 19:09:11 | Process-5 | ERROR | asyncio | Exception in callback _ProactorBasePipeTransport._call_connection_lost(None)
handle: <Handle _ProactorBasePipeTransport._call_connection_lost(None)>
Traceback (most recent call last):
  File "C:\Users\Hyperbook\miniconda3\Lib\asyncio\events.py", line 88, in _run
    self._context.run(self._callback, *self._args)
  File "C:\Users\Hyperbook\miniconda3\Lib\asyncio\proactor_events.py", line 165, in _call_connection_lost
    self._sock.shutdown(socket.SHUT_RDWR)
ConnectionResetError: [WinError 10054] Istniejące połączenie zostało gwałtownie zamknięte przez zdalnego hosta
2026-04-13 19:09:12 | Process-5 | ERROR | asyncio | Exception in callback _ProactorBasePipeTransport._call_connection_lost(None)
handle: <Handle _ProactorBasePipeTransport._call_connection_lost(None)>
Traceback (most recent call last):
  File "C:\Users\Hyperbook\miniconda3\Lib\asyncio\events.py", line 88, in _run
    self._context.run(self._callback, *self._args)
  File "C:\Users\Hyperbook\miniconda3\Lib\asyncio\proactor_events.py", line 165, in _call_connection_lost
    self._sock.shutdown(socket.SHUT_RDWR)
ConnectionResetError: [WinError 10054] Istniejące połączenie zostało gwałtownie zamknięte przez zdalnego hosta
2026-04-13 19:09:12 | Process-5 | ERROR | asyncio | Exception in callback _ProactorBasePipeTransport._call_connection_lost(None)
handle: <Handle _ProactorBasePipeTransport._call_connection_lost(None)>
Traceback (most recent call last):
  File "C:\Users\Hyperbook\miniconda3\Lib\asyncio\events.py", line 88, in _run
    self._context.run(self._callback, *self._args)
  File "C:\Users\Hyperbook\miniconda3\Lib\asyncio\proactor_events.py", line 165, in _call_connection_lost
    self._sock.shutdown(socket.SHUT_RDWR)
ConnectionResetError: [WinError 10054] Istniejące połączenie zostało gwałtownie zamknięte przez zdalnego hosta
2026-04-13 19:09:13 | Process-5 | ERROR | asyncio | Exception in callback _ProactorBasePipeTransport._call_connection_lost(None)
handle: <Handle _ProactorBasePipeTransport._call_connection_lost(None)>
Traceback (most recent call last):
  File "C:\Users\Hyperbook\miniconda3\Lib\asyncio\events.py", line 88, in _run
    self._context.run(self._callback, *self._args)
  File "C:\Users\Hyperbook\miniconda3\Lib\asyncio\proactor_events.py", line 165, in _call_connection_lost
    self._sock.shutdown(socket.SHUT_RDWR)
ConnectionResetError: [WinError 10054] Istniejące połączenie zostało gwałtownie zamknięte przez zdalnego hosta
2026-04-13 19:09:15 | Process-5 | ERROR | asyncio | Exception in callback _ProactorBasePipeTransport._call_connection_lost(None)
handle: <Handle _ProactorBasePipeTransport._call_connection_lost(None)>
Traceback (most recent call last):
  File "C:\Users\Hyperbook\miniconda3\Lib\asyncio\events.py", line 88, in _run
    self._context.run(self._callback, *self._args)
  File "C:\Users\Hyperbook\miniconda3\Lib\asyncio\proactor_events.py", line 165, in _call_connection_lost
    self._sock.shutdown(socket.SHUT_RDWR)
ConnectionResetError: [WinError 10054] Istniejące połączenie zostało gwałtownie zamknięte przez zdalnego hosta
2026-04-13 19:09:17 | Process-5 | ERROR | asyncio | Exception in callback _ProactorBasePipeTransport._call_connection_lost(None)
handle: <Handle _ProactorBasePipeTransport._call_connection_lost(None)>
Traceback (most recent call last):
  File "C:\Users\Hyperbook\miniconda3\Lib\asyncio\events.py", line 88, in _run
    self._context.run(self._callback, *self._args)
  File "C:\Users\Hyperbook\miniconda3\Lib\asyncio\proactor_events.py", line 165, in _call_connection_lost
    self._sock.shutdown(socket.SHUT_RDWR)
ConnectionResetError: [WinError 10054] Istniejące połączenie zostało gwałtownie zamknięte przez zdalnego hosta
2026-04-13 19:09:17 | Process-5 | ERROR | asyncio | Exception in callback _ProactorBasePipeTransport._call_connection_lost(None)
handle: <Handle _ProactorBasePipeTransport._call_connection_lost(None)>
Traceback (most recent call last):
  File "C:\Users\Hyperbook\miniconda3\Lib\asyncio\events.py", line 88, in _run
    self._context.run(self._callback, *self._args)
  File "C:\Users\Hyperbook\miniconda3\Lib\asyncio\proactor_events.py", line 165, in _call_connection_lost
    self._sock.shutdown(socket.SHUT_RDWR)
ConnectionResetError: [WinError 10054] Istniejące połączenie zostało gwałtownie zamknięte przez zdalnego hosta
2026-04-13 19:09:18 | Process-5 | ERROR | asyncio | Exception in callback _ProactorBasePipeTransport._call_connection_lost(None)
handle: <Handle _ProactorBasePipeTransport._call_connection_lost(None)>
Traceback (most recent call last):
  File "C:\Users\Hyperbook\miniconda3\Lib\asyncio\events.py", line 88, in _run
    self._context.run(self._callback, *self._args)
  File "C:\Users\Hyperbook\miniconda3\Lib\asyncio\proactor_events.py", line 165, in _call_connection_lost
    self._sock.shutdown(socket.SHUT_RDWR)
ConnectionResetError: [WinError 10054] Istniejące połączenie zostało gwałtownie zamknięte przez zdalnego hosta
2026-04-13 19:09:18 | Process-5 | ERROR | asyncio | Exception in callback _ProactorBasePipeTransport._call_connection_lost(None)
handle: <Handle _ProactorBasePipeTransport._call_connection_lost(None)>
Traceback (most recent call last):
  File "C:\Users\Hyperbook\miniconda3\Lib\asyncio\events.py", line 88, in _run
    self._context.run(self._callback, *self._args)
  File "C:\Users\Hyperbook\miniconda3\Lib\asyncio\proactor_events.py", line 165, in _call_connection_lost
    self._sock.shutdown(socket.SHUT_RDWR)
ConnectionResetError: [WinError 10054] Istniejące połączenie zostało gwałtownie zamknięte przez zdalnego hosta
2026-04-13 19:09:19 | Process-5 | ERROR | asyncio | Exception in callback _ProactorBasePipeTransport._call_connection_lost(None)
handle: <Handle _ProactorBasePipeTransport._call_connection_lost(None)>
Traceback (most recent call last):
  File "C:\Users\Hyperbook\miniconda3\Lib\asyncio\events.py", line 88, in _run
    self._context.run(self._callback, *self._args)
  File "C:\Users\Hyperbook\miniconda3\Lib\asyncio\proactor_events.py", line 165, in _call_connection_lost
    self._sock.shutdown(socket.SHUT_RDWR)
ConnectionResetError: [WinError 10054] Istniejące połączenie zostało gwałtownie zamknięte przez zdalnego hosta
2026-04-13 19:09:19 | Process-5 | ERROR | asyncio | Exception in callback _ProactorBasePipeTransport._call_connection_lost(None)
handle: <Handle _ProactorBasePipeTransport._call_connection_lost(None)>
Traceback (most recent call last):
  File "C:\Users\Hyperbook\miniconda3\Lib\asyncio\events.py", line 88, in _run
    self._context.run(self._callback, *self._args)
  File "C:\Users\Hyperbook\miniconda3\Lib\asyncio\proactor_events.py", line 165, in _call_connection_lost
    self._sock.shutdown(socket.SHUT_RDWR)
ConnectionResetError: [WinError 10054] Istniejące połączenie zostało gwałtownie zamknięte przez zdalnego hosta
2026-04-13 19:09:20 | Process-5 | ERROR | asyncio | Exception in callback _ProactorBasePipeTransport._call_connection_lost(None)
handle: <Handle _ProactorBasePipeTransport._call_connection_lost(None)>
Traceback (most recent call last):
  File "C:\Users\Hyperbook\miniconda3\Lib\asyncio\events.py", line 88, in _run
    self._context.run(self._callback, *self._args)
  File "C:\Users\Hyperbook\miniconda3\Lib\asyncio\proactor_events.py", line 165, in _call_connection_lost
    self._sock.shutdown(socket.SHUT_RDWR)
ConnectionResetError: [WinError 10054] Istniejące połączenie zostało gwałtownie zamknięte przez zdalnego hosta
2026-04-13 19:09:20 | Process-5 | ERROR | asyncio | Exception in callback _ProactorBasePipeTransport._call_connection_lost(None)
handle: <Handle _ProactorBasePipeTransport._call_connection_lost(None)>
Traceback (most recent call last):
  File "C:\Users\Hyperbook\miniconda3\Lib\asyncio\events.py", line 88, in _run
    self._context.run(self._callback, *self._args)
  File "C:\Users\Hyperbook\miniconda3\Lib\asyncio\proactor_events.py", line 165, in _call_connection_lost
    self._sock.shutdown(socket.SHUT_RDWR)
ConnectionResetError: [WinError 10054] Istniejące połączenie zostało gwałtownie zamknięte przez zdalnego hosta
2026-04-13 19:09:21 | Process-5 | ERROR | asyncio | Exception in callback _ProactorBasePipeTransport._call_connection_lost(None)
handle: <Handle _ProactorBasePipeTransport._call_connection_lost(None)>
Traceback (most recent call last):
  File "C:\Users\Hyperbook\miniconda3\Lib\asyncio\events.py", line 88, in _run
    self._context.run(self._callback, *self._args)
  File "C:\Users\Hyperbook\miniconda3\Lib\asyncio\proactor_events.py", line 165, in _call_connection_lost
    self._sock.shutdown(socket.SHUT_RDWR)
ConnectionResetError: [WinError 10054] Istniejące połączenie zostało gwałtownie zamknięte przez zdalnego hosta
2026-04-13 19:09:21 | Process-5 | ERROR | asyncio | Exception in callback _ProactorBasePipeTransport._call_connection_lost(None)
handle: <Handle _ProactorBasePipeTransport._call_connection_lost(None)>
Traceback (most recent call last):
  File "C:\Users\Hyperbook\miniconda3\Lib\asyncio\events.py", line 88, in _run
    self._context.run(self._callback, *self._args)
  File "C:\Users\Hyperbook\miniconda3\Lib\asyncio\proactor_events.py", line 165, in _call_connection_lost
    self._sock.shutdown(socket.SHUT_RDWR)
ConnectionResetError: [WinError 10054] Istniejące połączenie zostało gwałtownie zamknięte przez zdalnego hosta
2026-04-13 19:09:22 | Process-5 | ERROR | asyncio | Exception in callback _ProactorBasePipeTransport._call_connection_lost(None)
handle: <Handle _ProactorBasePipeTransport._call_connection_lost(None)>
Traceback (most recent call last):
  File "C:\Users\Hyperbook\miniconda3\Lib\asyncio\events.py", line 88, in _run
    self._context.run(self._callback, *self._args)
  File "C:\Users\Hyperbook\miniconda3\Lib\asyncio\proactor_events.py", line 165, in _call_connection_lost
    self._sock.shutdown(socket.SHUT_RDWR)
ConnectionResetError: [WinError 10054] Istniejące połączenie zostało gwałtownie zamknięte przez zdalnego hosta
2026-04-13 19:09:23 | Process-5 | ERROR | asyncio | Exception in callback _ProactorBasePipeTransport._call_connection_lost(None)
handle: <Handle _ProactorBasePipeTransport._call_connection_lost(None)>
Traceback (most recent call last):
  File "C:\Users\Hyperbook\miniconda3\Lib\asyncio\events.py", line 88, in _run
    self._context.run(self._callback, *self._args)
  File "C:\Users\Hyperbook\miniconda3\Lib\asyncio\proactor_events.py", line 165, in _call_connection_lost
    self._sock.shutdown(socket.SHUT_RDWR)
ConnectionResetError: [WinError 10054] Istniejące połączenie zostało gwałtownie zamknięte przez zdalnego hosta
2026-04-13 19:09:26 | Process-5 | ERROR | asyncio | Exception in callback _ProactorBasePipeTransport._call_connection_lost(None)
handle: <Handle _ProactorBasePipeTransport._call_connection_lost(None)>
Traceback (most recent call last):
  File "C:\Users\Hyperbook\miniconda3\Lib\asyncio\events.py", line 88, in _run
    self._context.run(self._callback, *self._args)
  File "C:\Users\Hyperbook\miniconda3\Lib\asyncio\proactor_events.py", line 165, in _call_connection_lost
    self._sock.shutdown(socket.SHUT_RDWR)
ConnectionResetError: [WinError 10054] Istniejące połączenie zostało gwałtownie zamknięte przez zdalnego hosta
2026-04-13 19:09:30 | Process-5 | ERROR | asyncio | Exception in callback _ProactorBasePipeTransport._call_connection_lost(None)
handle: <Handle _ProactorBasePipeTransport._call_connection_lost(None)>
Traceback (most recent call last):
  File "C:\Users\Hyperbook\miniconda3\Lib\asyncio\events.py", line 88, in _run
    self._context.run(self._callback, *self._args)
  File "C:\Users\Hyperbook\miniconda3\Lib\asyncio\proactor_events.py", line 165, in _call_connection_lost
    self._sock.shutdown(socket.SHUT_RDWR)
ConnectionResetError: [WinError 10054] Istniejące połączenie zostało gwałtownie zamknięte przez zdalnego hosta
2026-04-13 19:09:31 | Process-5 | ERROR | asyncio | Exception in callback _ProactorBasePipeTransport._call_connection_lost(None)
handle: <Handle _ProactorBasePipeTransport._call_connection_lost(None)>
Traceback (most recent call last):
  File "C:\Users\Hyperbook\miniconda3\Lib\asyncio\events.py", line 88, in _run
    self._context.run(self._callback, *self._args)
  File "C:\Users\Hyperbook\miniconda3\Lib\asyncio\proactor_events.py", line 165, in _call_connection_lost
    self._sock.shutdown(socket.SHUT_RDWR)
ConnectionResetError: [WinError 10054] Istniejące połączenie zostało gwałtownie zamknięte przez zdalnego hosta
2026-04-13 19:09:32 | Process-5 | ERROR | asyncio | Exception in callback _ProactorBasePipeTransport._call_connection_lost(None)
handle: <Handle _ProactorBasePipeTransport._call_connection_lost(None)>
Traceback (most recent call last):
  File "C:\Users\Hyperbook\miniconda3\Lib\asyncio\events.py", line 88, in _run
    self._context.run(self._callback, *self._args)
  File "C:\Users\Hyperbook\miniconda3\Lib\asyncio\proactor_events.py", line 165, in _call_connection_lost
    self._sock.shutdown(socket.SHUT_RDWR)
ConnectionResetError: [WinError 10054] Istniejące połączenie zostało gwałtownie zamknięte przez zdalnego hosta
2026-04-13 19:09:32 | Process-5 | ERROR | asyncio | Exception in callback _ProactorBasePipeTransport._call_connection_lost(None)
handle: <Handle _ProactorBasePipeTransport._call_connection_lost(None)>
Traceback (most recent call last):
  File "C:\Users\Hyperbook\miniconda3\Lib\asyncio\events.py", line 88, in _run
    self._context.run(self._callback, *self._args)
  File "C:\Users\Hyperbook\miniconda3\Lib\asyncio\proactor_events.py", line 165, in _call_connection_lost
    self._sock.shutdown(socket.SHUT_RDWR)
ConnectionResetError: [WinError 10054] Istniejące połączenie zostało gwałtownie zamknięte przez zdalnego hosta
2026-04-13 19:09:32 | Process-5 | ERROR | asyncio | Exception in callback _ProactorBasePipeTransport._call_connection_lost(None)
handle: <Handle _ProactorBasePipeTransport._call_connection_lost(None)>
Traceback (most recent call last):
  File "C:\Users\Hyperbook\miniconda3\Lib\asyncio\events.py", line 88, in _run
    self._context.run(self._callback, *self._args)
  File "C:\Users\Hyperbook\miniconda3\Lib\asyncio\proactor_events.py", line 165, in _call_connection_lost
    self._sock.shutdown(socket.SHUT_RDWR)
ConnectionResetError: [WinError 10054] Istniejące połączenie zostało gwałtownie zamknięte przez zdalnego hosta
2026-04-13 19:09:33 | Process-5 | ERROR | asyncio | Exception in callback _ProactorBasePipeTransport._call_connection_lost(None)
handle: <Handle _ProactorBasePipeTransport._call_connection_lost(None)>
Traceback (most recent call last):
  File "C:\Users\Hyperbook\miniconda3\Lib\asyncio\events.py", line 88, in _run
    self._context.run(self._callback, *self._args)
  File "C:\Users\Hyperbook\miniconda3\Lib\asyncio\proactor_events.py", line 165, in _call_connection_lost
    self._sock.shutdown(socket.SHUT_RDWR)
ConnectionResetError: [WinError 10054] Istniejące połączenie zostało gwałtownie zamknięte przez zdalnego hosta
2026-04-13 19:09:33 | Process-5 | ERROR | asyncio | Exception in callback _ProactorBasePipeTransport._call_connection_lost(None)
handle: <Handle _ProactorBasePipeTransport._call_connection_lost(None)>
Traceback (most recent call last):
  File "C:\Users\Hyperbook\miniconda3\Lib\asyncio\events.py", line 88, in _run
    self._context.run(self._callback, *self._args)
  File "C:\Users\Hyperbook\miniconda3\Lib\asyncio\proactor_events.py", line 165, in _call_connection_lost
    self._sock.shutdown(socket.SHUT_RDWR)
ConnectionResetError: [WinError 10054] Istniejące połączenie zostało gwałtownie zamknięte przez zdalnego hosta
2026-04-13 19:09:35 | Process-5 | ERROR | asyncio | Exception in callback _ProactorBasePipeTransport._call_connection_lost(None)
handle: <Handle _ProactorBasePipeTransport._call_connection_lost(None)>
Traceback (most recent call last):
  File "C:\Users\Hyperbook\miniconda3\Lib\asyncio\events.py", line 88, in _run
    self._context.run(self._callback, *self._args)
  File "C:\Users\Hyperbook\miniconda3\Lib\asyncio\proactor_events.py", line 165, in _call_connection_lost
    self._sock.shutdown(socket.SHUT_RDWR)
ConnectionResetError: [WinError 10054] Istniejące połączenie zostało gwałtownie zamknięte przez zdalnego hosta
2026-04-13 19:09:36 | Process-5 | ERROR | asyncio | Exception in callback _ProactorBasePipeTransport._call_connection_lost(None)
handle: <Handle _ProactorBasePipeTransport._call_connection_lost(None)>
Traceback (most recent call last):
  File "C:\Users\Hyperbook\miniconda3\Lib\asyncio\events.py", line 88, in _run
    self._context.run(self._callback, *self._args)
  File "C:\Users\Hyperbook\miniconda3\Lib\asyncio\proactor_events.py", line 165, in _call_connection_lost
    self._sock.shutdown(socket.SHUT_RDWR)
ConnectionResetError: [WinError 10054] Istniejące połączenie zostało gwałtownie zamknięte przez zdalnego hosta
2026-04-13 19:09:39 | Process-5 | ERROR | asyncio | Exception in callback _ProactorBasePipeTransport._call_connection_lost(None)
handle: <Handle _ProactorBasePipeTransport._call_connection_lost(None)>
Traceback (most recent call last):
  File "C:\Users\Hyperbook\miniconda3\Lib\asyncio\events.py", line 88, in _run
    self._context.run(self._callback, *self._args)
  File "C:\Users\Hyperbook\miniconda3\Lib\asyncio\proactor_events.py", line 165, in _call_connection_lost
    self._sock.shutdown(socket.SHUT_RDWR)
ConnectionResetError: [WinError 10054] Istniejące połączenie zostało gwałtownie zamknięte przez zdalnego hosta
2026-04-13 19:09:39 | Process-5 | ERROR | asyncio | Exception in callback _ProactorBasePipeTransport._call_connection_lost(None)
handle: <Handle _ProactorBasePipeTransport._call_connection_lost(None)>
Traceback (most recent call last):
  File "C:\Users\Hyperbook\miniconda3\Lib\asyncio\events.py", line 88, in _run
    self._context.run(self._callback, *self._args)
  File "C:\Users\Hyperbook\miniconda3\Lib\asyncio\proactor_events.py", line 165, in _call_connection_lost
    self._sock.shutdown(socket.SHUT_RDWR)
ConnectionResetError: [WinError 10054] Istniejące połączenie zostało gwałtownie zamknięte przez zdalnego hosta
2026-04-13 19:09:42 | Process-5 | ERROR | asyncio | Exception in callback _ProactorBasePipeTransport._call_connection_lost(None)
handle: <Handle _ProactorBasePipeTransport._call_connection_lost(None)>
Traceback (most recent call last):
  File "C:\Users\Hyperbook\miniconda3\Lib\asyncio\events.py", line 88, in _run
    self._context.run(self._callback, *self._args)
  File "C:\Users\Hyperbook\miniconda3\Lib\asyncio\proactor_events.py", line 165, in _call_connection_lost
    self._sock.shutdown(socket.SHUT_RDWR)
ConnectionResetError: [WinError 10054] Istniejące połączenie zostało gwałtownie zamknięte przez zdalnego hosta
2026-04-13 19:09:42 | Process-5 | ERROR | asyncio | Exception in callback _ProactorBasePipeTransport._call_connection_lost(None)
handle: <Handle _ProactorBasePipeTransport._call_connection_lost(None)>
Traceback (most recent call last):
  File "C:\Users\Hyperbook\miniconda3\Lib\asyncio\events.py", line 88, in _run
    self._context.run(self._callback, *self._args)
  File "C:\Users\Hyperbook\miniconda3\Lib\asyncio\proactor_events.py", line 165, in _call_connection_lost
    self._sock.shutdown(socket.SHUT_RDWR)
ConnectionResetError: [WinError 10054] Istniejące połączenie zostało gwałtownie zamknięte przez zdalnego hosta
2026-04-13 19:09:42 | Process-5 | ERROR | asyncio | Exception in callback _ProactorBasePipeTransport._call_connection_lost(None)
handle: <Handle _ProactorBasePipeTransport._call_connection_lost(None)>
Traceback (most recent call last):
  File "C:\Users\Hyperbook\miniconda3\Lib\asyncio\events.py", line 88, in _run
    self._context.run(self._callback, *self._args)
  File "C:\Users\Hyperbook\miniconda3\Lib\asyncio\proactor_events.py", line 165, in _call_connection_lost
    self._sock.shutdown(socket.SHUT_RDWR)
ConnectionResetError: [WinError 10054] Istniejące połączenie zostało gwałtownie zamknięte przez zdalnego hosta
2026-04-13 19:09:43 | Process-5 | ERROR | asyncio | Exception in callback _ProactorBasePipeTransport._call_connection_lost(None)
handle: <Handle _ProactorBasePipeTransport._call_connection_lost(None)>
Traceback (most recent call last):
  File "C:\Users\Hyperbook\miniconda3\Lib\asyncio\events.py", line 88, in _run
    self._context.run(self._callback, *self._args)
  File "C:\Users\Hyperbook\miniconda3\Lib\asyncio\proactor_events.py", line 165, in _call_connection_lost
    self._sock.shutdown(socket.SHUT_RDWR)
ConnectionResetError: [WinError 10054] Istniejące połączenie zostało gwałtownie zamknięte przez zdalnego hosta
2026-04-13 19:09:43 | Process-5 | ERROR | asyncio | Exception in callback _ProactorBasePipeTransport._call_connection_lost(None)
handle: <Handle _ProactorBasePipeTransport._call_connection_lost(None)>
Traceback (most recent call last):
  File "C:\Users\Hyperbook\miniconda3\Lib\asyncio\events.py", line 88, in _run
    self._context.run(self._callback, *self._args)
  File "C:\Users\Hyperbook\miniconda3\Lib\asyncio\proactor_events.py", line 165, in _call_connection_lost
    self._sock.shutdown(socket.SHUT_RDWR)
ConnectionResetError: [WinError 10054] Istniejące połączenie zostało gwałtownie zamknięte przez zdalnego hosta
2026-04-13 19:09:44 | Process-5 | ERROR | asyncio | Exception in callback _ProactorBasePipeTransport._call_connection_lost(None)
handle: <Handle _ProactorBasePipeTransport._call_connection_lost(None)>
Traceback (most recent call last):
  File "C:\Users\Hyperbook\miniconda3\Lib\asyncio\events.py", line 88, in _run
    self._context.run(self._callback, *self._args)
  File "C:\Users\Hyperbook\miniconda3\Lib\asyncio\proactor_events.py", line 165, in _call_connection_lost
    self._sock.shutdown(socket.SHUT_RDWR)
ConnectionResetError: [WinError 10054] Istniejące połączenie zostało gwałtownie zamknięte przez zdalnego hosta
2026-04-13 19:09:45 | Process-5 | ERROR | asyncio | Exception in callback _ProactorBasePipeTransport._call_connection_lost(None)
handle: <Handle _ProactorBasePipeTransport._call_connection_lost(None)>
Traceback (most recent call last):
  File "C:\Users\Hyperbook\miniconda3\Lib\asyncio\events.py", line 88, in _run
    self._context.run(self._callback, *self._args)
  File "C:\Users\Hyperbook\miniconda3\Lib\asyncio\proactor_events.py", line 165, in _call_connection_lost
    self._sock.shutdown(socket.SHUT_RDWR)
ConnectionResetError: [WinError 10054] Istniejące połączenie zostało gwałtownie zamknięte przez zdalnego hosta
2026-04-13 19:09:46 | Process-5 | ERROR | asyncio | Exception in callback _ProactorBasePipeTransport._call_connection_lost(None)
handle: <Handle _ProactorBasePipeTransport._call_connection_lost(None)>
Traceback (most recent call last):
  File "C:\Users\Hyperbook\miniconda3\Lib\asyncio\events.py", line 88, in _run
    self._context.run(self._callback, *self._args)
  File "C:\Users\Hyperbook\miniconda3\Lib\asyncio\proactor_events.py", line 165, in _call_connection_lost
    self._sock.shutdown(socket.SHUT_RDWR)
ConnectionResetError: [WinError 10054] Istniejące połączenie zostało gwałtownie zamknięte przez zdalnego hosta
2026-04-13 19:09:46 | Process-5 | ERROR | asyncio | Exception in callback _ProactorBasePipeTransport._call_connection_lost(None)
handle: <Handle _ProactorBasePipeTransport._call_connection_lost(None)>
Traceback (most recent call last):
  File "C:\Users\Hyperbook\miniconda3\Lib\asyncio\events.py", line 88, in _run
    self._context.run(self._callback, *self._args)
  File "C:\Users\Hyperbook\miniconda3\Lib\asyncio\proactor_events.py", line 165, in _call_connection_lost
    self._sock.shutdown(socket.SHUT_RDWR)
ConnectionResetError: [WinError 10054] Istniejące połączenie zostało gwałtownie zamknięte przez zdalnego hosta
2026-04-13 19:09:47 | Process-5 | ERROR | asyncio | Exception in callback _ProactorBasePipeTransport._call_connection_lost(None)
handle: <Handle _ProactorBasePipeTransport._call_connection_lost(None)>
Traceback (most recent call last):
  File "C:\Users\Hyperbook\miniconda3\Lib\asyncio\events.py", line 88, in _run
    self._context.run(self._callback, *self._args)
  File "C:\Users\Hyperbook\miniconda3\Lib\asyncio\proactor_events.py", line 165, in _call_connection_lost
    self._sock.shutdown(socket.SHUT_RDWR)
ConnectionResetError: [WinError 10054] Istniejące połączenie zostało gwałtownie zamknięte przez zdalnego hosta
2026-04-13 19:09:48 | Process-5 | ERROR | asyncio | Exception in callback _ProactorBasePipeTransport._call_connection_lost(None)
handle: <Handle _ProactorBasePipeTransport._call_connection_lost(None)>
Traceback (most recent call last):
  File "C:\Users\Hyperbook\miniconda3\Lib\asyncio\events.py", line 88, in _run
    self._context.run(self._callback, *self._args)
  File "C:\Users\Hyperbook\miniconda3\Lib\asyncio\proactor_events.py", line 165, in _call_connection_lost
    self._sock.shutdown(socket.SHUT_RDWR)
ConnectionResetError: [WinError 10054] Istniejące połączenie zostało gwałtownie zamknięte przez zdalnego hosta
2026-04-13 19:09:50 | Process-5 | ERROR | asyncio | Exception in callback _ProactorBasePipeTransport._call_connection_lost(None)
handle: <Handle _ProactorBasePipeTransport._call_connection_lost(None)>
Traceback (most recent call last):
  File "C:\Users\Hyperbook\miniconda3\Lib\asyncio\events.py", line 88, in _run
    self._context.run(self._callback, *self._args)
  File "C:\Users\Hyperbook\miniconda3\Lib\asyncio\proactor_events.py", line 165, in _call_connection_lost
    self._sock.shutdown(socket.SHUT_RDWR)
ConnectionResetError: [WinError 10054] Istniejące połączenie zostało gwałtownie zamknięte przez zdalnego hosta
2026-04-13 19:09:50 | Process-5 | ERROR | asyncio | Exception in callback _ProactorBasePipeTransport._call_connection_lost(None)
handle: <Handle _ProactorBasePipeTransport._call_connection_lost(None)>
Traceback (most recent call last):
  File "C:\Users\Hyperbook\miniconda3\Lib\asyncio\events.py", line 88, in _run
    self._context.run(self._callback, *self._args)
  File "C:\Users\Hyperbook\miniconda3\Lib\asyncio\proactor_events.py", line 165, in _call_connection_lost
    self._sock.shutdown(socket.SHUT_RDWR)
ConnectionResetError: [WinError 10054] Istniejące połączenie zostało gwałtownie zamknięte przez zdalnego hosta
2026-04-13 19:09:50 | Process-5 | ERROR | asyncio | Exception in callback _ProactorBasePipeTransport._call_connection_lost(None)
handle: <Handle _ProactorBasePipeTransport._call_connection_lost(None)>
Traceback (most recent call last):
  File "C:\Users\Hyperbook\miniconda3\Lib\asyncio\events.py", line 88, in _run
    self._context.run(self._callback, *self._args)
  File "C:\Users\Hyperbook\miniconda3\Lib\asyncio\proactor_events.py", line 165, in _call_connection_lost
    self._sock.shutdown(socket.SHUT_RDWR)
ConnectionResetError: [WinError 10054] Istniejące połączenie zostało gwałtownie zamknięte przez zdalnego hosta
2026-04-13 19:09:51 | Process-5 | ERROR | asyncio | Exception in callback _ProactorBasePipeTransport._call_connection_lost(None)
handle: <Handle _ProactorBasePipeTransport._call_connection_lost(None)>
Traceback (most recent call last):
  File "C:\Users\Hyperbook\miniconda3\Lib\asyncio\events.py", line 88, in _run
    self._context.run(self._callback, *self._args)
  File "C:\Users\Hyperbook\miniconda3\Lib\asyncio\proactor_events.py", line 165, in _call_connection_lost
    self._sock.shutdown(socket.SHUT_RDWR)
ConnectionResetError: [WinError 10054] Istniejące połączenie zostało gwałtownie zamknięte przez zdalnego hosta
2026-04-13 19:09:51 | Process-5 | ERROR | asyncio | Exception in callback _ProactorBasePipeTransport._call_connection_lost(None)
handle: <Handle _ProactorBasePipeTransport._call_connection_lost(None)>
Traceback (most recent call last):
  File "C:\Users\Hyperbook\miniconda3\Lib\asyncio\events.py", line 88, in _run
    self._context.run(self._callback, *self._args)
  File "C:\Users\Hyperbook\miniconda3\Lib\asyncio\proactor_events.py", line 165, in _call_connection_lost
    self._sock.shutdown(socket.SHUT_RDWR)
ConnectionResetError: [WinError 10054] Istniejące połączenie zostało gwałtownie zamknięte przez zdalnego hosta
2026-04-13 19:09:51 | Process-5 | ERROR | asyncio | Exception in callback _ProactorBasePipeTransport._call_connection_lost(None)
handle: <Handle _ProactorBasePipeTransport._call_connection_lost(None)>
Traceback (most recent call last):
  File "C:\Users\Hyperbook\miniconda3\Lib\asyncio\events.py", line 88, in _run
    self._context.run(self._callback, *self._args)
  File "C:\Users\Hyperbook\miniconda3\Lib\asyncio\proactor_events.py", line 165, in _call_connection_lost
    self._sock.shutdown(socket.SHUT_RDWR)
ConnectionResetError: [WinError 10054] Istniejące połączenie zostało gwałtownie zamknięte przez zdalnego hosta
2026-04-13 19:09:51 | Process-5 | ERROR | asyncio | Exception in callback _ProactorBasePipeTransport._call_connection_lost(None)
handle: <Handle _ProactorBasePipeTransport._call_connection_lost(None)>
Traceback (most recent call last):
  File "C:\Users\Hyperbook\miniconda3\Lib\asyncio\events.py", line 88, in _run
    self._context.run(self._callback, *self._args)
  File "C:\Users\Hyperbook\miniconda3\Lib\asyncio\proactor_events.py", line 165, in _call_connection_lost
    self._sock.shutdown(socket.SHUT_RDWR)
ConnectionResetError: [WinError 10054] Istniejące połączenie zostało gwałtownie zamknięte przez zdalnego hosta
2026-04-13 19:09:51 | Process-5 | ERROR | asyncio | Exception in callback _ProactorBasePipeTransport._call_connection_lost(None)
handle: <Handle _ProactorBasePipeTransport._call_connection_lost(None)>
Traceback (most recent call last):
  File "C:\Users\Hyperbook\miniconda3\Lib\asyncio\events.py", line 88, in _run
    self._context.run(self._callback, *self._args)
  File "C:\Users\Hyperbook\miniconda3\Lib\asyncio\proactor_events.py", line 165, in _call_connection_lost
    self._sock.shutdown(socket.SHUT_RDWR)
ConnectionResetError: [WinError 10054] Istniejące połączenie zostało gwałtownie zamknięte przez zdalnego hosta
2026-04-13 19:09:54 | Process-5 | ERROR | asyncio | Exception in callback _ProactorBasePipeTransport._call_connection_lost(None)
handle: <Handle _ProactorBasePipeTransport._call_connection_lost(None)>
Traceback (most recent call last):
  File "C:\Users\Hyperbook\miniconda3\Lib\asyncio\events.py", line 88, in _run
    self._context.run(self._callback, *self._args)
  File "C:\Users\Hyperbook\miniconda3\Lib\asyncio\proactor_events.py", line 165, in _call_connection_lost
    self._sock.shutdown(socket.SHUT_RDWR)
ConnectionResetError: [WinError 10054] Istniejące połączenie zostało gwałtownie zamknięte przez zdalnego hosta
2026-04-13 19:09:55 | Process-5 | ERROR | asyncio | Exception in callback _ProactorBasePipeTransport._call_connection_lost(None)
handle: <Handle _ProactorBasePipeTransport._call_connection_lost(None)>
Traceback (most recent call last):
  File "C:\Users\Hyperbook\miniconda3\Lib\asyncio\events.py", line 88, in _run
    self._context.run(self._callback, *self._args)
  File "C:\Users\Hyperbook\miniconda3\Lib\asyncio\proactor_events.py", line 165, in _call_connection_lost
    self._sock.shutdown(socket.SHUT_RDWR)
ConnectionResetError: [WinError 10054] Istniejące połączenie zostało gwałtownie zamknięte przez zdalnego hosta
2026-04-13 19:09:56 | Process-5 | ERROR | asyncio | Exception in callback _ProactorBasePipeTransport._call_connection_lost(None)
handle: <Handle _ProactorBasePipeTransport._call_connection_lost(None)>
Traceback (most recent call last):
  File "C:\Users\Hyperbook\miniconda3\Lib\asyncio\events.py", line 88, in _run
    self._context.run(self._callback, *self._args)
  File "C:\Users\Hyperbook\miniconda3\Lib\asyncio\proactor_events.py", line 165, in _call_connection_lost
    self._sock.shutdown(socket.SHUT_RDWR)
ConnectionResetError: [WinError 10054] Istniejące połączenie zostało gwałtownie zamknięte przez zdalnego hosta
2026-04-13 19:09:56 | Process-5 | ERROR | asyncio | Exception in callback _ProactorBasePipeTransport._call_connection_lost(None)
handle: <Handle _ProactorBasePipeTransport._call_connection_lost(None)>
Traceback (most recent call last):
  File "C:\Users\Hyperbook\miniconda3\Lib\asyncio\events.py", line 88, in _run
    self._context.run(self._callback, *self._args)
  File "C:\Users\Hyperbook\miniconda3\Lib\asyncio\proactor_events.py", line 165, in _call_connection_lost
    self._sock.shutdown(socket.SHUT_RDWR)
ConnectionResetError: [WinError 10054] Istniejące połączenie zostało gwałtownie zamknięte przez zdalnego hosta
2026-04-13 19:09:57 | Process-5 | ERROR | asyncio | Exception in callback _ProactorBasePipeTransport._call_connection_lost(None)
handle: <Handle _ProactorBasePipeTransport._call_connection_lost(None)>
Traceback (most recent call last):
  File "C:\Users\Hyperbook\miniconda3\Lib\asyncio\events.py", line 88, in _run
    self._context.run(self._callback, *self._args)
  File "C:\Users\Hyperbook\miniconda3\Lib\asyncio\proactor_events.py", line 165, in _call_connection_lost
    self._sock.shutdown(socket.SHUT_RDWR)
ConnectionResetError: [WinError 10054] Istniejące połączenie zostało gwałtownie zamknięte przez zdalnego hosta
2026-04-13 19:09:57 | Process-5 | ERROR | asyncio | Exception in callback _ProactorBasePipeTransport._call_connection_lost(None)
handle: <Handle _ProactorBasePipeTransport._call_connection_lost(None)>
Traceback (most recent call last):
  File "C:\Users\Hyperbook\miniconda3\Lib\asyncio\events.py", line 88, in _run
    self._context.run(self._callback, *self._args)
  File "C:\Users\Hyperbook\miniconda3\Lib\asyncio\proactor_events.py", line 165, in _call_connection_lost
    self._sock.shutdown(socket.SHUT_RDWR)
ConnectionResetError: [WinError 10054] Istniejące połączenie zostało gwałtownie zamknięte przez zdalnego hosta
2026-04-13 19:09:57 | Process-5 | ERROR | asyncio | Exception in callback _ProactorBasePipeTransport._call_connection_lost(None)
handle: <Handle _ProactorBasePipeTransport._call_connection_lost(None)>
Traceback (most recent call last):
  File "C:\Users\Hyperbook\miniconda3\Lib\asyncio\events.py", line 88, in _run
    self._context.run(self._callback, *self._args)
  File "C:\Users\Hyperbook\miniconda3\Lib\asyncio\proactor_events.py", line 165, in _call_connection_lost
    self._sock.shutdown(socket.SHUT_RDWR)
ConnectionResetError: [WinError 10054] Istniejące połączenie zostało gwałtownie zamknięte przez zdalnego hosta
2026-04-13 19:09:57 | Process-5 | ERROR | asyncio | Exception in callback _ProactorBasePipeTransport._call_connection_lost(None)
handle: <Handle _ProactorBasePipeTransport._call_connection_lost(None)>
Traceback (most recent call last):
  File "C:\Users\Hyperbook\miniconda3\Lib\asyncio\events.py", line 88, in _run
    self._context.run(self._callback, *self._args)
  File "C:\Users\Hyperbook\miniconda3\Lib\asyncio\proactor_events.py", line 165, in _call_connection_lost
    self._sock.shutdown(socket.SHUT_RDWR)
ConnectionResetError: [WinError 10054] Istniejące połączenie zostało gwałtownie zamknięte przez zdalnego hosta
2026-04-13 19:09:58 | Process-5 | ERROR | asyncio | Exception in callback _ProactorBasePipeTransport._call_connection_lost(None)
handle: <Handle _ProactorBasePipeTransport._call_connection_lost(None)>
Traceback (most recent call last):
  File "C:\Users\Hyperbook\miniconda3\Lib\asyncio\events.py", line 88, in _run
    self._context.run(self._callback, *self._args)
  File "C:\Users\Hyperbook\miniconda3\Lib\asyncio\proactor_events.py", line 165, in _call_connection_lost
    self._sock.shutdown(socket.SHUT_RDWR)
ConnectionResetError: [WinError 10054] Istniejące połączenie zostało gwałtownie zamknięte przez zdalnego hosta
2026-04-13 19:09:58 | Process-5 | ERROR | asyncio | Exception in callback _ProactorBasePipeTransport._call_connection_lost(None)
handle: <Handle _ProactorBasePipeTransport._call_connection_lost(None)>
Traceback (most recent call last):
  File "C:\Users\Hyperbook\miniconda3\Lib\asyncio\events.py", line 88, in _run
    self._context.run(self._callback, *self._args)
  File "C:\Users\Hyperbook\miniconda3\Lib\asyncio\proactor_events.py", line 165, in _call_connection_lost
    self._sock.shutdown(socket.SHUT_RDWR)
ConnectionResetError: [WinError 10054] Istniejące połączenie zostało gwałtownie zamknięte przez zdalnego hosta
2026-04-13 19:09:58 | Process-5 | ERROR | asyncio | Exception in callback _ProactorBasePipeTransport._call_connection_lost(None)
handle: <Handle _ProactorBasePipeTransport._call_connection_lost(None)>
Traceback (most recent call last):
  File "C:\Users\Hyperbook\miniconda3\Lib\asyncio\events.py", line 88, in _run
    self._context.run(self._callback, *self._args)
  File "C:\Users\Hyperbook\miniconda3\Lib\asyncio\proactor_events.py", line 165, in _call_connection_lost
    self._sock.shutdown(socket.SHUT_RDWR)
ConnectionResetError: [WinError 10054] Istniejące połączenie zostało gwałtownie zamknięte przez zdalnego hosta
2026-04-13 19:09:58 | Process-5 | ERROR | asyncio | Exception in callback _ProactorBasePipeTransport._call_connection_lost(None)
handle: <Handle _ProactorBasePipeTransport._call_connection_lost(None)>
Traceback (most recent call last):
  File "C:\Users\Hyperbook\miniconda3\Lib\asyncio\events.py", line 88, in _run
    self._context.run(self._callback, *self._args)
  File "C:\Users\Hyperbook\miniconda3\Lib\asyncio\proactor_events.py", line 165, in _call_connection_lost
    self._sock.shutdown(socket.SHUT_RDWR)
ConnectionResetError: [WinError 10054] Istniejące połączenie zostało gwałtownie zamknięte przez zdalnego hosta
2026-04-13 19:09:58 | Process-5 | ERROR | asyncio | Exception in callback _ProactorBasePipeTransport._call_connection_lost(None)
handle: <Handle _ProactorBasePipeTransport._call_connection_lost(None)>
Traceback (most recent call last):
  File "C:\Users\Hyperbook\miniconda3\Lib\asyncio\events.py", line 88, in _run
    self._context.run(self._callback, *self._args)
  File "C:\Users\Hyperbook\miniconda3\Lib\asyncio\proactor_events.py", line 165, in _call_connection_lost
    self._sock.shutdown(socket.SHUT_RDWR)
ConnectionResetError: [WinError 10054] Istniejące połączenie zostało gwałtownie zamknięte przez zdalnego hosta
2026-04-13 19:09:59 | Process-5 | ERROR | asyncio | Exception in callback _ProactorBasePipeTransport._call_connection_lost(None)
handle: <Handle _ProactorBasePipeTransport._call_connection_lost(None)>
Traceback (most recent call last):
  File "C:\Users\Hyperbook\miniconda3\Lib\asyncio\events.py", line 88, in _run
    self._context.run(self._callback, *self._args)
  File "C:\Users\Hyperbook\miniconda3\Lib\asyncio\proactor_events.py", line 165, in _call_connection_lost
    self._sock.shutdown(socket.SHUT_RDWR)
ConnectionResetError: [WinError 10054] Istniejące połączenie zostało gwałtownie zamknięte przez zdalnego hosta
2026-04-13 19:10:00 | Process-5 | ERROR | asyncio | Exception in callback _ProactorBasePipeTransport._call_connection_lost(None)
handle: <Handle _ProactorBasePipeTransport._call_connection_lost(None)>
Traceback (most recent call last):
  File "C:\Users\Hyperbook\miniconda3\Lib\asyncio\events.py", line 88, in _run
    self._context.run(self._callback, *self._args)
  File "C:\Users\Hyperbook\miniconda3\Lib\asyncio\proactor_events.py", line 165, in _call_connection_lost
    self._sock.shutdown(socket.SHUT_RDWR)
ConnectionResetError: [WinError 10054] Istniejące połączenie zostało gwałtownie zamknięte przez zdalnego hosta
2026-04-13 19:10:00 | Process-5 | ERROR | asyncio | Exception in callback _ProactorBasePipeTransport._call_connection_lost(None)
handle: <Handle _ProactorBasePipeTransport._call_connection_lost(None)>
Traceback (most recent call last):
  File "C:\Users\Hyperbook\miniconda3\Lib\asyncio\events.py", line 88, in _run
    self._context.run(self._callback, *self._args)
  File "C:\Users\Hyperbook\miniconda3\Lib\asyncio\proactor_events.py", line 165, in _call_connection_lost
    self._sock.shutdown(socket.SHUT_RDWR)
ConnectionResetError: [WinError 10054] Istniejące połączenie zostało gwałtownie zamknięte przez zdalnego hosta
2026-04-13 19:10:01 | Process-5 | ERROR | asyncio | Exception in callback _ProactorBasePipeTransport._call_connection_lost(None)
handle: <Handle _ProactorBasePipeTransport._call_connection_lost(None)>
Traceback (most recent call last):
  File "C:\Users\Hyperbook\miniconda3\Lib\asyncio\events.py", line 88, in _run
    self._context.run(self._callback, *self._args)
  File "C:\Users\Hyperbook\miniconda3\Lib\asyncio\proactor_events.py", line 165, in _call_connection_lost
    self._sock.shutdown(socket.SHUT_RDWR)
ConnectionResetError: [WinError 10054] Istniejące połączenie zostało gwałtownie zamknięte przez zdalnego hosta
2026-04-13 19:10:01 | Process-5 | ERROR | asyncio | Exception in callback _ProactorBasePipeTransport._call_connection_lost(None)
handle: <Handle _ProactorBasePipeTransport._call_connection_lost(None)>
Traceback (most recent call last):
  File "C:\Users\Hyperbook\miniconda3\Lib\asyncio\events.py", line 88, in _run
    self._context.run(self._callback, *self._args)
  File "C:\Users\Hyperbook\miniconda3\Lib\asyncio\proactor_events.py", line 165, in _call_connection_lost
    self._sock.shutdown(socket.SHUT_RDWR)
ConnectionResetError: [WinError 10054] Istniejące połączenie zostało gwałtownie zamknięte przez zdalnego hosta
2026-04-13 19:10:01 | Process-5 | ERROR | asyncio | Exception in callback _ProactorBasePipeTransport._call_connection_lost(None)
handle: <Handle _ProactorBasePipeTransport._call_connection_lost(None)>
Traceback (most recent call last):
  File "C:\Users\Hyperbook\miniconda3\Lib\asyncio\events.py", line 88, in _run
    self._context.run(self._callback, *self._args)
  File "C:\Users\Hyperbook\miniconda3\Lib\asyncio\proactor_events.py", line 165, in _call_connection_lost
    self._sock.shutdown(socket.SHUT_RDWR)
ConnectionResetError: [WinError 10054] Istniejące połączenie zostało gwałtownie zamknięte przez zdalnego hosta
2026-04-13 19:10:02 | Process-5 | ERROR | asyncio | Exception in callback _ProactorBasePipeTransport._call_connection_lost(None)
handle: <Handle _ProactorBasePipeTransport._call_connection_lost(None)>
Traceback (most recent call last):
  File "C:\Users\Hyperbook\miniconda3\Lib\asyncio\events.py", line 88, in _run
    self._context.run(self._callback, *self._args)
  File "C:\Users\Hyperbook\miniconda3\Lib\asyncio\proactor_events.py", line 165, in _call_connection_lost
    self._sock.shutdown(socket.SHUT_RDWR)
ConnectionResetError: [WinError 10054] Istniejące połączenie zostało gwałtownie zamknięte przez zdalnego hosta
2026-04-13 19:10:02 | Process-5 | ERROR | asyncio | Exception in callback _ProactorBasePipeTransport._call_connection_lost(None)
handle: <Handle _ProactorBasePipeTransport._call_connection_lost(None)>
Traceback (most recent call last):
  File "C:\Users\Hyperbook\miniconda3\Lib\asyncio\events.py", line 88, in _run
    self._context.run(self._callback, *self._args)
  File "C:\Users\Hyperbook\miniconda3\Lib\asyncio\proactor_events.py", line 165, in _call_connection_lost
    self._sock.shutdown(socket.SHUT_RDWR)
ConnectionResetError: [WinError 10054] Istniejące połączenie zostało gwałtownie zamknięte przez zdalnego hosta
2026-04-13 19:10:03 | Process-5 | ERROR | asyncio | Exception in callback _ProactorBasePipeTransport._call_connection_lost(None)
handle: <Handle _ProactorBasePipeTransport._call_connection_lost(None)>
Traceback (most recent call last):
  File "C:\Users\Hyperbook\miniconda3\Lib\asyncio\events.py", line 88, in _run
    self._context.run(self._callback, *self._args)
  File "C:\Users\Hyperbook\miniconda3\Lib\asyncio\proactor_events.py", line 165, in _call_connection_lost
    self._sock.shutdown(socket.SHUT_RDWR)
ConnectionResetError: [WinError 10054] Istniejące połączenie zostało gwałtownie zamknięte przez zdalnego hosta
2026-04-13 19:10:03 | Process-5 | ERROR | asyncio | Exception in callback _ProactorBasePipeTransport._call_connection_lost(None)
handle: <Handle _ProactorBasePipeTransport._call_connection_lost(None)>
Traceback (most recent call last):
  File "C:\Users\Hyperbook\miniconda3\Lib\asyncio\events.py", line 88, in _run
    self._context.run(self._callback, *self._args)
  File "C:\Users\Hyperbook\miniconda3\Lib\asyncio\proactor_events.py", line 165, in _call_connection_lost
    self._sock.shutdown(socket.SHUT_RDWR)
ConnectionResetError: [WinError 10054] Istniejące połączenie zostało gwałtownie zamknięte przez zdalnego hosta
2026-04-13 19:10:04 | Process-5 | ERROR | asyncio | Exception in callback _ProactorBasePipeTransport._call_connection_lost(None)
handle: <Handle _ProactorBasePipeTransport._call_connection_lost(None)>
Traceback (most recent call last):
  File "C:\Users\Hyperbook\miniconda3\Lib\asyncio\events.py", line 88, in _run
    self._context.run(self._callback, *self._args)
  File "C:\Users\Hyperbook\miniconda3\Lib\asyncio\proactor_events.py", line 165, in _call_connection_lost
    self._sock.shutdown(socket.SHUT_RDWR)
ConnectionResetError: [WinError 10054] Istniejące połączenie zostało gwałtownie zamknięte przez zdalnego hosta
2026-04-13 19:10:04 | Process-5 | ERROR | asyncio | Exception in callback _ProactorBasePipeTransport._call_connection_lost(None)
handle: <Handle _ProactorBasePipeTransport._call_connection_lost(None)>
Traceback (most recent call last):
  File "C:\Users\Hyperbook\miniconda3\Lib\asyncio\events.py", line 88, in _run
    self._context.run(self._callback, *self._args)
  File "C:\Users\Hyperbook\miniconda3\Lib\asyncio\proactor_events.py", line 165, in _call_connection_lost
    self._sock.shutdown(socket.SHUT_RDWR)
ConnectionResetError: [WinError 10054] Istniejące połączenie zostało gwałtownie zamknięte przez zdalnego hosta
2026-04-13 19:10:04 | Process-5 | ERROR | asyncio | Exception in callback _ProactorBasePipeTransport._call_connection_lost(None)
handle: <Handle _ProactorBasePipeTransport._call_connection_lost(None)>
Traceback (most recent call last):
  File "C:\Users\Hyperbook\miniconda3\Lib\asyncio\events.py", line 88, in _run
    self._context.run(self._callback, *self._args)
  File "C:\Users\Hyperbook\miniconda3\Lib\asyncio\proactor_events.py", line 165, in _call_connection_lost
    self._sock.shutdown(socket.SHUT_RDWR)
ConnectionResetError: [WinError 10054] Istniejące połączenie zostało gwałtownie zamknięte przez zdalnego hosta
2026-04-13 19:10:05 | Process-5 | ERROR | asyncio | Exception in callback _ProactorBasePipeTransport._call_connection_lost(None)
handle: <Handle _ProactorBasePipeTransport._call_connection_lost(None)>
Traceback (most recent call last):
  File "C:\Users\Hyperbook\miniconda3\Lib\asyncio\events.py", line 88, in _run
    self._context.run(self._callback, *self._args)
  File "C:\Users\Hyperbook\miniconda3\Lib\asyncio\proactor_events.py", line 165, in _call_connection_lost
    self._sock.shutdown(socket.SHUT_RDWR)
ConnectionResetError: [WinError 10054] Istniejące połączenie zostało gwałtownie zamknięte przez zdalnego hosta
2026-04-13 19:10:05 | Process-5 | ERROR | asyncio | Exception in callback _ProactorBasePipeTransport._call_connection_lost(None)
handle: <Handle _ProactorBasePipeTransport._call_connection_lost(None)>
Traceback (most recent call last):
  File "C:\Users\Hyperbook\miniconda3\Lib\asyncio\events.py", line 88, in _run
    self._context.run(self._callback, *self._args)
  File "C:\Users\Hyperbook\miniconda3\Lib\asyncio\proactor_events.py", line 165, in _call_connection_lost
    self._sock.shutdown(socket.SHUT_RDWR)
ConnectionResetError: [WinError 10054] Istniejące połączenie zostało gwałtownie zamknięte przez zdalnego hosta
2026-04-13 19:10:06 | Process-5 | ERROR | asyncio | Exception in callback _ProactorBasePipeTransport._call_connection_lost(None)
handle: <Handle _ProactorBasePipeTransport._call_connection_lost(None)>
Traceback (most recent call last):
  File "C:\Users\Hyperbook\miniconda3\Lib\asyncio\events.py", line 88, in _run
    self._context.run(self._callback, *self._args)
  File "C:\Users\Hyperbook\miniconda3\Lib\asyncio\proactor_events.py", line 165, in _call_connection_lost
    self._sock.shutdown(socket.SHUT_RDWR)
ConnectionResetError: [WinError 10054] Istniejące połączenie zostało gwałtownie zamknięte przez zdalnego hosta
2026-04-13 19:10:06 | Process-5 | ERROR | asyncio | Exception in callback _ProactorBasePipeTransport._call_connection_lost(None)
handle: <Handle _ProactorBasePipeTransport._call_connection_lost(None)>
Traceback (most recent call last):
  File "C:\Users\Hyperbook\miniconda3\Lib\asyncio\events.py", line 88, in _run
    self._context.run(self._callback, *self._args)
  File "C:\Users\Hyperbook\miniconda3\Lib\asyncio\proactor_events.py", line 165, in _call_connection_lost
    self._sock.shutdown(socket.SHUT_RDWR)
ConnectionResetError: [WinError 10054] Istniejące połączenie zostało gwałtownie zamknięte przez zdalnego hosta
2026-04-13 19:10:06 | Process-5 | ERROR | asyncio | Exception in callback _ProactorBasePipeTransport._call_connection_lost(None)
handle: <Handle _ProactorBasePipeTransport._call_connection_lost(None)>
Traceback (most recent call last):
  File "C:\Users\Hyperbook\miniconda3\Lib\asyncio\events.py", line 88, in _run
    self._context.run(self._callback, *self._args)
  File "C:\Users\Hyperbook\miniconda3\Lib\asyncio\proactor_events.py", line 165, in _call_connection_lost
    self._sock.shutdown(socket.SHUT_RDWR)
ConnectionResetError: [WinError 10054] Istniejące połączenie zostało gwałtownie zamknięte przez zdalnego hosta
2026-04-13 19:10:09 | Process-5 | ERROR | asyncio | Exception in callback _ProactorBasePipeTransport._call_connection_lost(None)
handle: <Handle _ProactorBasePipeTransport._call_connection_lost(None)>
Traceback (most recent call last):
  File "C:\Users\Hyperbook\miniconda3\Lib\asyncio\events.py", line 88, in _run
    self._context.run(self._callback, *self._args)
  File "C:\Users\Hyperbook\miniconda3\Lib\asyncio\proactor_events.py", line 165, in _call_connection_lost
    self._sock.shutdown(socket.SHUT_RDWR)
ConnectionResetError: [WinError 10054] Istniejące połączenie zostało gwałtownie zamknięte przez zdalnego hosta
2026-04-13 19:10:10 | Process-5 | ERROR | asyncio | Exception in callback _ProactorBasePipeTransport._call_connection_lost(None)
handle: <Handle _ProactorBasePipeTransport._call_connection_lost(None)>
Traceback (most recent call last):
  File "C:\Users\Hyperbook\miniconda3\Lib\asyncio\events.py", line 88, in _run
    self._context.run(self._callback, *self._args)
  File "C:\Users\Hyperbook\miniconda3\Lib\asyncio\proactor_events.py", line 165, in _call_connection_lost
    self._sock.shutdown(socket.SHUT_RDWR)
ConnectionResetError: [WinError 10054] Istniejące połączenie zostało gwałtownie zamknięte przez zdalnego hosta
2026-04-13 19:10:10 | Process-5 | ERROR | asyncio | Exception in callback _ProactorBasePipeTransport._call_connection_lost(None)
handle: <Handle _ProactorBasePipeTransport._call_connection_lost(None)>
Traceback (most recent call last):
  File "C:\Users\Hyperbook\miniconda3\Lib\asyncio\events.py", line 88, in _run
    self._context.run(self._callback, *self._args)
  File "C:\Users\Hyperbook\miniconda3\Lib\asyncio\proactor_events.py", line 165, in _call_connection_lost
    self._sock.shutdown(socket.SHUT_RDWR)
ConnectionResetError: [WinError 10054] Istniejące połączenie zostało gwałtownie zamknięte przez zdalnego hosta
2026-04-13 19:10:11 | Process-5 | ERROR | asyncio | Exception in callback _ProactorBasePipeTransport._call_connection_lost(None)
handle: <Handle _ProactorBasePipeTransport._call_connection_lost(None)>
Traceback (most recent call last):
  File "C:\Users\Hyperbook\miniconda3\Lib\asyncio\events.py", line 88, in _run
    self._context.run(self._callback, *self._args)
  File "C:\Users\Hyperbook\miniconda3\Lib\asyncio\proactor_events.py", line 165, in _call_connection_lost
    self._sock.shutdown(socket.SHUT_RDWR)
ConnectionResetError: [WinError 10054] Istniejące połączenie zostało gwałtownie zamknięte przez zdalnego hosta
2026-04-13 19:10:11 | Process-5 | ERROR | asyncio | Exception in callback _ProactorBasePipeTransport._call_connection_lost(None)
handle: <Handle _ProactorBasePipeTransport._call_connection_lost(None)>
Traceback (most recent call last):
  File "C:\Users\Hyperbook\miniconda3\Lib\asyncio\events.py", line 88, in _run
    self._context.run(self._callback, *self._args)
  File "C:\Users\Hyperbook\miniconda3\Lib\asyncio\proactor_events.py", line 165, in _call_connection_lost
    self._sock.shutdown(socket.SHUT_RDWR)
ConnectionResetError: [WinError 10054] Istniejące połączenie zostało gwałtownie zamknięte przez zdalnego hosta
2026-04-13 19:10:12 | Process-5 | ERROR | asyncio | Exception in callback _ProactorBasePipeTransport._call_connection_lost(None)
handle: <Handle _ProactorBasePipeTransport._call_connection_lost(None)>
Traceback (most recent call last):
  File "C:\Users\Hyperbook\miniconda3\Lib\asyncio\events.py", line 88, in _run
    self._context.run(self._callback, *self._args)
  File "C:\Users\Hyperbook\miniconda3\Lib\asyncio\proactor_events.py", line 165, in _call_connection_lost
    self._sock.shutdown(socket.SHUT_RDWR)
ConnectionResetError: [WinError 10054] Istniejące połączenie zostało gwałtownie zamknięte przez zdalnego hosta
2026-04-13 19:10:13 | Process-5 | ERROR | asyncio | Exception in callback _ProactorBasePipeTransport._call_connection_lost(None)
handle: <Handle _ProactorBasePipeTransport._call_connection_lost(None)>
Traceback (most recent call last):
  File "C:\Users\Hyperbook\miniconda3\Lib\asyncio\events.py", line 88, in _run
    self._context.run(self._callback, *self._args)
  File "C:\Users\Hyperbook\miniconda3\Lib\asyncio\proactor_events.py", line 165, in _call_connection_lost
    self._sock.shutdown(socket.SHUT_RDWR)
ConnectionResetError: [WinError 10054] Istniejące połączenie zostało gwałtownie zamknięte przez zdalnego hosta
2026-04-13 19:10:16 | Process-5 | ERROR | asyncio | Exception in callback _ProactorBasePipeTransport._call_connection_lost(None)
handle: <Handle _ProactorBasePipeTransport._call_connection_lost(None)>
Traceback (most recent call last):
  File "C:\Users\Hyperbook\miniconda3\Lib\asyncio\events.py", line 88, in _run
    self._context.run(self._callback, *self._args)
  File "C:\Users\Hyperbook\miniconda3\Lib\asyncio\proactor_events.py", line 165, in _call_connection_lost
    self._sock.shutdown(socket.SHUT_RDWR)
ConnectionResetError: [WinError 10054] Istniejące połączenie zostało gwałtownie zamknięte przez zdalnego hosta
2026-04-13 19:10:16 | Process-5 | ERROR | asyncio | Exception in callback _ProactorBasePipeTransport._call_connection_lost(None)
handle: <Handle _ProactorBasePipeTransport._call_connection_lost(None)>
Traceback (most recent call last):
  File "C:\Users\Hyperbook\miniconda3\Lib\asyncio\events.py", line 88, in _run
    self._context.run(self._callback, *self._args)
  File "C:\Users\Hyperbook\miniconda3\Lib\asyncio\proactor_events.py", line 165, in _call_connection_lost
    self._sock.shutdown(socket.SHUT_RDWR)
ConnectionResetError: [WinError 10054] Istniejące połączenie zostało gwałtownie zamknięte przez zdalnego hosta
2026-04-13 19:10:18 | Process-5 | ERROR | asyncio | Exception in callback _ProactorBasePipeTransport._call_connection_lost(None)
handle: <Handle _ProactorBasePipeTransport._call_connection_lost(None)>
Traceback (most recent call last):
  File "C:\Users\Hyperbook\miniconda3\Lib\asyncio\events.py", line 88, in _run
    self._context.run(self._callback, *self._args)
  File "C:\Users\Hyperbook\miniconda3\Lib\asyncio\proactor_events.py", line 165, in _call_connection_lost
    self._sock.shutdown(socket.SHUT_RDWR)
ConnectionResetError: [WinError 10054] Istniejące połączenie zostało gwałtownie zamknięte przez zdalnego hosta
2026-04-13 19:10:18 | Process-5 | ERROR | asyncio | Exception in callback _ProactorBasePipeTransport._call_connection_lost(None)
handle: <Handle _ProactorBasePipeTransport._call_connection_lost(None)>
Traceback (most recent call last):
  File "C:\Users\Hyperbook\miniconda3\Lib\asyncio\events.py", line 88, in _run
    self._context.run(self._callback, *self._args)
  File "C:\Users\Hyperbook\miniconda3\Lib\asyncio\proactor_events.py", line 165, in _call_connection_lost
    self._sock.shutdown(socket.SHUT_RDWR)
ConnectionResetError: [WinError 10054] Istniejące połączenie zostało gwałtownie zamknięte przez zdalnego hosta
2026-04-13 19:10:18 | Process-5 | ERROR | asyncio | Exception in callback _ProactorBasePipeTransport._call_connection_lost(None)
handle: <Handle _ProactorBasePipeTransport._call_connection_lost(None)>
Traceback (most recent call last):
  File "C:\Users\Hyperbook\miniconda3\Lib\asyncio\events.py", line 88, in _run
    self._context.run(self._callback, *self._args)
  File "C:\Users\Hyperbook\miniconda3\Lib\asyncio\proactor_events.py", line 165, in _call_connection_lost
    self._sock.shutdown(socket.SHUT_RDWR)
ConnectionResetError: [WinError 10054] Istniejące połączenie zostało gwałtownie zamknięte przez zdalnego hosta
2026-04-13 19:10:19 | Process-5 | ERROR | asyncio | Exception in callback _ProactorBasePipeTransport._call_connection_lost(None)
handle: <Handle _ProactorBasePipeTransport._call_connection_lost(None)>
Traceback (most recent call last):
  File "C:\Users\Hyperbook\miniconda3\Lib\asyncio\events.py", line 88, in _run
    self._context.run(self._callback, *self._args)
  File "C:\Users\Hyperbook\miniconda3\Lib\asyncio\proactor_events.py", line 165, in _call_connection_lost
    self._sock.shutdown(socket.SHUT_RDWR)
ConnectionResetError: [WinError 10054] Istniejące połączenie zostało gwałtownie zamknięte przez zdalnego hosta
2026-04-13 19:10:20 | Process-5 | ERROR | asyncio | Exception in callback _ProactorBasePipeTransport._call_connection_lost(None)
handle: <Handle _ProactorBasePipeTransport._call_connection_lost(None)>
Traceback (most recent call last):
  File "C:\Users\Hyperbook\miniconda3\Lib\asyncio\events.py", line 88, in _run
    self._context.run(self._callback, *self._args)
  File "C:\Users\Hyperbook\miniconda3\Lib\asyncio\proactor_events.py", line 165, in _call_connection_lost
    self._sock.shutdown(socket.SHUT_RDWR)
ConnectionResetError: [WinError 10054] Istniejące połączenie zostało gwałtownie zamknięte przez zdalnego hosta
2026-04-13 19:10:22 | Process-5 | ERROR | asyncio | Exception in callback _ProactorBasePipeTransport._call_connection_lost(None)
handle: <Handle _ProactorBasePipeTransport._call_connection_lost(None)>
Traceback (most recent call last):
  File "C:\Users\Hyperbook\miniconda3\Lib\asyncio\events.py", line 88, in _run
    self._context.run(self._callback, *self._args)
  File "C:\Users\Hyperbook\miniconda3\Lib\asyncio\proactor_events.py", line 165, in _call_connection_lost
    self._sock.shutdown(socket.SHUT_RDWR)
ConnectionResetError: [WinError 10054] Istniejące połączenie zostało gwałtownie zamknięte przez zdalnego hosta
2026-04-13 19:10:22 | Process-5 | ERROR | asyncio | Exception in callback _ProactorBasePipeTransport._call_connection_lost(None)
handle: <Handle _ProactorBasePipeTransport._call_connection_lost(None)>
Traceback (most recent call last):
  File "C:\Users\Hyperbook\miniconda3\Lib\asyncio\events.py", line 88, in _run
    self._context.run(self._callback, *self._args)
  File "C:\Users\Hyperbook\miniconda3\Lib\asyncio\proactor_events.py", line 165, in _call_connection_lost
    self._sock.shutdown(socket.SHUT_RDWR)
ConnectionResetError: [WinError 10054] Istniejące połączenie zostało gwałtownie zamknięte przez zdalnego hosta
2026-04-13 19:10:23 | Process-5 | ERROR | asyncio | Exception in callback _ProactorBasePipeTransport._call_connection_lost(None)
handle: <Handle _ProactorBasePipeTransport._call_connection_lost(None)>
Traceback (most recent call last):
  File "C:\Users\Hyperbook\miniconda3\Lib\asyncio\events.py", line 88, in _run
    self._context.run(self._callback, *self._args)
  File "C:\Users\Hyperbook\miniconda3\Lib\asyncio\proactor_events.py", line 165, in _call_connection_lost
    self._sock.shutdown(socket.SHUT_RDWR)
ConnectionResetError: [WinError 10054] Istniejące połączenie zostało gwałtownie zamknięte przez zdalnego hosta
2026-04-13 19:10:24 | Process-5 | ERROR | asyncio | Exception in callback _ProactorBasePipeTransport._call_connection_lost(None)
handle: <Handle _ProactorBasePipeTransport._call_connection_lost(None)>
Traceback (most recent call last):
  File "C:\Users\Hyperbook\miniconda3\Lib\asyncio\events.py", line 88, in _run
    self._context.run(self._callback, *self._args)
  File "C:\Users\Hyperbook\miniconda3\Lib\asyncio\proactor_events.py", line 165, in _call_connection_lost
    self._sock.shutdown(socket.SHUT_RDWR)
ConnectionResetError: [WinError 10054] Istniejące połączenie zostało gwałtownie zamknięte przez zdalnego hosta
2026-04-13 19:10:24 | Process-5 | ERROR | asyncio | Exception in callback _ProactorBasePipeTransport._call_connection_lost(None)
handle: <Handle _ProactorBasePipeTransport._call_connection_lost(None)>
Traceback (most recent call last):
  File "C:\Users\Hyperbook\miniconda3\Lib\asyncio\events.py", line 88, in _run
    self._context.run(self._callback, *self._args)
  File "C:\Users\Hyperbook\miniconda3\Lib\asyncio\proactor_events.py", line 165, in _call_connection_lost
    self._sock.shutdown(socket.SHUT_RDWR)
ConnectionResetError: [WinError 10054] Istniejące połączenie zostało gwałtownie zamknięte przez zdalnego hosta
2026-04-13 19:10:25 | Process-5 | ERROR | asyncio | Exception in callback _ProactorBasePipeTransport._call_connection_lost(None)
handle: <Handle _ProactorBasePipeTransport._call_connection_lost(None)>
Traceback (most recent call last):
  File "C:\Users\Hyperbook\miniconda3\Lib\asyncio\events.py", line 88, in _run
    self._context.run(self._callback, *self._args)
  File "C:\Users\Hyperbook\miniconda3\Lib\asyncio\proactor_events.py", line 165, in _call_connection_lost
    self._sock.shutdown(socket.SHUT_RDWR)
ConnectionResetError: [WinError 10054] Istniejące połączenie zostało gwałtownie zamknięte przez zdalnego hosta
2026-04-13 19:10:26 | Process-5 | ERROR | asyncio | Exception in callback _ProactorBasePipeTransport._call_connection_lost(None)
handle: <Handle _ProactorBasePipeTransport._call_connection_lost(None)>
Traceback (most recent call last):
  File "C:\Users\Hyperbook\miniconda3\Lib\asyncio\events.py", line 88, in _run
    self._context.run(self._callback, *self._args)
  File "C:\Users\Hyperbook\miniconda3\Lib\asyncio\proactor_events.py", line 165, in _call_connection_lost
    self._sock.shutdown(socket.SHUT_RDWR)
ConnectionResetError: [WinError 10054] Istniejące połączenie zostało gwałtownie zamknięte przez zdalnego hosta
2026-04-13 19:10:26 | Process-5 | ERROR | asyncio | Exception in callback _ProactorBasePipeTransport._call_connection_lost(None)
handle: <Handle _ProactorBasePipeTransport._call_connection_lost(None)>
Traceback (most recent call last):
  File "C:\Users\Hyperbook\miniconda3\Lib\asyncio\events.py", line 88, in _run
    self._context.run(self._callback, *self._args)
  File "C:\Users\Hyperbook\miniconda3\Lib\asyncio\proactor_events.py", line 165, in _call_connection_lost
    self._sock.shutdown(socket.SHUT_RDWR)
ConnectionResetError: [WinError 10054] Istniejące połączenie zostało gwałtownie zamknięte przez zdalnego hosta
2026-04-13 19:10:28 | Process-5 | ERROR | asyncio | Exception in callback _ProactorBasePipeTransport._call_connection_lost(None)
handle: <Handle _ProactorBasePipeTransport._call_connection_lost(None)>
Traceback (most recent call last):
  File "C:\Users\Hyperbook\miniconda3\Lib\asyncio\events.py", line 88, in _run
    self._context.run(self._callback, *self._args)
  File "C:\Users\Hyperbook\miniconda3\Lib\asyncio\proactor_events.py", line 165, in _call_connection_lost
    self._sock.shutdown(socket.SHUT_RDWR)
ConnectionResetError: [WinError 10054] Istniejące połączenie zostało gwałtownie zamknięte przez zdalnego hosta
2026-04-13 19:10:29 | Process-5 | ERROR | asyncio | Exception in callback _ProactorBasePipeTransport._call_connection_lost(None)
handle: <Handle _ProactorBasePipeTransport._call_connection_lost(None)>
Traceback (most recent call last):
  File "C:\Users\Hyperbook\miniconda3\Lib\asyncio\events.py", line 88, in _run
    self._context.run(self._callback, *self._args)
  File "C:\Users\Hyperbook\miniconda3\Lib\asyncio\proactor_events.py", line 165, in _call_connection_lost
    self._sock.shutdown(socket.SHUT_RDWR)
ConnectionResetError: [WinError 10054] Istniejące połączenie zostało gwałtownie zamknięte przez zdalnego hosta
2026-04-13 19:10:34 | Process-5 | ERROR | asyncio | Exception in callback _ProactorBasePipeTransport._call_connection_lost(None)
handle: <Handle _ProactorBasePipeTransport._call_connection_lost(None)>
Traceback (most recent call last):
  File "C:\Users\Hyperbook\miniconda3\Lib\asyncio\events.py", line 88, in _run
    self._context.run(self._callback, *self._args)
  File "C:\Users\Hyperbook\miniconda3\Lib\asyncio\proactor_events.py", line 165, in _call_connection_lost
    self._sock.shutdown(socket.SHUT_RDWR)
ConnectionResetError: [WinError 10054] Istniejące połączenie zostało gwałtownie zamknięte przez zdalnego hosta
2026-04-13 19:10:39 | Process-5 | ERROR | asyncio | Exception in callback _ProactorBasePipeTransport._call_connection_lost(None)
handle: <Handle _ProactorBasePipeTransport._call_connection_lost(None)>
Traceback (most recent call last):
  File "C:\Users\Hyperbook\miniconda3\Lib\asyncio\events.py", line 88, in _run
    self._context.run(self._callback, *self._args)
  File "C:\Users\Hyperbook\miniconda3\Lib\asyncio\proactor_events.py", line 165, in _call_connection_lost
    self._sock.shutdown(socket.SHUT_RDWR)
ConnectionResetError: [WinError 10054] Istniejące połączenie zostało gwałtownie zamknięte przez zdalnego hosta
2026-04-13 19:10:40 | Process-5 | ERROR | asyncio | Exception in callback _ProactorBasePipeTransport._call_connection_lost(None)
handle: <Handle _ProactorBasePipeTransport._call_connection_lost(None)>
Traceback (most recent call last):
  File "C:\Users\Hyperbook\miniconda3\Lib\asyncio\events.py", line 88, in _run
    self._context.run(self._callback, *self._args)
  File "C:\Users\Hyperbook\miniconda3\Lib\asyncio\proactor_events.py", line 165, in _call_connection_lost
    self._sock.shutdown(socket.SHUT_RDWR)
ConnectionResetError: [WinError 10054] Istniejące połączenie zostało gwałtownie zamknięte przez zdalnego hosta
2026-04-13 19:10:43 | Process-5 | ERROR | asyncio | Exception in callback _ProactorBasePipeTransport._call_connection_lost(None)
handle: <Handle _ProactorBasePipeTransport._call_connection_lost(None)>
Traceback (most recent call last):
  File "C:\Users\Hyperbook\miniconda3\Lib\asyncio\events.py", line 88, in _run
    self._context.run(self._callback, *self._args)
  File "C:\Users\Hyperbook\miniconda3\Lib\asyncio\proactor_events.py", line 165, in _call_connection_lost
    self._sock.shutdown(socket.SHUT_RDWR)
ConnectionResetError: [WinError 10054] Istniejące połączenie zostało gwałtownie zamknięte przez zdalnego hosta
2026-04-13 19:10:43 | Process-5 | ERROR | asyncio | Exception in callback _ProactorBasePipeTransport._call_connection_lost(None)
handle: <Handle _ProactorBasePipeTransport._call_connection_lost(None)>
Traceback (most recent call last):
  File "C:\Users\Hyperbook\miniconda3\Lib\asyncio\events.py", line 88, in _run
    self._context.run(self._callback, *self._args)
  File "C:\Users\Hyperbook\miniconda3\Lib\asyncio\proactor_events.py", line 165, in _call_connection_lost
    self._sock.shutdown(socket.SHUT_RDWR)
ConnectionResetError: [WinError 10054] Istniejące połączenie zostało gwałtownie zamknięte przez zdalnego hosta
2026-04-13 19:10:43 | Process-5 | ERROR | asyncio | Exception in callback _ProactorBasePipeTransport._call_connection_lost(None)
handle: <Handle _ProactorBasePipeTransport._call_connection_lost(None)>
Traceback (most recent call last):
  File "C:\Users\Hyperbook\miniconda3\Lib\asyncio\events.py", line 88, in _run
    self._context.run(self._callback, *self._args)
  File "C:\Users\Hyperbook\miniconda3\Lib\asyncio\proactor_events.py", line 165, in _call_connection_lost
    self._sock.shutdown(socket.SHUT_RDWR)
ConnectionResetError: [WinError 10054] Istniejące połączenie zostało gwałtownie zamknięte przez zdalnego hosta
2026-04-13 19:10:43 | Process-5 | ERROR | asyncio | Exception in callback _ProactorBasePipeTransport._call_connection_lost(None)
handle: <Handle _ProactorBasePipeTransport._call_connection_lost(None)>
Traceback (most recent call last):
  File "C:\Users\Hyperbook\miniconda3\Lib\asyncio\events.py", line 88, in _run
    self._context.run(self._callback, *self._args)
  File "C:\Users\Hyperbook\miniconda3\Lib\asyncio\proactor_events.py", line 165, in _call_connection_lost
    self._sock.shutdown(socket.SHUT_RDWR)
ConnectionResetError: [WinError 10054] Istniejące połączenie zostało gwałtownie zamknięte przez zdalnego hosta
2026-04-13 19:10:43 | Process-5 | ERROR | asyncio | Exception in callback _ProactorBasePipeTransport._call_connection_lost(None)
handle: <Handle _ProactorBasePipeTransport._call_connection_lost(None)>
Traceback (most recent call last):
  File "C:\Users\Hyperbook\miniconda3\Lib\asyncio\events.py", line 88, in _run
    self._context.run(self._callback, *self._args)
  File "C:\Users\Hyperbook\miniconda3\Lib\asyncio\proactor_events.py", line 165, in _call_connection_lost
    self._sock.shutdown(socket.SHUT_RDWR)
ConnectionResetError: [WinError 10054] Istniejące połączenie zostało gwałtownie zamknięte przez zdalnego hosta
2026-04-13 19:10:46 | Process-5 | ERROR | asyncio | Exception in callback _ProactorBasePipeTransport._call_connection_lost(None)
handle: <Handle _ProactorBasePipeTransport._call_connection_lost(None)>
Traceback (most recent call last):
  File "C:\Users\Hyperbook\miniconda3\Lib\asyncio\events.py", line 88, in _run
    self._context.run(self._callback, *self._args)
  File "C:\Users\Hyperbook\miniconda3\Lib\asyncio\proactor_events.py", line 165, in _call_connection_lost
    self._sock.shutdown(socket.SHUT_RDWR)
ConnectionResetError: [WinError 10054] Istniejące połączenie zostało gwałtownie zamknięte przez zdalnego hosta
2026-04-13 19:10:48 | Process-5 | ERROR | asyncio | Exception in callback _ProactorBasePipeTransport._call_connection_lost(None)
handle: <Handle _ProactorBasePipeTransport._call_connection_lost(None)>
Traceback (most recent call last):
  File "C:\Users\Hyperbook\miniconda3\Lib\asyncio\events.py", line 88, in _run
    self._context.run(self._callback, *self._args)
  File "C:\Users\Hyperbook\miniconda3\Lib\asyncio\proactor_events.py", line 165, in _call_connection_lost
    self._sock.shutdown(socket.SHUT_RDWR)
ConnectionResetError: [WinError 10054] Istniejące połączenie zostało gwałtownie zamknięte przez zdalnego hosta
2026-04-13 19:10:48 | Process-5 | ERROR | asyncio | Exception in callback _ProactorBasePipeTransport._call_connection_lost(None)
handle: <Handle _ProactorBasePipeTransport._call_connection_lost(None)>
Traceback (most recent call last):
  File "C:\Users\Hyperbook\miniconda3\Lib\asyncio\events.py", line 88, in _run
    self._context.run(self._callback, *self._args)
  File "C:\Users\Hyperbook\miniconda3\Lib\asyncio\proactor_events.py", line 165, in _call_connection_lost
    self._sock.shutdown(socket.SHUT_RDWR)
ConnectionResetError: [WinError 10054] Istniejące połączenie zostało gwałtownie zamknięte przez zdalnego hosta
2026-04-13 19:10:50 | Process-5 | ERROR | asyncio | Exception in callback _ProactorBasePipeTransport._call_connection_lost(None)
handle: <Handle _ProactorBasePipeTransport._call_connection_lost(None)>
Traceback (most recent call last):
  File "C:\Users\Hyperbook\miniconda3\Lib\asyncio\events.py", line 88, in _run
    self._context.run(self._callback, *self._args)
  File "C:\Users\Hyperbook\miniconda3\Lib\asyncio\proactor_events.py", line 165, in _call_connection_lost
    self._sock.shutdown(socket.SHUT_RDWR)
ConnectionResetError: [WinError 10054] Istniejące połączenie zostało gwałtownie zamknięte przez zdalnego hosta
2026-04-13 19:10:51 | Process-5 | ERROR | asyncio | Exception in callback _ProactorBasePipeTransport._call_connection_lost(None)
handle: <Handle _ProactorBasePipeTransport._call_connection_lost(None)>
Traceback (most recent call last):
  File "C:\Users\Hyperbook\miniconda3\Lib\asyncio\events.py", line 88, in _run
    self._context.run(self._callback, *self._args)
  File "C:\Users\Hyperbook\miniconda3\Lib\asyncio\proactor_events.py", line 165, in _call_connection_lost
    self._sock.shutdown(socket.SHUT_RDWR)
ConnectionResetError: [WinError 10054] Istniejące połączenie zostało gwałtownie zamknięte przez zdalnego hosta
2026-04-13 19:10:51 | Process-5 | ERROR | asyncio | Exception in callback _ProactorBasePipeTransport._call_connection_lost(None)
handle: <Handle _ProactorBasePipeTransport._call_connection_lost(None)>
Traceback (most recent call last):
  File "C:\Users\Hyperbook\miniconda3\Lib\asyncio\events.py", line 88, in _run
    self._context.run(self._callback, *self._args)
  File "C:\Users\Hyperbook\miniconda3\Lib\asyncio\proactor_events.py", line 165, in _call_connection_lost
    self._sock.shutdown(socket.SHUT_RDWR)
ConnectionResetError: [WinError 10054] Istniejące połączenie zostało gwałtownie zamknięte przez zdalnego hosta
2026-04-13 19:10:51 | Process-5 | ERROR | asyncio | Exception in callback _ProactorBasePipeTransport._call_connection_lost(None)
handle: <Handle _ProactorBasePipeTransport._call_connection_lost(None)>
Traceback (most recent call last):
  File "C:\Users\Hyperbook\miniconda3\Lib\asyncio\events.py", line 88, in _run
    self._context.run(self._callback, *self._args)
  File "C:\Users\Hyperbook\miniconda3\Lib\asyncio\proactor_events.py", line 165, in _call_connection_lost
    self._sock.shutdown(socket.SHUT_RDWR)
ConnectionResetError: [WinError 10054] Istniejące połączenie zostało gwałtownie zamknięte przez zdalnego hosta
2026-04-13 19:10:52 | Process-5 | ERROR | asyncio | Exception in callback _ProactorBasePipeTransport._call_connection_lost(None)
handle: <Handle _ProactorBasePipeTransport._call_connection_lost(None)>
Traceback (most recent call last):
  File "C:\Users\Hyperbook\miniconda3\Lib\asyncio\events.py", line 88, in _run
    self._context.run(self._callback, *self._args)
  File "C:\Users\Hyperbook\miniconda3\Lib\asyncio\proactor_events.py", line 165, in _call_connection_lost
    self._sock.shutdown(socket.SHUT_RDWR)
ConnectionResetError: [WinError 10054] Istniejące połączenie zostało gwałtownie zamknięte przez zdalnego hosta
2026-04-13 19:10:53 | Process-5 | ERROR | asyncio | Exception in callback _ProactorBasePipeTransport._call_connection_lost(None)
handle: <Handle _ProactorBasePipeTransport._call_connection_lost(None)>
Traceback (most recent call last):
  File "C:\Users\Hyperbook\miniconda3\Lib\asyncio\events.py", line 88, in _run
    self._context.run(self._callback, *self._args)
  File "C:\Users\Hyperbook\miniconda3\Lib\asyncio\proactor_events.py", line 165, in _call_connection_lost
    self._sock.shutdown(socket.SHUT_RDWR)
ConnectionResetError: [WinError 10054] Istniejące połączenie zostało gwałtownie zamknięte przez zdalnego hosta
2026-04-13 19:10:53 | Process-5 | ERROR | asyncio | Exception in callback _ProactorBasePipeTransport._call_connection_lost(None)
handle: <Handle _ProactorBasePipeTransport._call_connection_lost(None)>
Traceback (most recent call last):
  File "C:\Users\Hyperbook\miniconda3\Lib\asyncio\events.py", line 88, in _run
    self._context.run(self._callback, *self._args)
  File "C:\Users\Hyperbook\miniconda3\Lib\asyncio\proactor_events.py", line 165, in _call_connection_lost
    self._sock.shutdown(socket.SHUT_RDWR)
ConnectionResetError: [WinError 10054] Istniejące połączenie zostało gwałtownie zamknięte przez zdalnego hosta
2026-04-13 19:10:54 | Process-5 | ERROR | asyncio | Exception in callback _ProactorBasePipeTransport._call_connection_lost(None)
handle: <Handle _ProactorBasePipeTransport._call_connection_lost(None)>
Traceback (most recent call last):
  File "C:\Users\Hyperbook\miniconda3\Lib\asyncio\events.py", line 88, in _run
    self._context.run(self._callback, *self._args)
  File "C:\Users\Hyperbook\miniconda3\Lib\asyncio\proactor_events.py", line 165, in _call_connection_lost
    self._sock.shutdown(socket.SHUT_RDWR)
ConnectionResetError: [WinError 10054] Istniejące połączenie zostało gwałtownie zamknięte przez zdalnego hosta
2026-04-13 19:10:54 | Process-5 | ERROR | asyncio | Exception in callback _ProactorBasePipeTransport._call_connection_lost(None)
handle: <Handle _ProactorBasePipeTransport._call_connection_lost(None)>
Traceback (most recent call last):
  File "C:\Users\Hyperbook\miniconda3\Lib\asyncio\events.py", line 88, in _run
    self._context.run(self._callback, *self._args)
  File "C:\Users\Hyperbook\miniconda3\Lib\asyncio\proactor_events.py", line 165, in _call_connection_lost
    self._sock.shutdown(socket.SHUT_RDWR)
ConnectionResetError: [WinError 10054] Istniejące połączenie zostało gwałtownie zamknięte przez zdalnego hosta
2026-04-13 19:10:56 | Process-5 | ERROR | asyncio | Exception in callback _ProactorBasePipeTransport._call_connection_lost(None)
handle: <Handle _ProactorBasePipeTransport._call_connection_lost(None)>
Traceback (most recent call last):
  File "C:\Users\Hyperbook\miniconda3\Lib\asyncio\events.py", line 88, in _run
    self._context.run(self._callback, *self._args)
  File "C:\Users\Hyperbook\miniconda3\Lib\asyncio\proactor_events.py", line 165, in _call_connection_lost
    self._sock.shutdown(socket.SHUT_RDWR)
ConnectionResetError: [WinError 10054] Istniejące połączenie zostało gwałtownie zamknięte przez zdalnego hosta
2026-04-13 19:10:58 | Process-5 | ERROR | asyncio | Exception in callback _ProactorBasePipeTransport._call_connection_lost(None)
handle: <Handle _ProactorBasePipeTransport._call_connection_lost(None)>
Traceback (most recent call last):
  File "C:\Users\Hyperbook\miniconda3\Lib\asyncio\events.py", line 88, in _run
    self._context.run(self._callback, *self._args)
  File "C:\Users\Hyperbook\miniconda3\Lib\asyncio\proactor_events.py", line 165, in _call_connection_lost
    self._sock.shutdown(socket.SHUT_RDWR)
ConnectionResetError: [WinError 10054] Istniejące połączenie zostało gwałtownie zamknięte przez zdalnego hosta
2026-04-13 19:10:59 | Process-5 | ERROR | asyncio | Exception in callback _ProactorBasePipeTransport._call_connection_lost(None)
handle: <Handle _ProactorBasePipeTransport._call_connection_lost(None)>
Traceback (most recent call last):
  File "C:\Users\Hyperbook\miniconda3\Lib\asyncio\events.py", line 88, in _run
    self._context.run(self._callback, *self._args)
  File "C:\Users\Hyperbook\miniconda3\Lib\asyncio\proactor_events.py", line 165, in _call_connection_lost
    self._sock.shutdown(socket.SHUT_RDWR)
ConnectionResetError: [WinError 10054] Istniejące połączenie zostało gwałtownie zamknięte przez zdalnego hosta
2026-04-13 19:11:00 | Process-5 | ERROR | asyncio | Exception in callback _ProactorBasePipeTransport._call_connection_lost(None)
handle: <Handle _ProactorBasePipeTransport._call_connection_lost(None)>
Traceback (most recent call last):
  File "C:\Users\Hyperbook\miniconda3\Lib\asyncio\events.py", line 88, in _run
    self._context.run(self._callback, *self._args)
  File "C:\Users\Hyperbook\miniconda3\Lib\asyncio\proactor_events.py", line 165, in _call_connection_lost
    self._sock.shutdown(socket.SHUT_RDWR)
ConnectionResetError: [WinError 10054] Istniejące połączenie zostało gwałtownie zamknięte przez zdalnego hosta
2026-04-13 19:11:01 | Process-5 | ERROR | asyncio | Exception in callback _ProactorBasePipeTransport._call_connection_lost(None)
handle: <Handle _ProactorBasePipeTransport._call_connection_lost(None)>
Traceback (most recent call last):
  File "C:\Users\Hyperbook\miniconda3\Lib\asyncio\events.py", line 88, in _run
    self._context.run(self._callback, *self._args)
  File "C:\Users\Hyperbook\miniconda3\Lib\asyncio\proactor_events.py", line 165, in _call_connection_lost
    self._sock.shutdown(socket.SHUT_RDWR)
ConnectionResetError: [WinError 10054] Istniejące połączenie zostało gwałtownie zamknięte przez zdalnego hosta
2026-04-13 19:11:01 | Process-5 | ERROR | asyncio | Exception in callback _ProactorBasePipeTransport._call_connection_lost(None)
handle: <Handle _ProactorBasePipeTransport._call_connection_lost(None)>
Traceback (most recent call last):
  File "C:\Users\Hyperbook\miniconda3\Lib\asyncio\events.py", line 88, in _run
    self._context.run(self._callback, *self._args)
  File "C:\Users\Hyperbook\miniconda3\Lib\asyncio\proactor_events.py", line 165, in _call_connection_lost
    self._sock.shutdown(socket.SHUT_RDWR)
ConnectionResetError: [WinError 10054] Istniejące połączenie zostało gwałtownie zamknięte przez zdalnego hosta
2026-04-13 19:11:02 | Process-5 | ERROR | asyncio | Exception in callback _ProactorBasePipeTransport._call_connection_lost(None)
handle: <Handle _ProactorBasePipeTransport._call_connection_lost(None)>
Traceback (most recent call last):
  File "C:\Users\Hyperbook\miniconda3\Lib\asyncio\events.py", line 88, in _run
    self._context.run(self._callback, *self._args)
  File "C:\Users\Hyperbook\miniconda3\Lib\asyncio\proactor_events.py", line 165, in _call_connection_lost
    self._sock.shutdown(socket.SHUT_RDWR)
ConnectionResetError: [WinError 10054] Istniejące połączenie zostało gwałtownie zamknięte przez zdalnego hosta
2026-04-13 19:11:02 | Process-5 | ERROR | asyncio | Exception in callback _ProactorBasePipeTransport._call_connection_lost(None)
handle: <Handle _ProactorBasePipeTransport._call_connection_lost(None)>
Traceback (most recent call last):
  File "C:\Users\Hyperbook\miniconda3\Lib\asyncio\events.py", line 88, in _run
    self._context.run(self._callback, *self._args)
  File "C:\Users\Hyperbook\miniconda3\Lib\asyncio\proactor_events.py", line 165, in _call_connection_lost
    self._sock.shutdown(socket.SHUT_RDWR)
ConnectionResetError: [WinError 10054] Istniejące połączenie zostało gwałtownie zamknięte przez zdalnego hosta
2026-04-13 19:11:02 | Process-5 | ERROR | asyncio | Exception in callback _ProactorBasePipeTransport._call_connection_lost(None)
handle: <Handle _ProactorBasePipeTransport._call_connection_lost(None)>
Traceback (most recent call last):
  File "C:\Users\Hyperbook\miniconda3\Lib\asyncio\events.py", line 88, in _run
    self._context.run(self._callback, *self._args)
  File "C:\Users\Hyperbook\miniconda3\Lib\asyncio\proactor_events.py", line 165, in _call_connection_lost
    self._sock.shutdown(socket.SHUT_RDWR)
ConnectionResetError: [WinError 10054] Istniejące połączenie zostało gwałtownie zamknięte przez zdalnego hosta
2026-04-13 19:11:03 | Process-5 | ERROR | asyncio | Exception in callback _ProactorBasePipeTransport._call_connection_lost(None)
handle: <Handle _ProactorBasePipeTransport._call_connection_lost(None)>
Traceback (most recent call last):
  File "C:\Users\Hyperbook\miniconda3\Lib\asyncio\events.py", line 88, in _run
    self._context.run(self._callback, *self._args)
  File "C:\Users\Hyperbook\miniconda3\Lib\asyncio\proactor_events.py", line 165, in _call_connection_lost
    self._sock.shutdown(socket.SHUT_RDWR)
ConnectionResetError: [WinError 10054] Istniejące połączenie zostało gwałtownie zamknięte przez zdalnego hosta
2026-04-13 19:11:04 | Process-5 | ERROR | asyncio | Exception in callback _ProactorBasePipeTransport._call_connection_lost(None)
handle: <Handle _ProactorBasePipeTransport._call_connection_lost(None)>
Traceback (most recent call last):
  File "C:\Users\Hyperbook\miniconda3\Lib\asyncio\events.py", line 88, in _run
    self._context.run(self._callback, *self._args)
  File "C:\Users\Hyperbook\miniconda3\Lib\asyncio\proactor_events.py", line 165, in _call_connection_lost
    self._sock.shutdown(socket.SHUT_RDWR)
ConnectionResetError: [WinError 10054] Istniejące połączenie zostało gwałtownie zamknięte przez zdalnego hosta
2026-04-13 19:11:06 | Process-5 | ERROR | asyncio | Exception in callback _ProactorBasePipeTransport._call_connection_lost(None)
handle: <Handle _ProactorBasePipeTransport._call_connection_lost(None)>
Traceback (most recent call last):
  File "C:\Users\Hyperbook\miniconda3\Lib\asyncio\events.py", line 88, in _run
    self._context.run(self._callback, *self._args)
  File "C:\Users\Hyperbook\miniconda3\Lib\asyncio\proactor_events.py", line 165, in _call_connection_lost
    self._sock.shutdown(socket.SHUT_RDWR)
ConnectionResetError: [WinError 10054] Istniejące połączenie zostało gwałtownie zamknięte przez zdalnego hosta
2026-04-13 19:11:06 | Process-5 | ERROR | asyncio | Exception in callback _ProactorBasePipeTransport._call_connection_lost(None)
handle: <Handle _ProactorBasePipeTransport._call_connection_lost(None)>
Traceback (most recent call last):
  File "C:\Users\Hyperbook\miniconda3\Lib\asyncio\events.py", line 88, in _run
    self._context.run(self._callback, *self._args)
  File "C:\Users\Hyperbook\miniconda3\Lib\asyncio\proactor_events.py", line 165, in _call_connection_lost
    self._sock.shutdown(socket.SHUT_RDWR)
ConnectionResetError: [WinError 10054] Istniejące połączenie zostało gwałtownie zamknięte przez zdalnego hosta
2026-04-13 19:11:07 | Process-5 | ERROR | asyncio | Exception in callback _ProactorBasePipeTransport._call_connection_lost(None)
handle: <Handle _ProactorBasePipeTransport._call_connection_lost(None)>
Traceback (most recent call last):
  File "C:\Users\Hyperbook\miniconda3\Lib\asyncio\events.py", line 88, in _run
    self._context.run(self._callback, *self._args)
  File "C:\Users\Hyperbook\miniconda3\Lib\asyncio\proactor_events.py", line 165, in _call_connection_lost
    self._sock.shutdown(socket.SHUT_RDWR)
ConnectionResetError: [WinError 10054] Istniejące połączenie zostało gwałtownie zamknięte przez zdalnego hosta
2026-04-13 19:11:07 | Process-5 | ERROR | asyncio | Exception in callback _ProactorBasePipeTransport._call_connection_lost(None)
handle: <Handle _ProactorBasePipeTransport._call_connection_lost(None)>
Traceback (most recent call last):
  File "C:\Users\Hyperbook\miniconda3\Lib\asyncio\events.py", line 88, in _run
    self._context.run(self._callback, *self._args)
  File "C:\Users\Hyperbook\miniconda3\Lib\asyncio\proactor_events.py", line 165, in _call_connection_lost
    self._sock.shutdown(socket.SHUT_RDWR)
ConnectionResetError: [WinError 10054] Istniejące połączenie zostało gwałtownie zamknięte przez zdalnego hosta
2026-04-13 19:11:08 | Process-5 | ERROR | asyncio | Exception in callback _ProactorBasePipeTransport._call_connection_lost(None)
handle: <Handle _ProactorBasePipeTransport._call_connection_lost(None)>
Traceback (most recent call last):
  File "C:\Users\Hyperbook\miniconda3\Lib\asyncio\events.py", line 88, in _run
    self._context.run(self._callback, *self._args)
  File "C:\Users\Hyperbook\miniconda3\Lib\asyncio\proactor_events.py", line 165, in _call_connection_lost
    self._sock.shutdown(socket.SHUT_RDWR)
ConnectionResetError: [WinError 10054] Istniejące połączenie zostało gwałtownie zamknięte przez zdalnego hosta
2026-04-13 19:11:09 | Process-5 | ERROR | asyncio | Exception in callback _ProactorBasePipeTransport._call_connection_lost(None)
handle: <Handle _ProactorBasePipeTransport._call_connection_lost(None)>
Traceback (most recent call last):
  File "C:\Users\Hyperbook\miniconda3\Lib\asyncio\events.py", line 88, in _run
    self._context.run(self._callback, *self._args)
  File "C:\Users\Hyperbook\miniconda3\Lib\asyncio\proactor_events.py", line 165, in _call_connection_lost
    self._sock.shutdown(socket.SHUT_RDWR)
ConnectionResetError: [WinError 10054] Istniejące połączenie zostało gwałtownie zamknięte przez zdalnego hosta
2026-04-13 19:11:11 | Process-5 | ERROR | asyncio | Exception in callback _ProactorBasePipeTransport._call_connection_lost(None)
handle: <Handle _ProactorBasePipeTransport._call_connection_lost(None)>
Traceback (most recent call last):
  File "C:\Users\Hyperbook\miniconda3\Lib\asyncio\events.py", line 88, in _run
    self._context.run(self._callback, *self._args)
  File "C:\Users\Hyperbook\miniconda3\Lib\asyncio\proactor_events.py", line 165, in _call_connection_lost
    self._sock.shutdown(socket.SHUT_RDWR)
ConnectionResetError: [WinError 10054] Istniejące połączenie zostało gwałtownie zamknięte przez zdalnego hosta
2026-04-13 19:11:15 | Process-5 | ERROR | asyncio | Exception in callback _ProactorBasePipeTransport._call_connection_lost(None)
handle: <Handle _ProactorBasePipeTransport._call_connection_lost(None)>
Traceback (most recent call last):
  File "C:\Users\Hyperbook\miniconda3\Lib\asyncio\events.py", line 88, in _run
    self._context.run(self._callback, *self._args)
  File "C:\Users\Hyperbook\miniconda3\Lib\asyncio\proactor_events.py", line 165, in _call_connection_lost
    self._sock.shutdown(socket.SHUT_RDWR)
ConnectionResetError: [WinError 10054] Istniejące połączenie zostało gwałtownie zamknięte przez zdalnego hosta
2026-04-13 19:11:15 | Process-5 | ERROR | asyncio | Exception in callback _ProactorBasePipeTransport._call_connection_lost(None)
handle: <Handle _ProactorBasePipeTransport._call_connection_lost(None)>
Traceback (most recent call last):
  File "C:\Users\Hyperbook\miniconda3\Lib\asyncio\events.py", line 88, in _run
    self._context.run(self._callback, *self._args)
  File "C:\Users\Hyperbook\miniconda3\Lib\asyncio\proactor_events.py", line 165, in _call_connection_lost
    self._sock.shutdown(socket.SHUT_RDWR)
ConnectionResetError: [WinError 10054] Istniejące połączenie zostało gwałtownie zamknięte przez zdalnego hosta
2026-04-13 19:11:21 | Process-5 | ERROR | asyncio | Exception in callback _ProactorBasePipeTransport._call_connection_lost(None)
handle: <Handle _ProactorBasePipeTransport._call_connection_lost(None)>
Traceback (most recent call last):
  File "C:\Users\Hyperbook\miniconda3\Lib\asyncio\events.py", line 88, in _run
    self._context.run(self._callback, *self._args)
  File "C:\Users\Hyperbook\miniconda3\Lib\asyncio\proactor_events.py", line 165, in _call_connection_lost
    self._sock.shutdown(socket.SHUT_RDWR)
ConnectionResetError: [WinError 10054] Istniejące połączenie zostało gwałtownie zamknięte przez zdalnego hosta
2026-04-13 19:11:22 | Process-5 | ERROR | asyncio | Exception in callback _ProactorBasePipeTransport._call_connection_lost(None)
handle: <Handle _ProactorBasePipeTransport._call_connection_lost(None)>
Traceback (most recent call last):
  File "C:\Users\Hyperbook\miniconda3\Lib\asyncio\events.py", line 88, in _run
    self._context.run(self._callback, *self._args)
  File "C:\Users\Hyperbook\miniconda3\Lib\asyncio\proactor_events.py", line 165, in _call_connection_lost
    self._sock.shutdown(socket.SHUT_RDWR)
ConnectionResetError: [WinError 10054] Istniejące połączenie zostało gwałtownie zamknięte przez zdalnego hosta
2026-04-13 19:11:23 | Process-5 | ERROR | asyncio | Exception in callback _ProactorBasePipeTransport._call_connection_lost(None)
handle: <Handle _ProactorBasePipeTransport._call_connection_lost(None)>
Traceback (most recent call last):
  File "C:\Users\Hyperbook\miniconda3\Lib\asyncio\events.py", line 88, in _run
    self._context.run(self._callback, *self._args)
  File "C:\Users\Hyperbook\miniconda3\Lib\asyncio\proactor_events.py", line 165, in _call_connection_lost
    self._sock.shutdown(socket.SHUT_RDWR)
ConnectionResetError: [WinError 10054] Istniejące połączenie zostało gwałtownie zamknięte przez zdalnego hosta
2026-04-13 19:11:26 | Process-5 | ERROR | asyncio | Exception in callback _ProactorBasePipeTransport._call_connection_lost(None)
handle: <Handle _ProactorBasePipeTransport._call_connection_lost(None)>
Traceback (most recent call last):
  File "C:\Users\Hyperbook\miniconda3\Lib\asyncio\events.py", line 88, in _run
    self._context.run(self._callback, *self._args)
  File "C:\Users\Hyperbook\miniconda3\Lib\asyncio\proactor_events.py", line 165, in _call_connection_lost
    self._sock.shutdown(socket.SHUT_RDWR)
ConnectionResetError: [WinError 10054] Istniejące połączenie zostało gwałtownie zamknięte przez zdalnego hosta
2026-04-13 19:11:26 | Process-5 | ERROR | asyncio | Exception in callback _ProactorBasePipeTransport._call_connection_lost(None)
handle: <Handle _ProactorBasePipeTransport._call_connection_lost(None)>
Traceback (most recent call last):
  File "C:\Users\Hyperbook\miniconda3\Lib\asyncio\events.py", line 88, in _run
    self._context.run(self._callback, *self._args)
  File "C:\Users\Hyperbook\miniconda3\Lib\asyncio\proactor_events.py", line 165, in _call_connection_lost
    self._sock.shutdown(socket.SHUT_RDWR)
ConnectionResetError: [WinError 10054] Istniejące połączenie zostało gwałtownie zamknięte przez zdalnego hosta
2026-04-13 19:11:27 | Process-5 | ERROR | asyncio | Exception in callback _ProactorBasePipeTransport._call_connection_lost(None)
handle: <Handle _ProactorBasePipeTransport._call_connection_lost(None)>
Traceback (most recent call last):
  File "C:\Users\Hyperbook\miniconda3\Lib\asyncio\events.py", line 88, in _run
    self._context.run(self._callback, *self._args)
  File "C:\Users\Hyperbook\miniconda3\Lib\asyncio\proactor_events.py", line 165, in _call_connection_lost
    self._sock.shutdown(socket.SHUT_RDWR)
ConnectionResetError: [WinError 10054] Istniejące połączenie zostało gwałtownie zamknięte przez zdalnego hosta
2026-04-13 19:11:27 | Process-5 | ERROR | asyncio | Exception in callback _ProactorBasePipeTransport._call_connection_lost(None)
handle: <Handle _ProactorBasePipeTransport._call_connection_lost(None)>
Traceback (most recent call last):
  File "C:\Users\Hyperbook\miniconda3\Lib\asyncio\events.py", line 88, in _run
    self._context.run(self._callback, *self._args)
  File "C:\Users\Hyperbook\miniconda3\Lib\asyncio\proactor_events.py", line 165, in _call_connection_lost
    self._sock.shutdown(socket.SHUT_RDWR)
ConnectionResetError: [WinError 10054] Istniejące połączenie zostało gwałtownie zamknięte przez zdalnego hosta
2026-04-13 19:11:28 | Process-5 | ERROR | asyncio | Exception in callback _ProactorBasePipeTransport._call_connection_lost(None)
handle: <Handle _ProactorBasePipeTransport._call_connection_lost(None)>
Traceback (most recent call last):
  File "C:\Users\Hyperbook\miniconda3\Lib\asyncio\events.py", line 88, in _run
    self._context.run(self._callback, *self._args)
  File "C:\Users\Hyperbook\miniconda3\Lib\asyncio\proactor_events.py", line 165, in _call_connection_lost
    self._sock.shutdown(socket.SHUT_RDWR)
ConnectionResetError: [WinError 10054] Istniejące połączenie zostało gwałtownie zamknięte przez zdalnego hosta
2026-04-13 19:11:28 | Process-5 | ERROR | asyncio | Exception in callback _ProactorBasePipeTransport._call_connection_lost(None)
handle: <Handle _ProactorBasePipeTransport._call_connection_lost(None)>
Traceback (most recent call last):
  File "C:\Users\Hyperbook\miniconda3\Lib\asyncio\events.py", line 88, in _run
    self._context.run(self._callback, *self._args)
  File "C:\Users\Hyperbook\miniconda3\Lib\asyncio\proactor_events.py", line 165, in _call_connection_lost
    self._sock.shutdown(socket.SHUT_RDWR)
ConnectionResetError: [WinError 10054] Istniejące połączenie zostało gwałtownie zamknięte przez zdalnego hosta
2026-04-13 19:11:28 | Process-5 | ERROR | asyncio | Exception in callback _ProactorBasePipeTransport._call_connection_lost(None)
handle: <Handle _ProactorBasePipeTransport._call_connection_lost(None)>
Traceback (most recent call last):
  File "C:\Users\Hyperbook\miniconda3\Lib\asyncio\events.py", line 88, in _run
    self._context.run(self._callback, *self._args)
  File "C:\Users\Hyperbook\miniconda3\Lib\asyncio\proactor_events.py", line 165, in _call_connection_lost
    self._sock.shutdown(socket.SHUT_RDWR)
ConnectionResetError: [WinError 10054] Istniejące połączenie zostało gwałtownie zamknięte przez zdalnego hosta
2026-04-13 19:11:30 | Process-5 | ERROR | asyncio | Exception in callback _ProactorBasePipeTransport._call_connection_lost(None)
handle: <Handle _ProactorBasePipeTransport._call_connection_lost(None)>
Traceback (most recent call last):
  File "C:\Users\Hyperbook\miniconda3\Lib\asyncio\events.py", line 88, in _run
    self._context.run(self._callback, *self._args)
  File "C:\Users\Hyperbook\miniconda3\Lib\asyncio\proactor_events.py", line 165, in _call_connection_lost
    self._sock.shutdown(socket.SHUT_RDWR)
ConnectionResetError: [WinError 10054] Istniejące połączenie zostało gwałtownie zamknięte przez zdalnego hosta
2026-04-13 19:11:33 | Process-5 | ERROR | asyncio | Exception in callback _ProactorBasePipeTransport._call_connection_lost(None)
handle: <Handle _ProactorBasePipeTransport._call_connection_lost(None)>
Traceback (most recent call last):
  File "C:\Users\Hyperbook\miniconda3\Lib\asyncio\events.py", line 88, in _run
    self._context.run(self._callback, *self._args)
  File "C:\Users\Hyperbook\miniconda3\Lib\asyncio\proactor_events.py", line 165, in _call_connection_lost
    self._sock.shutdown(socket.SHUT_RDWR)
ConnectionResetError: [WinError 10054] Istniejące połączenie zostało gwałtownie zamknięte przez zdalnego hosta
2026-04-13 19:11:34 | Process-5 | ERROR | asyncio | Exception in callback _ProactorBasePipeTransport._call_connection_lost(None)
handle: <Handle _ProactorBasePipeTransport._call_connection_lost(None)>
Traceback (most recent call last):
  File "C:\Users\Hyperbook\miniconda3\Lib\asyncio\events.py", line 88, in _run
    self._context.run(self._callback, *self._args)
  File "C:\Users\Hyperbook\miniconda3\Lib\asyncio\proactor_events.py", line 165, in _call_connection_lost
    self._sock.shutdown(socket.SHUT_RDWR)
ConnectionResetError: [WinError 10054] Istniejące połączenie zostało gwałtownie zamknięte przez zdalnego hosta
2026-04-13 19:11:36 | Process-5 | ERROR | asyncio | Exception in callback _ProactorBasePipeTransport._call_connection_lost(None)
handle: <Handle _ProactorBasePipeTransport._call_connection_lost(None)>
Traceback (most recent call last):
  File "C:\Users\Hyperbook\miniconda3\Lib\asyncio\events.py", line 88, in _run
    self._context.run(self._callback, *self._args)
  File "C:\Users\Hyperbook\miniconda3\Lib\asyncio\proactor_events.py", line 165, in _call_connection_lost
    self._sock.shutdown(socket.SHUT_RDWR)
ConnectionResetError: [WinError 10054] Istniejące połączenie zostało gwałtownie zamknięte przez zdalnego hosta
2026-04-13 19:11:36 | Process-5 | ERROR | asyncio | Exception in callback _ProactorBasePipeTransport._call_connection_lost(None)
handle: <Handle _ProactorBasePipeTransport._call_connection_lost(None)>
Traceback (most recent call last):
  File "C:\Users\Hyperbook\miniconda3\Lib\asyncio\events.py", line 88, in _run
    self._context.run(self._callback, *self._args)
  File "C:\Users\Hyperbook\miniconda3\Lib\asyncio\proactor_events.py", line 165, in _call_connection_lost
    self._sock.shutdown(socket.SHUT_RDWR)
ConnectionResetError: [WinError 10054] Istniejące połączenie zostało gwałtownie zamknięte przez zdalnego hosta
2026-04-13 19:11:36 | Process-5 | ERROR | asyncio | Exception in callback _ProactorBasePipeTransport._call_connection_lost(None)
handle: <Handle _ProactorBasePipeTransport._call_connection_lost(None)>
Traceback (most recent call last):
  File "C:\Users\Hyperbook\miniconda3\Lib\asyncio\events.py", line 88, in _run
    self._context.run(self._callback, *self._args)
  File "C:\Users\Hyperbook\miniconda3\Lib\asyncio\proactor_events.py", line 165, in _call_connection_lost
    self._sock.shutdown(socket.SHUT_RDWR)
ConnectionResetError: [WinError 10054] Istniejące połączenie zostało gwałtownie zamknięte przez zdalnego hosta
2026-04-13 19:11:38 | Process-5 | ERROR | asyncio | Exception in callback _ProactorBasePipeTransport._call_connection_lost(None)
handle: <Handle _ProactorBasePipeTransport._call_connection_lost(None)>
Traceback (most recent call last):
  File "C:\Users\Hyperbook\miniconda3\Lib\asyncio\events.py", line 88, in _run
    self._context.run(self._callback, *self._args)
  File "C:\Users\Hyperbook\miniconda3\Lib\asyncio\proactor_events.py", line 165, in _call_connection_lost
    self._sock.shutdown(socket.SHUT_RDWR)
ConnectionResetError: [WinError 10054] Istniejące połączenie zostało gwałtownie zamknięte przez zdalnego hosta
2026-04-13 19:11:43 | Process-5 | ERROR | asyncio | Exception in callback _ProactorBasePipeTransport._call_connection_lost(None)
handle: <Handle _ProactorBasePipeTransport._call_connection_lost(None)>
Traceback (most recent call last):
  File "C:\Users\Hyperbook\miniconda3\Lib\asyncio\events.py", line 88, in _run
    self._context.run(self._callback, *self._args)
  File "C:\Users\Hyperbook\miniconda3\Lib\asyncio\proactor_events.py", line 165, in _call_connection_lost
    self._sock.shutdown(socket.SHUT_RDWR)
ConnectionResetError: [WinError 10054] Istniejące połączenie zostało gwałtownie zamknięte przez zdalnego hosta
2026-04-13 19:11:44 | Process-5 | ERROR | asyncio | Exception in callback _ProactorBasePipeTransport._call_connection_lost(None)
handle: <Handle _ProactorBasePipeTransport._call_connection_lost(None)>
Traceback (most recent call last):
  File "C:\Users\Hyperbook\miniconda3\Lib\asyncio\events.py", line 88, in _run
    self._context.run(self._callback, *self._args)
  File "C:\Users\Hyperbook\miniconda3\Lib\asyncio\proactor_events.py", line 165, in _call_connection_lost
    self._sock.shutdown(socket.SHUT_RDWR)
ConnectionResetError: [WinError 10054] Istniejące połączenie zostało gwałtownie zamknięte przez zdalnego hosta
2026-04-13 19:11:44 | Process-5 | ERROR | asyncio | Exception in callback _ProactorBasePipeTransport._call_connection_lost(None)
handle: <Handle _ProactorBasePipeTransport._call_connection_lost(None)>
Traceback (most recent call last):
  File "C:\Users\Hyperbook\miniconda3\Lib\asyncio\events.py", line 88, in _run
    self._context.run(self._callback, *self._args)
  File "C:\Users\Hyperbook\miniconda3\Lib\asyncio\proactor_events.py", line 165, in _call_connection_lost
    self._sock.shutdown(socket.SHUT_RDWR)
ConnectionResetError: [WinError 10054] Istniejące połączenie zostało gwałtownie zamknięte przez zdalnego hosta
2026-04-13 19:11:45 | Process-5 | ERROR | asyncio | Exception in callback _ProactorBasePipeTransport._call_connection_lost(None)
handle: <Handle _ProactorBasePipeTransport._call_connection_lost(None)>
Traceback (most recent call last):
  File "C:\Users\Hyperbook\miniconda3\Lib\asyncio\events.py", line 88, in _run
    self._context.run(self._callback, *self._args)
  File "C:\Users\Hyperbook\miniconda3\Lib\asyncio\proactor_events.py", line 165, in _call_connection_lost
    self._sock.shutdown(socket.SHUT_RDWR)
ConnectionResetError: [WinError 10054] Istniejące połączenie zostało gwałtownie zamknięte przez zdalnego hosta
2026-04-13 19:11:46 | Process-5 | ERROR | asyncio | Exception in callback _ProactorBasePipeTransport._call_connection_lost(None)
handle: <Handle _ProactorBasePipeTransport._call_connection_lost(None)>
Traceback (most recent call last):
  File "C:\Users\Hyperbook\miniconda3\Lib\asyncio\events.py", line 88, in _run
    self._context.run(self._callback, *self._args)
  File "C:\Users\Hyperbook\miniconda3\Lib\asyncio\proactor_events.py", line 165, in _call_connection_lost
    self._sock.shutdown(socket.SHUT_RDWR)
ConnectionResetError: [WinError 10054] Istniejące połączenie zostało gwałtownie zamknięte przez zdalnego hosta
2026-04-13 19:11:47 | Process-5 | ERROR | asyncio | Exception in callback _ProactorBasePipeTransport._call_connection_lost(None)
handle: <Handle _ProactorBasePipeTransport._call_connection_lost(None)>
Traceback (most recent call last):
  File "C:\Users\Hyperbook\miniconda3\Lib\asyncio\events.py", line 88, in _run
    self._context.run(self._callback, *self._args)
  File "C:\Users\Hyperbook\miniconda3\Lib\asyncio\proactor_events.py", line 165, in _call_connection_lost
    self._sock.shutdown(socket.SHUT_RDWR)
ConnectionResetError: [WinError 10054] Istniejące połączenie zostało gwałtownie zamknięte przez zdalnego hosta
2026-04-13 19:11:48 | Process-5 | ERROR | asyncio | Exception in callback _ProactorBasePipeTransport._call_connection_lost(None)
handle: <Handle _ProactorBasePipeTransport._call_connection_lost(None)>
Traceback (most recent call last):
  File "C:\Users\Hyperbook\miniconda3\Lib\asyncio\events.py", line 88, in _run
    self._context.run(self._callback, *self._args)
  File "C:\Users\Hyperbook\miniconda3\Lib\asyncio\proactor_events.py", line 165, in _call_connection_lost
    self._sock.shutdown(socket.SHUT_RDWR)
ConnectionResetError: [WinError 10054] Istniejące połączenie zostało gwałtownie zamknięte przez zdalnego hosta
2026-04-13 19:11:49 | Process-5 | ERROR | asyncio | Exception in callback _ProactorBasePipeTransport._call_connection_lost(None)
handle: <Handle _ProactorBasePipeTransport._call_connection_lost(None)>
Traceback (most recent call last):
  File "C:\Users\Hyperbook\miniconda3\Lib\asyncio\events.py", line 88, in _run
    self._context.run(self._callback, *self._args)
  File "C:\Users\Hyperbook\miniconda3\Lib\asyncio\proactor_events.py", line 165, in _call_connection_lost
    self._sock.shutdown(socket.SHUT_RDWR)
ConnectionResetError: [WinError 10054] Istniejące połączenie zostało gwałtownie zamknięte przez zdalnego hosta
2026-04-13 19:11:50 | Process-5 | ERROR | asyncio | Exception in callback _ProactorBasePipeTransport._call_connection_lost(None)
handle: <Handle _ProactorBasePipeTransport._call_connection_lost(None)>
Traceback (most recent call last):
  File "C:\Users\Hyperbook\miniconda3\Lib\asyncio\events.py", line 88, in _run
    self._context.run(self._callback, *self._args)
  File "C:\Users\Hyperbook\miniconda3\Lib\asyncio\proactor_events.py", line 165, in _call_connection_lost
    self._sock.shutdown(socket.SHUT_RDWR)
ConnectionResetError: [WinError 10054] Istniejące połączenie zostało gwałtownie zamknięte przez zdalnego hosta
2026-04-13 19:11:50 | Process-5 | ERROR | asyncio | Exception in callback _ProactorBasePipeTransport._call_connection_lost(None)
handle: <Handle _ProactorBasePipeTransport._call_connection_lost(None)>
Traceback (most recent call last):
  File "C:\Users\Hyperbook\miniconda3\Lib\asyncio\events.py", line 88, in _run
    self._context.run(self._callback, *self._args)
  File "C:\Users\Hyperbook\miniconda3\Lib\asyncio\proactor_events.py", line 165, in _call_connection_lost
    self._sock.shutdown(socket.SHUT_RDWR)
ConnectionResetError: [WinError 10054] Istniejące połączenie zostało gwałtownie zamknięte przez zdalnego hosta
2026-04-13 19:11:51 | Process-5 | ERROR | asyncio | Exception in callback _ProactorBasePipeTransport._call_connection_lost(None)
handle: <Handle _ProactorBasePipeTransport._call_connection_lost(None)>
Traceback (most recent call last):
  File "C:\Users\Hyperbook\miniconda3\Lib\asyncio\events.py", line 88, in _run
    self._context.run(self._callback, *self._args)
  File "C:\Users\Hyperbook\miniconda3\Lib\asyncio\proactor_events.py", line 165, in _call_connection_lost
    self._sock.shutdown(socket.SHUT_RDWR)
ConnectionResetError: [WinError 10054] Istniejące połączenie zostało gwałtownie zamknięte przez zdalnego hosta
2026-04-13 19:11:52 | Process-5 | ERROR | asyncio | Exception in callback _ProactorBasePipeTransport._call_connection_lost(None)
handle: <Handle _ProactorBasePipeTransport._call_connection_lost(None)>
Traceback (most recent call last):
  File "C:\Users\Hyperbook\miniconda3\Lib\asyncio\events.py", line 88, in _run
    self._context.run(self._callback, *self._args)
  File "C:\Users\Hyperbook\miniconda3\Lib\asyncio\proactor_events.py", line 165, in _call_connection_lost
    self._sock.shutdown(socket.SHUT_RDWR)
ConnectionResetError: [WinError 10054] Istniejące połączenie zostało gwałtownie zamknięte przez zdalnego hosta
2026-04-13 19:11:57 | Process-5 | ERROR | asyncio | Exception in callback _ProactorBasePipeTransport._call_connection_lost(None)
handle: <Handle _ProactorBasePipeTransport._call_connection_lost(None)>
Traceback (most recent call last):
  File "C:\Users\Hyperbook\miniconda3\Lib\asyncio\events.py", line 88, in _run
    self._context.run(self._callback, *self._args)
  File "C:\Users\Hyperbook\miniconda3\Lib\asyncio\proactor_events.py", line 165, in _call_connection_lost
    self._sock.shutdown(socket.SHUT_RDWR)
ConnectionResetError: [WinError 10054] Istniejące połączenie zostało gwałtownie zamknięte przez zdalnego hosta
2026-04-13 19:11:58 | Process-5 | ERROR | asyncio | Exception in callback _ProactorBasePipeTransport._call_connection_lost(None)
handle: <Handle _ProactorBasePipeTransport._call_connection_lost(None)>
Traceback (most recent call last):
  File "C:\Users\Hyperbook\miniconda3\Lib\asyncio\events.py", line 88, in _run
    self._context.run(self._callback, *self._args)
  File "C:\Users\Hyperbook\miniconda3\Lib\asyncio\proactor_events.py", line 165, in _call_connection_lost
    self._sock.shutdown(socket.SHUT_RDWR)
ConnectionResetError: [WinError 10054] Istniejące połączenie zostało gwałtownie zamknięte przez zdalnego hosta
2026-04-13 19:11:59 | Process-5 | ERROR | asyncio | Exception in callback _ProactorBasePipeTransport._call_connection_lost(None)
handle: <Handle _ProactorBasePipeTransport._call_connection_lost(None)>
Traceback (most recent call last):
  File "C:\Users\Hyperbook\miniconda3\Lib\asyncio\events.py", line 88, in _run
    self._context.run(self._callback, *self._args)
  File "C:\Users\Hyperbook\miniconda3\Lib\asyncio\proactor_events.py", line 165, in _call_connection_lost
    self._sock.shutdown(socket.SHUT_RDWR)
ConnectionResetError: [WinError 10054] Istniejące połączenie zostało gwałtownie zamknięte przez zdalnego hosta
2026-04-13 19:12:02 | Process-5 | ERROR | asyncio | Exception in callback _ProactorBasePipeTransport._call_connection_lost(None)
handle: <Handle _ProactorBasePipeTransport._call_connection_lost(None)>
Traceback (most recent call last):
  File "C:\Users\Hyperbook\miniconda3\Lib\asyncio\events.py", line 88, in _run
    self._context.run(self._callback, *self._args)
  File "C:\Users\Hyperbook\miniconda3\Lib\asyncio\proactor_events.py", line 165, in _call_connection_lost
    self._sock.shutdown(socket.SHUT_RDWR)
ConnectionResetError: [WinError 10054] Istniejące połączenie zostało gwałtownie zamknięte przez zdalnego hosta
2026-04-13 19:12:03 | Process-5 | ERROR | asyncio | Exception in callback _ProactorBasePipeTransport._call_connection_lost(None)
handle: <Handle _ProactorBasePipeTransport._call_connection_lost(None)>
Traceback (most recent call last):
  File "C:\Users\Hyperbook\miniconda3\Lib\asyncio\events.py", line 88, in _run
    self._context.run(self._callback, *self._args)
  File "C:\Users\Hyperbook\miniconda3\Lib\asyncio\proactor_events.py", line 165, in _call_connection_lost
    self._sock.shutdown(socket.SHUT_RDWR)
ConnectionResetError: [WinError 10054] Istniejące połączenie zostało gwałtownie zamknięte przez zdalnego hosta
2026-04-13 19:12:03 | Process-5 | ERROR | asyncio | Exception in callback _ProactorBasePipeTransport._call_connection_lost(None)
handle: <Handle _ProactorBasePipeTransport._call_connection_lost(None)>
Traceback (most recent call last):
  File "C:\Users\Hyperbook\miniconda3\Lib\asyncio\events.py", line 88, in _run
    self._context.run(self._callback, *self._args)
  File "C:\Users\Hyperbook\miniconda3\Lib\asyncio\proactor_events.py", line 165, in _call_connection_lost
    self._sock.shutdown(socket.SHUT_RDWR)
ConnectionResetError: [WinError 10054] Istniejące połączenie zostało gwałtownie zamknięte przez zdalnego hosta
2026-04-13 19:12:04 | Process-5 | ERROR | asyncio | Exception in callback _ProactorBasePipeTransport._call_connection_lost(None)
handle: <Handle _ProactorBasePipeTransport._call_connection_lost(None)>
Traceback (most recent call last):
  File "C:\Users\Hyperbook\miniconda3\Lib\asyncio\events.py", line 88, in _run
    self._context.run(self._callback, *self._args)
  File "C:\Users\Hyperbook\miniconda3\Lib\asyncio\proactor_events.py", line 165, in _call_connection_lost
    self._sock.shutdown(socket.SHUT_RDWR)
ConnectionResetError: [WinError 10054] Istniejące połączenie zostało gwałtownie zamknięte przez zdalnego hosta
2026-04-13 19:12:05 | Process-5 | ERROR | asyncio | Exception in callback _ProactorBasePipeTransport._call_connection_lost(None)
handle: <Handle _ProactorBasePipeTransport._call_connection_lost(None)>
Traceback (most recent call last):
  File "C:\Users\Hyperbook\miniconda3\Lib\asyncio\events.py", line 88, in _run
    self._context.run(self._callback, *self._args)
  File "C:\Users\Hyperbook\miniconda3\Lib\asyncio\proactor_events.py", line 165, in _call_connection_lost
    self._sock.shutdown(socket.SHUT_RDWR)
ConnectionResetError: [WinError 10054] Istniejące połączenie zostało gwałtownie zamknięte przez zdalnego hosta
2026-04-13 19:12:05 | Process-5 | ERROR | asyncio | Exception in callback _ProactorBasePipeTransport._call_connection_lost(None)
handle: <Handle _ProactorBasePipeTransport._call_connection_lost(None)>
Traceback (most recent call last):
  File "C:\Users\Hyperbook\miniconda3\Lib\asyncio\events.py", line 88, in _run
    self._context.run(self._callback, *self._args)
  File "C:\Users\Hyperbook\miniconda3\Lib\asyncio\proactor_events.py", line 165, in _call_connection_lost
    self._sock.shutdown(socket.SHUT_RDWR)
ConnectionResetError: [WinError 10054] Istniejące połączenie zostało gwałtownie zamknięte przez zdalnego hosta
2026-04-13 19:12:07 | Process-5 | ERROR | asyncio | Exception in callback _ProactorBasePipeTransport._call_connection_lost(None)
handle: <Handle _ProactorBasePipeTransport._call_connection_lost(None)>
Traceback (most recent call last):
  File "C:\Users\Hyperbook\miniconda3\Lib\asyncio\events.py", line 88, in _run
    self._context.run(self._callback, *self._args)
  File "C:\Users\Hyperbook\miniconda3\Lib\asyncio\proactor_events.py", line 165, in _call_connection_lost
    self._sock.shutdown(socket.SHUT_RDWR)
ConnectionResetError: [WinError 10054] Istniejące połączenie zostało gwałtownie zamknięte przez zdalnego hosta
2026-04-13 19:12:07 | Process-5 | ERROR | asyncio | Exception in callback _ProactorBasePipeTransport._call_connection_lost(None)
handle: <Handle _ProactorBasePipeTransport._call_connection_lost(None)>
Traceback (most recent call last):
  File "C:\Users\Hyperbook\miniconda3\Lib\asyncio\events.py", line 88, in _run
    self._context.run(self._callback, *self._args)
  File "C:\Users\Hyperbook\miniconda3\Lib\asyncio\proactor_events.py", line 165, in _call_connection_lost
    self._sock.shutdown(socket.SHUT_RDWR)
ConnectionResetError: [WinError 10054] Istniejące połączenie zostało gwałtownie zamknięte przez zdalnego hosta
2026-04-13 19:12:08 | Process-5 | ERROR | asyncio | Exception in callback _ProactorBasePipeTransport._call_connection_lost(None)
handle: <Handle _ProactorBasePipeTransport._call_connection_lost(None)>
Traceback (most recent call last):
  File "C:\Users\Hyperbook\miniconda3\Lib\asyncio\events.py", line 88, in _run
    self._context.run(self._callback, *self._args)
  File "C:\Users\Hyperbook\miniconda3\Lib\asyncio\proactor_events.py", line 165, in _call_connection_lost
    self._sock.shutdown(socket.SHUT_RDWR)
ConnectionResetError: [WinError 10054] Istniejące połączenie zostało gwałtownie zamknięte przez zdalnego hosta
2026-04-13 19:12:09 | Process-5 | ERROR | asyncio | Exception in callback _ProactorBasePipeTransport._call_connection_lost(None)
handle: <Handle _ProactorBasePipeTransport._call_connection_lost(None)>
Traceback (most recent call last):
  File "C:\Users\Hyperbook\miniconda3\Lib\asyncio\events.py", line 88, in _run
    self._context.run(self._callback, *self._args)
  File "C:\Users\Hyperbook\miniconda3\Lib\asyncio\proactor_events.py", line 165, in _call_connection_lost
    self._sock.shutdown(socket.SHUT_RDWR)
ConnectionResetError: [WinError 10054] Istniejące połączenie zostało gwałtownie zamknięte przez zdalnego hosta
2026-04-13 19:12:09 | Process-5 | ERROR | asyncio | Exception in callback _ProactorBasePipeTransport._call_connection_lost(None)
handle: <Handle _ProactorBasePipeTransport._call_connection_lost(None)>
Traceback (most recent call last):
  File "C:\Users\Hyperbook\miniconda3\Lib\asyncio\events.py", line 88, in _run
    self._context.run(self._callback, *self._args)
  File "C:\Users\Hyperbook\miniconda3\Lib\asyncio\proactor_events.py", line 165, in _call_connection_lost
    self._sock.shutdown(socket.SHUT_RDWR)
ConnectionResetError: [WinError 10054] Istniejące połączenie zostało gwałtownie zamknięte przez zdalnego hosta
2026-04-13 19:12:10 | Process-5 | ERROR | asyncio | Exception in callback _ProactorBasePipeTransport._call_connection_lost(None)
handle: <Handle _ProactorBasePipeTransport._call_connection_lost(None)>
Traceback (most recent call last):
  File "C:\Users\Hyperbook\miniconda3\Lib\asyncio\events.py", line 88, in _run
    self._context.run(self._callback, *self._args)
  File "C:\Users\Hyperbook\miniconda3\Lib\asyncio\proactor_events.py", line 165, in _call_connection_lost
    self._sock.shutdown(socket.SHUT_RDWR)
ConnectionResetError: [WinError 10054] Istniejące połączenie zostało gwałtownie zamknięte przez zdalnego hosta
2026-04-13 19:12:11 | Process-5 | ERROR | asyncio | Exception in callback _ProactorBasePipeTransport._call_connection_lost(None)
handle: <Handle _ProactorBasePipeTransport._call_connection_lost(None)>
Traceback (most recent call last):
  File "C:\Users\Hyperbook\miniconda3\Lib\asyncio\events.py", line 88, in _run
    self._context.run(self._callback, *self._args)
  File "C:\Users\Hyperbook\miniconda3\Lib\asyncio\proactor_events.py", line 165, in _call_connection_lost
    self._sock.shutdown(socket.SHUT_RDWR)
ConnectionResetError: [WinError 10054] Istniejące połączenie zostało gwałtownie zamknięte przez zdalnego hosta
2026-04-13 19:12:12 | Process-5 | ERROR | asyncio | Exception in callback _ProactorBasePipeTransport._call_connection_lost(None)
handle: <Handle _ProactorBasePipeTransport._call_connection_lost(None)>
Traceback (most recent call last):
  File "C:\Users\Hyperbook\miniconda3\Lib\asyncio\events.py", line 88, in _run
    self._context.run(self._callback, *self._args)
  File "C:\Users\Hyperbook\miniconda3\Lib\asyncio\proactor_events.py", line 165, in _call_connection_lost
    self._sock.shutdown(socket.SHUT_RDWR)
ConnectionResetError: [WinError 10054] Istniejące połączenie zostało gwałtownie zamknięte przez zdalnego hosta
2026-04-13 19:12:15 | Process-5 | ERROR | asyncio | Exception in callback _ProactorBasePipeTransport._call_connection_lost(None)
handle: <Handle _ProactorBasePipeTransport._call_connection_lost(None)>
Traceback (most recent call last):
  File "C:\Users\Hyperbook\miniconda3\Lib\asyncio\events.py", line 88, in _run
    self._context.run(self._callback, *self._args)
  File "C:\Users\Hyperbook\miniconda3\Lib\asyncio\proactor_events.py", line 165, in _call_connection_lost
    self._sock.shutdown(socket.SHUT_RDWR)
ConnectionResetError: [WinError 10054] Istniejące połączenie zostało gwałtownie zamknięte przez zdalnego hosta
2026-04-13 19:12:15 | Process-5 | ERROR | asyncio | Exception in callback _ProactorBasePipeTransport._call_connection_lost(None)
handle: <Handle _ProactorBasePipeTransport._call_connection_lost(None)>
Traceback (most recent call last):
  File "C:\Users\Hyperbook\miniconda3\Lib\asyncio\events.py", line 88, in _run
    self._context.run(self._callback, *self._args)
  File "C:\Users\Hyperbook\miniconda3\Lib\asyncio\proactor_events.py", line 165, in _call_connection_lost
    self._sock.shutdown(socket.SHUT_RDWR)
ConnectionResetError: [WinError 10054] Istniejące połączenie zostało gwałtownie zamknięte przez zdalnego hosta
2026-04-13 19:12:16 | Process-5 | ERROR | asyncio | Exception in callback _ProactorBasePipeTransport._call_connection_lost(None)
handle: <Handle _ProactorBasePipeTransport._call_connection_lost(None)>
Traceback (most recent call last):
  File "C:\Users\Hyperbook\miniconda3\Lib\asyncio\events.py", line 88, in _run
    self._context.run(self._callback, *self._args)
  File "C:\Users\Hyperbook\miniconda3\Lib\asyncio\proactor_events.py", line 165, in _call_connection_lost
    self._sock.shutdown(socket.SHUT_RDWR)
ConnectionResetError: [WinError 10054] Istniejące połączenie zostało gwałtownie zamknięte przez zdalnego hosta
2026-04-13 19:12:16 | Process-5 | ERROR | asyncio | Exception in callback _ProactorBasePipeTransport._call_connection_lost(None)
handle: <Handle _ProactorBasePipeTransport._call_connection_lost(None)>
Traceback (most recent call last):
  File "C:\Users\Hyperbook\miniconda3\Lib\asyncio\events.py", line 88, in _run
    self._context.run(self._callback, *self._args)
  File "C:\Users\Hyperbook\miniconda3\Lib\asyncio\proactor_events.py", line 165, in _call_connection_lost
    self._sock.shutdown(socket.SHUT_RDWR)
ConnectionResetError: [WinError 10054] Istniejące połączenie zostało gwałtownie zamknięte przez zdalnego hosta
2026-04-13 19:12:17 | Process-5 | ERROR | asyncio | Exception in callback _ProactorBasePipeTransport._call_connection_lost(None)
handle: <Handle _ProactorBasePipeTransport._call_connection_lost(None)>
Traceback (most recent call last):
  File "C:\Users\Hyperbook\miniconda3\Lib\asyncio\events.py", line 88, in _run
    self._context.run(self._callback, *self._args)
  File "C:\Users\Hyperbook\miniconda3\Lib\asyncio\proactor_events.py", line 165, in _call_connection_lost
    self._sock.shutdown(socket.SHUT_RDWR)
ConnectionResetError: [WinError 10054] Istniejące połączenie zostało gwałtownie zamknięte przez zdalnego hosta
2026-04-13 19:12:18 | Process-5 | ERROR | asyncio | Exception in callback _ProactorBasePipeTransport._call_connection_lost(None)
handle: <Handle _ProactorBasePipeTransport._call_connection_lost(None)>
Traceback (most recent call last):
  File "C:\Users\Hyperbook\miniconda3\Lib\asyncio\events.py", line 88, in _run
    self._context.run(self._callback, *self._args)
  File "C:\Users\Hyperbook\miniconda3\Lib\asyncio\proactor_events.py", line 165, in _call_connection_lost
    self._sock.shutdown(socket.SHUT_RDWR)
ConnectionResetError: [WinError 10054] Istniejące połączenie zostało gwałtownie zamknięte przez zdalnego hosta
2026-04-13 19:12:19 | Process-5 | ERROR | asyncio | Exception in callback _ProactorBasePipeTransport._call_connection_lost(None)
handle: <Handle _ProactorBasePipeTransport._call_connection_lost(None)>
Traceback (most recent call last):
  File "C:\Users\Hyperbook\miniconda3\Lib\asyncio\events.py", line 88, in _run
    self._context.run(self._callback, *self._args)
  File "C:\Users\Hyperbook\miniconda3\Lib\asyncio\proactor_events.py", line 165, in _call_connection_lost
    self._sock.shutdown(socket.SHUT_RDWR)
ConnectionResetError: [WinError 10054] Istniejące połączenie zostało gwałtownie zamknięte przez zdalnego hosta
2026-04-13 19:12:20 | Process-5 | ERROR | asyncio | Exception in callback _ProactorBasePipeTransport._call_connection_lost(None)
handle: <Handle _ProactorBasePipeTransport._call_connection_lost(None)>
Traceback (most recent call last):
  File "C:\Users\Hyperbook\miniconda3\Lib\asyncio\events.py", line 88, in _run
    self._context.run(self._callback, *self._args)
  File "C:\Users\Hyperbook\miniconda3\Lib\asyncio\proactor_events.py", line 165, in _call_connection_lost
    self._sock.shutdown(socket.SHUT_RDWR)
ConnectionResetError: [WinError 10054] Istniejące połączenie zostało gwałtownie zamknięte przez zdalnego hosta
2026-04-13 19:12:20 | Process-5 | ERROR | asyncio | Exception in callback _ProactorBasePipeTransport._call_connection_lost(None)
handle: <Handle _ProactorBasePipeTransport._call_connection_lost(None)>
Traceback (most recent call last):
  File "C:\Users\Hyperbook\miniconda3\Lib\asyncio\events.py", line 88, in _run
    self._context.run(self._callback, *self._args)
  File "C:\Users\Hyperbook\miniconda3\Lib\asyncio\proactor_events.py", line 165, in _call_connection_lost
    self._sock.shutdown(socket.SHUT_RDWR)
ConnectionResetError: [WinError 10054] Istniejące połączenie zostało gwałtownie zamknięte przez zdalnego hosta
2026-04-13 19:12:21 | Process-5 | ERROR | asyncio | Exception in callback _ProactorBasePipeTransport._call_connection_lost(None)
handle: <Handle _ProactorBasePipeTransport._call_connection_lost(None)>
Traceback (most recent call last):
  File "C:\Users\Hyperbook\miniconda3\Lib\asyncio\events.py", line 88, in _run
    self._context.run(self._callback, *self._args)
  File "C:\Users\Hyperbook\miniconda3\Lib\asyncio\proactor_events.py", line 165, in _call_connection_lost
    self._sock.shutdown(socket.SHUT_RDWR)
ConnectionResetError: [WinError 10054] Istniejące połączenie zostało gwałtownie zamknięte przez zdalnego hosta
2026-04-13 19:12:23 | Process-5 | ERROR | asyncio | Exception in callback _ProactorBasePipeTransport._call_connection_lost(None)
handle: <Handle _ProactorBasePipeTransport._call_connection_lost(None)>
Traceback (most recent call last):
  File "C:\Users\Hyperbook\miniconda3\Lib\asyncio\events.py", line 88, in _run
    self._context.run(self._callback, *self._args)
  File "C:\Users\Hyperbook\miniconda3\Lib\asyncio\proactor_events.py", line 165, in _call_connection_lost
    self._sock.shutdown(socket.SHUT_RDWR)
ConnectionResetError: [WinError 10054] Istniejące połączenie zostało gwałtownie zamknięte przez zdalnego hosta
2026-04-13 19:12:26 | Process-5 | ERROR | asyncio | Exception in callback _ProactorBasePipeTransport._call_connection_lost(None)
handle: <Handle _ProactorBasePipeTransport._call_connection_lost(None)>
Traceback (most recent call last):
  File "C:\Users\Hyperbook\miniconda3\Lib\asyncio\events.py", line 88, in _run
    self._context.run(self._callback, *self._args)
  File "C:\Users\Hyperbook\miniconda3\Lib\asyncio\proactor_events.py", line 165, in _call_connection_lost
    self._sock.shutdown(socket.SHUT_RDWR)
ConnectionResetError: [WinError 10054] Istniejące połączenie zostało gwałtownie zamknięte przez zdalnego hosta
2026-04-13 19:12:26 | Process-5 | ERROR | asyncio | Exception in callback _ProactorBasePipeTransport._call_connection_lost(None)
handle: <Handle _ProactorBasePipeTransport._call_connection_lost(None)>
Traceback (most recent call last):
  File "C:\Users\Hyperbook\miniconda3\Lib\asyncio\events.py", line 88, in _run
    self._context.run(self._callback, *self._args)
  File "C:\Users\Hyperbook\miniconda3\Lib\asyncio\proactor_events.py", line 165, in _call_connection_lost
    self._sock.shutdown(socket.SHUT_RDWR)
ConnectionResetError: [WinError 10054] Istniejące połączenie zostało gwałtownie zamknięte przez zdalnego hosta
2026-04-13 19:12:27 | Process-5 | ERROR | asyncio | Exception in callback _ProactorBasePipeTransport._call_connection_lost(None)
handle: <Handle _ProactorBasePipeTransport._call_connection_lost(None)>
Traceback (most recent call last):
  File "C:\Users\Hyperbook\miniconda3\Lib\asyncio\events.py", line 88, in _run
    self._context.run(self._callback, *self._args)
  File "C:\Users\Hyperbook\miniconda3\Lib\asyncio\proactor_events.py", line 165, in _call_connection_lost
    self._sock.shutdown(socket.SHUT_RDWR)
ConnectionResetError: [WinError 10054] Istniejące połączenie zostało gwałtownie zamknięte przez zdalnego hosta
2026-04-13 19:12:28 | Process-5 | ERROR | asyncio | Exception in callback _ProactorBasePipeTransport._call_connection_lost(None)
handle: <Handle _ProactorBasePipeTransport._call_connection_lost(None)>
Traceback (most recent call last):
  File "C:\Users\Hyperbook\miniconda3\Lib\asyncio\events.py", line 88, in _run
    self._context.run(self._callback, *self._args)
  File "C:\Users\Hyperbook\miniconda3\Lib\asyncio\proactor_events.py", line 165, in _call_connection_lost
    self._sock.shutdown(socket.SHUT_RDWR)
ConnectionResetError: [WinError 10054] Istniejące połączenie zostało gwałtownie zamknięte przez zdalnego hosta
2026-04-13 19:12:29 | Process-5 | ERROR | asyncio | Exception in callback _ProactorBasePipeTransport._call_connection_lost(None)
handle: <Handle _ProactorBasePipeTransport._call_connection_lost(None)>
Traceback (most recent call last):
  File "C:\Users\Hyperbook\miniconda3\Lib\asyncio\events.py", line 88, in _run
    self._context.run(self._callback, *self._args)
  File "C:\Users\Hyperbook\miniconda3\Lib\asyncio\proactor_events.py", line 165, in _call_connection_lost
    self._sock.shutdown(socket.SHUT_RDWR)
ConnectionResetError: [WinError 10054] Istniejące połączenie zostało gwałtownie zamknięte przez zdalnego hosta
2026-04-13 19:12:32 | Process-5 | ERROR | asyncio | Exception in callback _ProactorBasePipeTransport._call_connection_lost(None)
handle: <Handle _ProactorBasePipeTransport._call_connection_lost(None)>
Traceback (most recent call last):
  File "C:\Users\Hyperbook\miniconda3\Lib\asyncio\events.py", line 88, in _run
    self._context.run(self._callback, *self._args)
  File "C:\Users\Hyperbook\miniconda3\Lib\asyncio\proactor_events.py", line 165, in _call_connection_lost
    self._sock.shutdown(socket.SHUT_RDWR)
ConnectionResetError: [WinError 10054] Istniejące połączenie zostało gwałtownie zamknięte przez zdalnego hosta
2026-04-13 19:12:33 | Process-5 | ERROR | asyncio | Exception in callback _ProactorBasePipeTransport._call_connection_lost(None)
handle: <Handle _ProactorBasePipeTransport._call_connection_lost(None)>
Traceback (most recent call last):
  File "C:\Users\Hyperbook\miniconda3\Lib\asyncio\events.py", line 88, in _run
    self._context.run(self._callback, *self._args)
  File "C:\Users\Hyperbook\miniconda3\Lib\asyncio\proactor_events.py", line 165, in _call_connection_lost
    self._sock.shutdown(socket.SHUT_RDWR)
ConnectionResetError: [WinError 10054] Istniejące połączenie zostało gwałtownie zamknięte przez zdalnego hosta
2026-04-13 19:12:34 | Process-5 | ERROR | asyncio | Exception in callback _ProactorBasePipeTransport._call_connection_lost(None)
handle: <Handle _ProactorBasePipeTransport._call_connection_lost(None)>
Traceback (most recent call last):
  File "C:\Users\Hyperbook\miniconda3\Lib\asyncio\events.py", line 88, in _run
    self._context.run(self._callback, *self._args)
  File "C:\Users\Hyperbook\miniconda3\Lib\asyncio\proactor_events.py", line 165, in _call_connection_lost
    self._sock.shutdown(socket.SHUT_RDWR)
ConnectionResetError: [WinError 10054] Istniejące połączenie zostało gwałtownie zamknięte przez zdalnego hosta
2026-04-13 19:12:36 | Process-5 | ERROR | asyncio | Exception in callback _ProactorBasePipeTransport._call_connection_lost(None)
handle: <Handle _ProactorBasePipeTransport._call_connection_lost(None)>
Traceback (most recent call last):
  File "C:\Users\Hyperbook\miniconda3\Lib\asyncio\events.py", line 88, in _run
    self._context.run(self._callback, *self._args)
  File "C:\Users\Hyperbook\miniconda3\Lib\asyncio\proactor_events.py", line 165, in _call_connection_lost
    self._sock.shutdown(socket.SHUT_RDWR)
ConnectionResetError: [WinError 10054] Istniejące połączenie zostało gwałtownie zamknięte przez zdalnego hosta
2026-04-13 19:12:36 | Process-5 | ERROR | asyncio | Exception in callback _ProactorBasePipeTransport._call_connection_lost(None)
handle: <Handle _ProactorBasePipeTransport._call_connection_lost(None)>
Traceback (most recent call last):
  File "C:\Users\Hyperbook\miniconda3\Lib\asyncio\events.py", line 88, in _run
    self._context.run(self._callback, *self._args)
  File "C:\Users\Hyperbook\miniconda3\Lib\asyncio\proactor_events.py", line 165, in _call_connection_lost
    self._sock.shutdown(socket.SHUT_RDWR)
ConnectionResetError: [WinError 10054] Istniejące połączenie zostało gwałtownie zamknięte przez zdalnego hosta
2026-04-13 19:12:37 | Process-5 | ERROR | asyncio | Exception in callback _ProactorBasePipeTransport._call_connection_lost(None)
handle: <Handle _ProactorBasePipeTransport._call_connection_lost(None)>
Traceback (most recent call last):
  File "C:\Users\Hyperbook\miniconda3\Lib\asyncio\events.py", line 88, in _run
    self._context.run(self._callback, *self._args)
  File "C:\Users\Hyperbook\miniconda3\Lib\asyncio\proactor_events.py", line 165, in _call_connection_lost
    self._sock.shutdown(socket.SHUT_RDWR)
ConnectionResetError: [WinError 10054] Istniejące połączenie zostało gwałtownie zamknięte przez zdalnego hosta
2026-04-13 19:12:37 | Process-5 | ERROR | asyncio | Exception in callback _ProactorBasePipeTransport._call_connection_lost(None)
handle: <Handle _ProactorBasePipeTransport._call_connection_lost(None)>
Traceback (most recent call last):
  File "C:\Users\Hyperbook\miniconda3\Lib\asyncio\events.py", line 88, in _run
    self._context.run(self._callback, *self._args)
  File "C:\Users\Hyperbook\miniconda3\Lib\asyncio\proactor_events.py", line 165, in _call_connection_lost
    self._sock.shutdown(socket.SHUT_RDWR)
ConnectionResetError: [WinError 10054] Istniejące połączenie zostało gwałtownie zamknięte przez zdalnego hosta
2026-04-13 19:12:39 | Process-5 | ERROR | asyncio | Exception in callback _ProactorBasePipeTransport._call_connection_lost(None)
handle: <Handle _ProactorBasePipeTransport._call_connection_lost(None)>
Traceback (most recent call last):
  File "C:\Users\Hyperbook\miniconda3\Lib\asyncio\events.py", line 88, in _run
    self._context.run(self._callback, *self._args)
  File "C:\Users\Hyperbook\miniconda3\Lib\asyncio\proactor_events.py", line 165, in _call_connection_lost
    self._sock.shutdown(socket.SHUT_RDWR)
ConnectionResetError: [WinError 10054] Istniejące połączenie zostało gwałtownie zamknięte przez zdalnego hosta
2026-04-13 19:12:39 | Process-5 | ERROR | asyncio | Exception in callback _ProactorBasePipeTransport._call_connection_lost(None)
handle: <Handle _ProactorBasePipeTransport._call_connection_lost(None)>
Traceback (most recent call last):
  File "C:\Users\Hyperbook\miniconda3\Lib\asyncio\events.py", line 88, in _run
    self._context.run(self._callback, *self._args)
  File "C:\Users\Hyperbook\miniconda3\Lib\asyncio\proactor_events.py", line 165, in _call_connection_lost
    self._sock.shutdown(socket.SHUT_RDWR)
ConnectionResetError: [WinError 10054] Istniejące połączenie zostało gwałtownie zamknięte przez zdalnego hosta
2026-04-13 19:12:40 | Process-5 | ERROR | asyncio | Exception in callback _ProactorBasePipeTransport._call_connection_lost(None)
handle: <Handle _ProactorBasePipeTransport._call_connection_lost(None)>
Traceback (most recent call last):
  File "C:\Users\Hyperbook\miniconda3\Lib\asyncio\events.py", line 88, in _run
    self._context.run(self._callback, *self._args)
  File "C:\Users\Hyperbook\miniconda3\Lib\asyncio\proactor_events.py", line 165, in _call_connection_lost
    self._sock.shutdown(socket.SHUT_RDWR)
ConnectionResetError: [WinError 10054] Istniejące połączenie zostało gwałtownie zamknięte przez zdalnego hosta
2026-04-13 19:12:40 | Process-5 | ERROR | asyncio | Exception in callback _ProactorBasePipeTransport._call_connection_lost(None)
handle: <Handle _ProactorBasePipeTransport._call_connection_lost(None)>
Traceback (most recent call last):
  File "C:\Users\Hyperbook\miniconda3\Lib\asyncio\events.py", line 88, in _run
    self._context.run(self._callback, *self._args)
  File "C:\Users\Hyperbook\miniconda3\Lib\asyncio\proactor_events.py", line 165, in _call_connection_lost
    self._sock.shutdown(socket.SHUT_RDWR)
ConnectionResetError: [WinError 10054] Istniejące połączenie zostało gwałtownie zamknięte przez zdalnego hosta
2026-04-13 19:12:44 | Process-5 | ERROR | asyncio | Exception in callback _ProactorBasePipeTransport._call_connection_lost(None)
handle: <Handle _ProactorBasePipeTransport._call_connection_lost(None)>
Traceback (most recent call last):
  File "C:\Users\Hyperbook\miniconda3\Lib\asyncio\events.py", line 88, in _run
    self._context.run(self._callback, *self._args)
  File "C:\Users\Hyperbook\miniconda3\Lib\asyncio\proactor_events.py", line 165, in _call_connection_lost
    self._sock.shutdown(socket.SHUT_RDWR)
ConnectionResetError: [WinError 10054] Istniejące połączenie zostało gwałtownie zamknięte przez zdalnego hosta
2026-04-13 19:12:45 | Process-5 | ERROR | asyncio | Exception in callback _ProactorBasePipeTransport._call_connection_lost(None)
handle: <Handle _ProactorBasePipeTransport._call_connection_lost(None)>
Traceback (most recent call last):
  File "C:\Users\Hyperbook\miniconda3\Lib\asyncio\events.py", line 88, in _run
    self._context.run(self._callback, *self._args)
  File "C:\Users\Hyperbook\miniconda3\Lib\asyncio\proactor_events.py", line 165, in _call_connection_lost
    self._sock.shutdown(socket.SHUT_RDWR)
ConnectionResetError: [WinError 10054] Istniejące połączenie zostało gwałtownie zamknięte przez zdalnego hosta
2026-04-13 19:12:45 | Process-5 | ERROR | asyncio | Exception in callback _ProactorBasePipeTransport._call_connection_lost(None)
handle: <Handle _ProactorBasePipeTransport._call_connection_lost(None)>
Traceback (most recent call last):
  File "C:\Users\Hyperbook\miniconda3\Lib\asyncio\events.py", line 88, in _run
    self._context.run(self._callback, *self._args)
  File "C:\Users\Hyperbook\miniconda3\Lib\asyncio\proactor_events.py", line 165, in _call_connection_lost
    self._sock.shutdown(socket.SHUT_RDWR)
ConnectionResetError: [WinError 10054] Istniejące połączenie zostało gwałtownie zamknięte przez zdalnego hosta
2026-04-13 19:12:47 | Process-5 | ERROR | asyncio | Exception in callback _ProactorBasePipeTransport._call_connection_lost(None)
handle: <Handle _ProactorBasePipeTransport._call_connection_lost(None)>
Traceback (most recent call last):
  File "C:\Users\Hyperbook\miniconda3\Lib\asyncio\events.py", line 88, in _run
    self._context.run(self._callback, *self._args)
  File "C:\Users\Hyperbook\miniconda3\Lib\asyncio\proactor_events.py", line 165, in _call_connection_lost
    self._sock.shutdown(socket.SHUT_RDWR)
ConnectionResetError: [WinError 10054] Istniejące połączenie zostało gwałtownie zamknięte przez zdalnego hosta
2026-04-13 19:12:51 | Process-5 | ERROR | asyncio | Exception in callback _ProactorBasePipeTransport._call_connection_lost(None)
handle: <Handle _ProactorBasePipeTransport._call_connection_lost(None)>
Traceback (most recent call last):
  File "C:\Users\Hyperbook\miniconda3\Lib\asyncio\events.py", line 88, in _run
    self._context.run(self._callback, *self._args)
  File "C:\Users\Hyperbook\miniconda3\Lib\asyncio\proactor_events.py", line 165, in _call_connection_lost
    self._sock.shutdown(socket.SHUT_RDWR)
ConnectionResetError: [WinError 10054] Istniejące połączenie zostało gwałtownie zamknięte przez zdalnego hosta
2026-04-13 19:12:52 | Process-5 | ERROR | asyncio | Exception in callback _ProactorBasePipeTransport._call_connection_lost(None)
handle: <Handle _ProactorBasePipeTransport._call_connection_lost(None)>
Traceback (most recent call last):
  File "C:\Users\Hyperbook\miniconda3\Lib\asyncio\events.py", line 88, in _run
    self._context.run(self._callback, *self._args)
  File "C:\Users\Hyperbook\miniconda3\Lib\asyncio\proactor_events.py", line 165, in _call_connection_lost
    self._sock.shutdown(socket.SHUT_RDWR)
ConnectionResetError: [WinError 10054] Istniejące połączenie zostało gwałtownie zamknięte przez zdalnego hosta
2026-04-13 19:12:52 | Process-5 | ERROR | asyncio | Exception in callback _ProactorBasePipeTransport._call_connection_lost(None)
handle: <Handle _ProactorBasePipeTransport._call_connection_lost(None)>
Traceback (most recent call last):
  File "C:\Users\Hyperbook\miniconda3\Lib\asyncio\events.py", line 88, in _run
    self._context.run(self._callback, *self._args)
  File "C:\Users\Hyperbook\miniconda3\Lib\asyncio\proactor_events.py", line 165, in _call_connection_lost
    self._sock.shutdown(socket.SHUT_RDWR)
ConnectionResetError: [WinError 10054] Istniejące połączenie zostało gwałtownie zamknięte przez zdalnego hosta
2026-04-13 19:12:53 | Process-5 | ERROR | asyncio | Exception in callback _ProactorBasePipeTransport._call_connection_lost(None)
handle: <Handle _ProactorBasePipeTransport._call_connection_lost(None)>
Traceback (most recent call last):
  File "C:\Users\Hyperbook\miniconda3\Lib\asyncio\events.py", line 88, in _run
    self._context.run(self._callback, *self._args)
  File "C:\Users\Hyperbook\miniconda3\Lib\asyncio\proactor_events.py", line 165, in _call_connection_lost
    self._sock.shutdown(socket.SHUT_RDWR)
ConnectionResetError: [WinError 10054] Istniejące połączenie zostało gwałtownie zamknięte przez zdalnego hosta
2026-04-13 19:12:54 | Process-5 | ERROR | asyncio | Exception in callback _ProactorBasePipeTransport._call_connection_lost(None)
handle: <Handle _ProactorBasePipeTransport._call_connection_lost(None)>
Traceback (most recent call last):
  File "C:\Users\Hyperbook\miniconda3\Lib\asyncio\events.py", line 88, in _run
    self._context.run(self._callback, *self._args)
  File "C:\Users\Hyperbook\miniconda3\Lib\asyncio\proactor_events.py", line 165, in _call_connection_lost
    self._sock.shutdown(socket.SHUT_RDWR)
ConnectionResetError: [WinError 10054] Istniejące połączenie zostało gwałtownie zamknięte przez zdalnego hosta
2026-04-13 19:12:55 | Process-5 | ERROR | asyncio | Exception in callback _ProactorBasePipeTransport._call_connection_lost(None)
handle: <Handle _ProactorBasePipeTransport._call_connection_lost(None)>
Traceback (most recent call last):
  File "C:\Users\Hyperbook\miniconda3\Lib\asyncio\events.py", line 88, in _run
    self._context.run(self._callback, *self._args)
  File "C:\Users\Hyperbook\miniconda3\Lib\asyncio\proactor_events.py", line 165, in _call_connection_lost
    self._sock.shutdown(socket.SHUT_RDWR)
ConnectionResetError: [WinError 10054] Istniejące połączenie zostało gwałtownie zamknięte przez zdalnego hosta
2026-04-13 19:12:57 | Process-5 | ERROR | asyncio | Exception in callback _ProactorBasePipeTransport._call_connection_lost(None)
handle: <Handle _ProactorBasePipeTransport._call_connection_lost(None)>
Traceback (most recent call last):
  File "C:\Users\Hyperbook\miniconda3\Lib\asyncio\events.py", line 88, in _run
    self._context.run(self._callback, *self._args)
  File "C:\Users\Hyperbook\miniconda3\Lib\asyncio\proactor_events.py", line 165, in _call_connection_lost
    self._sock.shutdown(socket.SHUT_RDWR)
ConnectionResetError: [WinError 10054] Istniejące połączenie zostało gwałtownie zamknięte przez zdalnego hosta
2026-04-13 19:12:57 | Process-5 | ERROR | asyncio | Exception in callback _ProactorBasePipeTransport._call_connection_lost(None)
handle: <Handle _ProactorBasePipeTransport._call_connection_lost(None)>
Traceback (most recent call last):
  File "C:\Users\Hyperbook\miniconda3\Lib\asyncio\events.py", line 88, in _run
    self._context.run(self._callback, *self._args)
  File "C:\Users\Hyperbook\miniconda3\Lib\asyncio\proactor_events.py", line 165, in _call_connection_lost
    self._sock.shutdown(socket.SHUT_RDWR)
ConnectionResetError: [WinError 10054] Istniejące połączenie zostało gwałtownie zamknięte przez zdalnego hosta
2026-04-13 19:12:59 | Process-5 | ERROR | asyncio | Exception in callback _ProactorBasePipeTransport._call_connection_lost(None)
handle: <Handle _ProactorBasePipeTransport._call_connection_lost(None)>
Traceback (most recent call last):
  File "C:\Users\Hyperbook\miniconda3\Lib\asyncio\events.py", line 88, in _run
    self._context.run(self._callback, *self._args)
  File "C:\Users\Hyperbook\miniconda3\Lib\asyncio\proactor_events.py", line 165, in _call_connection_lost
    self._sock.shutdown(socket.SHUT_RDWR)
ConnectionResetError: [WinError 10054] Istniejące połączenie zostało gwałtownie zamknięte przez zdalnego hosta
2026-04-13 19:13:02 | Process-5 | ERROR | asyncio | Exception in callback _ProactorBasePipeTransport._call_connection_lost(None)
handle: <Handle _ProactorBasePipeTransport._call_connection_lost(None)>
Traceback (most recent call last):
  File "C:\Users\Hyperbook\miniconda3\Lib\asyncio\events.py", line 88, in _run
    self._context.run(self._callback, *self._args)
  File "C:\Users\Hyperbook\miniconda3\Lib\asyncio\proactor_events.py", line 165, in _call_connection_lost
    self._sock.shutdown(socket.SHUT_RDWR)
ConnectionResetError: [WinError 10054] Istniejące połączenie zostało gwałtownie zamknięte przez zdalnego hosta
2026-04-13 19:13:02 | Process-5 | ERROR | asyncio | Exception in callback _ProactorBasePipeTransport._call_connection_lost(None)
handle: <Handle _ProactorBasePipeTransport._call_connection_lost(None)>
Traceback (most recent call last):
  File "C:\Users\Hyperbook\miniconda3\Lib\asyncio\events.py", line 88, in _run
    self._context.run(self._callback, *self._args)
  File "C:\Users\Hyperbook\miniconda3\Lib\asyncio\proactor_events.py", line 165, in _call_connection_lost
    self._sock.shutdown(socket.SHUT_RDWR)
ConnectionResetError: [WinError 10054] Istniejące połączenie zostało gwałtownie zamknięte przez zdalnego hosta
2026-04-13 19:13:03 | Process-5 | ERROR | asyncio | Exception in callback _ProactorBasePipeTransport._call_connection_lost(None)
handle: <Handle _ProactorBasePipeTransport._call_connection_lost(None)>
Traceback (most recent call last):
  File "C:\Users\Hyperbook\miniconda3\Lib\asyncio\events.py", line 88, in _run
    self._context.run(self._callback, *self._args)
  File "C:\Users\Hyperbook\miniconda3\Lib\asyncio\proactor_events.py", line 165, in _call_connection_lost
    self._sock.shutdown(socket.SHUT_RDWR)
ConnectionResetError: [WinError 10054] Istniejące połączenie zostało gwałtownie zamknięte przez zdalnego hosta
2026-04-13 19:13:03 | Process-5 | ERROR | asyncio | Exception in callback _ProactorBasePipeTransport._call_connection_lost(None)
handle: <Handle _ProactorBasePipeTransport._call_connection_lost(None)>
Traceback (most recent call last):
  File "C:\Users\Hyperbook\miniconda3\Lib\asyncio\events.py", line 88, in _run
    self._context.run(self._callback, *self._args)
  File "C:\Users\Hyperbook\miniconda3\Lib\asyncio\proactor_events.py", line 165, in _call_connection_lost
    self._sock.shutdown(socket.SHUT_RDWR)
ConnectionResetError: [WinError 10054] Istniejące połączenie zostało gwałtownie zamknięte przez zdalnego hosta
2026-04-13 19:13:03 | Process-5 | ERROR | asyncio | Exception in callback _ProactorBasePipeTransport._call_connection_lost(None)
handle: <Handle _ProactorBasePipeTransport._call_connection_lost(None)>
Traceback (most recent call last):
  File "C:\Users\Hyperbook\miniconda3\Lib\asyncio\events.py", line 88, in _run
    self._context.run(self._callback, *self._args)
  File "C:\Users\Hyperbook\miniconda3\Lib\asyncio\proactor_events.py", line 165, in _call_connection_lost
    self._sock.shutdown(socket.SHUT_RDWR)
ConnectionResetError: [WinError 10054] Istniejące połączenie zostało gwałtownie zamknięte przez zdalnego hosta
2026-04-13 19:13:03 | Process-5 | ERROR | asyncio | Exception in callback _ProactorBasePipeTransport._call_connection_lost(None)
handle: <Handle _ProactorBasePipeTransport._call_connection_lost(None)>
Traceback (most recent call last):
  File "C:\Users\Hyperbook\miniconda3\Lib\asyncio\events.py", line 88, in _run
    self._context.run(self._callback, *self._args)
  File "C:\Users\Hyperbook\miniconda3\Lib\asyncio\proactor_events.py", line 165, in _call_connection_lost
    self._sock.shutdown(socket.SHUT_RDWR)
ConnectionResetError: [WinError 10054] Istniejące połączenie zostało gwałtownie zamknięte przez zdalnego hosta
2026-04-13 19:13:06 | Process-5 | ERROR | asyncio | Exception in callback _ProactorBasePipeTransport._call_connection_lost(None)
handle: <Handle _ProactorBasePipeTransport._call_connection_lost(None)>
Traceback (most recent call last):
  File "C:\Users\Hyperbook\miniconda3\Lib\asyncio\events.py", line 88, in _run
    self._context.run(self._callback, *self._args)
  File "C:\Users\Hyperbook\miniconda3\Lib\asyncio\proactor_events.py", line 165, in _call_connection_lost
    self._sock.shutdown(socket.SHUT_RDWR)
ConnectionResetError: [WinError 10054] Istniejące połączenie zostało gwałtownie zamknięte przez zdalnego hosta
2026-04-13 19:13:06 | Process-5 | ERROR | asyncio | Exception in callback _ProactorBasePipeTransport._call_connection_lost(None)
handle: <Handle _ProactorBasePipeTransport._call_connection_lost(None)>
Traceback (most recent call last):
  File "C:\Users\Hyperbook\miniconda3\Lib\asyncio\events.py", line 88, in _run
    self._context.run(self._callback, *self._args)
  File "C:\Users\Hyperbook\miniconda3\Lib\asyncio\proactor_events.py", line 165, in _call_connection_lost
    self._sock.shutdown(socket.SHUT_RDWR)
ConnectionResetError: [WinError 10054] Istniejące połączenie zostało gwałtownie zamknięte przez zdalnego hosta
2026-04-13 19:13:08 | Process-5 | ERROR | asyncio | Exception in callback _ProactorBasePipeTransport._call_connection_lost(None)
handle: <Handle _ProactorBasePipeTransport._call_connection_lost(None)>
Traceback (most recent call last):
  File "C:\Users\Hyperbook\miniconda3\Lib\asyncio\events.py", line 88, in _run
    self._context.run(self._callback, *self._args)
  File "C:\Users\Hyperbook\miniconda3\Lib\asyncio\proactor_events.py", line 165, in _call_connection_lost
    self._sock.shutdown(socket.SHUT_RDWR)
ConnectionResetError: [WinError 10054] Istniejące połączenie zostało gwałtownie zamknięte przez zdalnego hosta
2026-04-13 19:13:09 | Process-5 | ERROR | asyncio | Exception in callback _ProactorBasePipeTransport._call_connection_lost(None)
handle: <Handle _ProactorBasePipeTransport._call_connection_lost(None)>
Traceback (most recent call last):
  File "C:\Users\Hyperbook\miniconda3\Lib\asyncio\events.py", line 88, in _run
    self._context.run(self._callback, *self._args)
  File "C:\Users\Hyperbook\miniconda3\Lib\asyncio\proactor_events.py", line 165, in _call_connection_lost
    self._sock.shutdown(socket.SHUT_RDWR)
ConnectionResetError: [WinError 10054] Istniejące połączenie zostało gwałtownie zamknięte przez zdalnego hosta
2026-04-13 19:13:10 | Process-5 | ERROR | asyncio | Exception in callback _ProactorBasePipeTransport._call_connection_lost(None)
handle: <Handle _ProactorBasePipeTransport._call_connection_lost(None)>
Traceback (most recent call last):
  File "C:\Users\Hyperbook\miniconda3\Lib\asyncio\events.py", line 88, in _run
    self._context.run(self._callback, *self._args)
  File "C:\Users\Hyperbook\miniconda3\Lib\asyncio\proactor_events.py", line 165, in _call_connection_lost
    self._sock.shutdown(socket.SHUT_RDWR)
ConnectionResetError: [WinError 10054] Istniejące połączenie zostało gwałtownie zamknięte przez zdalnego hosta
2026-04-13 19:13:12 | Process-5 | ERROR | asyncio | Exception in callback _ProactorBasePipeTransport._call_connection_lost(None)
handle: <Handle _ProactorBasePipeTransport._call_connection_lost(None)>
Traceback (most recent call last):
  File "C:\Users\Hyperbook\miniconda3\Lib\asyncio\events.py", line 88, in _run
    self._context.run(self._callback, *self._args)
  File "C:\Users\Hyperbook\miniconda3\Lib\asyncio\proactor_events.py", line 165, in _call_connection_lost
    self._sock.shutdown(socket.SHUT_RDWR)
ConnectionResetError: [WinError 10054] Istniejące połączenie zostało gwałtownie zamknięte przez zdalnego hosta
2026-04-13 19:13:13 | Process-5 | ERROR | asyncio | Exception in callback _ProactorBasePipeTransport._call_connection_lost(None)
handle: <Handle _ProactorBasePipeTransport._call_connection_lost(None)>
Traceback (most recent call last):
  File "C:\Users\Hyperbook\miniconda3\Lib\asyncio\events.py", line 88, in _run
    self._context.run(self._callback, *self._args)
  File "C:\Users\Hyperbook\miniconda3\Lib\asyncio\proactor_events.py", line 165, in _call_connection_lost
    self._sock.shutdown(socket.SHUT_RDWR)
ConnectionResetError: [WinError 10054] Istniejące połączenie zostało gwałtownie zamknięte przez zdalnego hosta
2026-04-13 19:13:13 | Process-5 | ERROR | asyncio | Exception in callback _ProactorBasePipeTransport._call_connection_lost(None)
handle: <Handle _ProactorBasePipeTransport._call_connection_lost(None)>
Traceback (most recent call last):
  File "C:\Users\Hyperbook\miniconda3\Lib\asyncio\events.py", line 88, in _run
    self._context.run(self._callback, *self._args)
  File "C:\Users\Hyperbook\miniconda3\Lib\asyncio\proactor_events.py", line 165, in _call_connection_lost
    self._sock.shutdown(socket.SHUT_RDWR)
ConnectionResetError: [WinError 10054] Istniejące połączenie zostało gwałtownie zamknięte przez zdalnego hosta
2026-04-13 19:13:14 | Process-5 | ERROR | asyncio | Exception in callback _ProactorBasePipeTransport._call_connection_lost(None)
handle: <Handle _ProactorBasePipeTransport._call_connection_lost(None)>
Traceback (most recent call last):
  File "C:\Users\Hyperbook\miniconda3\Lib\asyncio\events.py", line 88, in _run
    self._context.run(self._callback, *self._args)
  File "C:\Users\Hyperbook\miniconda3\Lib\asyncio\proactor_events.py", line 165, in _call_connection_lost
    self._sock.shutdown(socket.SHUT_RDWR)
ConnectionResetError: [WinError 10054] Istniejące połączenie zostało gwałtownie zamknięte przez zdalnego hosta
2026-04-13 19:13:16 | Process-5 | ERROR | asyncio | Exception in callback _ProactorBasePipeTransport._call_connection_lost(None)
handle: <Handle _ProactorBasePipeTransport._call_connection_lost(None)>
Traceback (most recent call last):
  File "C:\Users\Hyperbook\miniconda3\Lib\asyncio\events.py", line 88, in _run
    self._context.run(self._callback, *self._args)
  File "C:\Users\Hyperbook\miniconda3\Lib\asyncio\proactor_events.py", line 165, in _call_connection_lost
    self._sock.shutdown(socket.SHUT_RDWR)
ConnectionResetError: [WinError 10054] Istniejące połączenie zostało gwałtownie zamknięte przez zdalnego hosta
2026-04-13 19:13:17 | Process-5 | ERROR | asyncio | Exception in callback _ProactorBasePipeTransport._call_connection_lost(None)
handle: <Handle _ProactorBasePipeTransport._call_connection_lost(None)>
Traceback (most recent call last):
  File "C:\Users\Hyperbook\miniconda3\Lib\asyncio\events.py", line 88, in _run
    self._context.run(self._callback, *self._args)
  File "C:\Users\Hyperbook\miniconda3\Lib\asyncio\proactor_events.py", line 165, in _call_connection_lost
    self._sock.shutdown(socket.SHUT_RDWR)
ConnectionResetError: [WinError 10054] Istniejące połączenie zostało gwałtownie zamknięte przez zdalnego hosta
2026-04-13 19:13:17 | Process-5 | ERROR | asyncio | Exception in callback _ProactorBasePipeTransport._call_connection_lost(None)
handle: <Handle _ProactorBasePipeTransport._call_connection_lost(None)>
Traceback (most recent call last):
  File "C:\Users\Hyperbook\miniconda3\Lib\asyncio\events.py", line 88, in _run
    self._context.run(self._callback, *self._args)
  File "C:\Users\Hyperbook\miniconda3\Lib\asyncio\proactor_events.py", line 165, in _call_connection_lost
    self._sock.shutdown(socket.SHUT_RDWR)
ConnectionResetError: [WinError 10054] Istniejące połączenie zostało gwałtownie zamknięte przez zdalnego hosta
2026-04-13 19:13:18 | Process-5 | ERROR | asyncio | Exception in callback _ProactorBasePipeTransport._call_connection_lost(None)
handle: <Handle _ProactorBasePipeTransport._call_connection_lost(None)>
Traceback (most recent call last):
  File "C:\Users\Hyperbook\miniconda3\Lib\asyncio\events.py", line 88, in _run
    self._context.run(self._callback, *self._args)
  File "C:\Users\Hyperbook\miniconda3\Lib\asyncio\proactor_events.py", line 165, in _call_connection_lost
    self._sock.shutdown(socket.SHUT_RDWR)
ConnectionResetError: [WinError 10054] Istniejące połączenie zostało gwałtownie zamknięte przez zdalnego hosta
2026-04-13 19:13:18 | Process-5 | ERROR | asyncio | Exception in callback _ProactorBasePipeTransport._call_connection_lost(None)
handle: <Handle _ProactorBasePipeTransport._call_connection_lost(None)>
Traceback (most recent call last):
  File "C:\Users\Hyperbook\miniconda3\Lib\asyncio\events.py", line 88, in _run
    self._context.run(self._callback, *self._args)
  File "C:\Users\Hyperbook\miniconda3\Lib\asyncio\proactor_events.py", line 165, in _call_connection_lost
    self._sock.shutdown(socket.SHUT_RDWR)
ConnectionResetError: [WinError 10054] Istniejące połączenie zostało gwałtownie zamknięte przez zdalnego hosta
2026-04-13 19:13:19 | Process-5 | ERROR | asyncio | Exception in callback _ProactorBasePipeTransport._call_connection_lost(None)
handle: <Handle _ProactorBasePipeTransport._call_connection_lost(None)>
Traceback (most recent call last):
  File "C:\Users\Hyperbook\miniconda3\Lib\asyncio\events.py", line 88, in _run
    self._context.run(self._callback, *self._args)
  File "C:\Users\Hyperbook\miniconda3\Lib\asyncio\proactor_events.py", line 165, in _call_connection_lost
    self._sock.shutdown(socket.SHUT_RDWR)
ConnectionResetError: [WinError 10054] Istniejące połączenie zostało gwałtownie zamknięte przez zdalnego hosta
2026-04-13 19:13:20 | Process-5 | ERROR | asyncio | Exception in callback _ProactorBasePipeTransport._call_connection_lost(None)
handle: <Handle _ProactorBasePipeTransport._call_connection_lost(None)>
Traceback (most recent call last):
  File "C:\Users\Hyperbook\miniconda3\Lib\asyncio\events.py", line 88, in _run
    self._context.run(self._callback, *self._args)
  File "C:\Users\Hyperbook\miniconda3\Lib\asyncio\proactor_events.py", line 165, in _call_connection_lost
    self._sock.shutdown(socket.SHUT_RDWR)
ConnectionResetError: [WinError 10054] Istniejące połączenie zostało gwałtownie zamknięte przez zdalnego hosta
2026-04-13 19:13:22 | Process-5 | ERROR | asyncio | Exception in callback _ProactorBasePipeTransport._call_connection_lost(None)
handle: <Handle _ProactorBasePipeTransport._call_connection_lost(None)>
Traceback (most recent call last):
  File "C:\Users\Hyperbook\miniconda3\Lib\asyncio\events.py", line 88, in _run
    self._context.run(self._callback, *self._args)
  File "C:\Users\Hyperbook\miniconda3\Lib\asyncio\proactor_events.py", line 165, in _call_connection_lost
    self._sock.shutdown(socket.SHUT_RDWR)
ConnectionResetError: [WinError 10054] Istniejące połączenie zostało gwałtownie zamknięte przez zdalnego hosta
2026-04-13 19:13:22 | Process-5 | ERROR | asyncio | Exception in callback _ProactorBasePipeTransport._call_connection_lost(None)
handle: <Handle _ProactorBasePipeTransport._call_connection_lost(None)>
Traceback (most recent call last):
  File "C:\Users\Hyperbook\miniconda3\Lib\asyncio\events.py", line 88, in _run
    self._context.run(self._callback, *self._args)
  File "C:\Users\Hyperbook\miniconda3\Lib\asyncio\proactor_events.py", line 165, in _call_connection_lost
    self._sock.shutdown(socket.SHUT_RDWR)
ConnectionResetError: [WinError 10054] Istniejące połączenie zostało gwałtownie zamknięte przez zdalnego hosta
2026-04-13 19:13:22 | Process-5 | ERROR | asyncio | Exception in callback _ProactorBasePipeTransport._call_connection_lost(None)
handle: <Handle _ProactorBasePipeTransport._call_connection_lost(None)>
Traceback (most recent call last):
  File "C:\Users\Hyperbook\miniconda3\Lib\asyncio\events.py", line 88, in _run
    self._context.run(self._callback, *self._args)
  File "C:\Users\Hyperbook\miniconda3\Lib\asyncio\proactor_events.py", line 165, in _call_connection_lost
    self._sock.shutdown(socket.SHUT_RDWR)
ConnectionResetError: [WinError 10054] Istniejące połączenie zostało gwałtownie zamknięte przez zdalnego hosta
2026-04-13 19:13:23 | Process-5 | ERROR | asyncio | Exception in callback _ProactorBasePipeTransport._call_connection_lost(None)
handle: <Handle _ProactorBasePipeTransport._call_connection_lost(None)>
Traceback (most recent call last):
  File "C:\Users\Hyperbook\miniconda3\Lib\asyncio\events.py", line 88, in _run
    self._context.run(self._callback, *self._args)
  File "C:\Users\Hyperbook\miniconda3\Lib\asyncio\proactor_events.py", line 165, in _call_connection_lost
    self._sock.shutdown(socket.SHUT_RDWR)
ConnectionResetError: [WinError 10054] Istniejące połączenie zostało gwałtownie zamknięte przez zdalnego hosta
2026-04-13 19:13:23 | Process-5 | ERROR | asyncio | Exception in callback _ProactorBasePipeTransport._call_connection_lost(None)
handle: <Handle _ProactorBasePipeTransport._call_connection_lost(None)>
Traceback (most recent call last):
  File "C:\Users\Hyperbook\miniconda3\Lib\asyncio\events.py", line 88, in _run
    self._context.run(self._callback, *self._args)
  File "C:\Users\Hyperbook\miniconda3\Lib\asyncio\proactor_events.py", line 165, in _call_connection_lost
    self._sock.shutdown(socket.SHUT_RDWR)
ConnectionResetError: [WinError 10054] Istniejące połączenie zostało gwałtownie zamknięte przez zdalnego hosta
2026-04-13 19:13:24 | Process-5 | ERROR | asyncio | Exception in callback _ProactorBasePipeTransport._call_connection_lost(None)
handle: <Handle _ProactorBasePipeTransport._call_connection_lost(None)>
Traceback (most recent call last):
  File "C:\Users\Hyperbook\miniconda3\Lib\asyncio\events.py", line 88, in _run
    self._context.run(self._callback, *self._args)
  File "C:\Users\Hyperbook\miniconda3\Lib\asyncio\proactor_events.py", line 165, in _call_connection_lost
    self._sock.shutdown(socket.SHUT_RDWR)
ConnectionResetError: [WinError 10054] Istniejące połączenie zostało gwałtownie zamknięte przez zdalnego hosta
2026-04-13 19:13:24 | Process-5 | ERROR | asyncio | Exception in callback _ProactorBasePipeTransport._call_connection_lost(None)
handle: <Handle _ProactorBasePipeTransport._call_connection_lost(None)>
Traceback (most recent call last):
  File "C:\Users\Hyperbook\miniconda3\Lib\asyncio\events.py", line 88, in _run
    self._context.run(self._callback, *self._args)
  File "C:\Users\Hyperbook\miniconda3\Lib\asyncio\proactor_events.py", line 165, in _call_connection_lost
    self._sock.shutdown(socket.SHUT_RDWR)
ConnectionResetError: [WinError 10054] Istniejące połączenie zostało gwałtownie zamknięte przez zdalnego hosta
2026-04-13 19:13:24 | Process-5 | ERROR | asyncio | Exception in callback _ProactorBasePipeTransport._call_connection_lost(None)
handle: <Handle _ProactorBasePipeTransport._call_connection_lost(None)>
Traceback (most recent call last):
  File "C:\Users\Hyperbook\miniconda3\Lib\asyncio\events.py", line 88, in _run
    self._context.run(self._callback, *self._args)
  File "C:\Users\Hyperbook\miniconda3\Lib\asyncio\proactor_events.py", line 165, in _call_connection_lost
    self._sock.shutdown(socket.SHUT_RDWR)
ConnectionResetError: [WinError 10054] Istniejące połączenie zostało gwałtownie zamknięte przez zdalnego hosta
2026-04-13 19:13:25 | Process-5 | ERROR | asyncio | Exception in callback _ProactorBasePipeTransport._call_connection_lost(None)
handle: <Handle _ProactorBasePipeTransport._call_connection_lost(None)>
Traceback (most recent call last):
  File "C:\Users\Hyperbook\miniconda3\Lib\asyncio\events.py", line 88, in _run
    self._context.run(self._callback, *self._args)
  File "C:\Users\Hyperbook\miniconda3\Lib\asyncio\proactor_events.py", line 165, in _call_connection_lost
    self._sock.shutdown(socket.SHUT_RDWR)
ConnectionResetError: [WinError 10054] Istniejące połączenie zostało gwałtownie zamknięte przez zdalnego hosta
2026-04-13 19:13:25 | Process-5 | ERROR | asyncio | Exception in callback _ProactorBasePipeTransport._call_connection_lost(None)
handle: <Handle _ProactorBasePipeTransport._call_connection_lost(None)>
Traceback (most recent call last):
  File "C:\Users\Hyperbook\miniconda3\Lib\asyncio\events.py", line 88, in _run
    self._context.run(self._callback, *self._args)
  File "C:\Users\Hyperbook\miniconda3\Lib\asyncio\proactor_events.py", line 165, in _call_connection_lost
    self._sock.shutdown(socket.SHUT_RDWR)
ConnectionResetError: [WinError 10054] Istniejące połączenie zostało gwałtownie zamknięte przez zdalnego hosta
2026-04-13 19:13:25 | Process-5 | ERROR | asyncio | Exception in callback _ProactorBasePipeTransport._call_connection_lost(None)
handle: <Handle _ProactorBasePipeTransport._call_connection_lost(None)>
Traceback (most recent call last):
  File "C:\Users\Hyperbook\miniconda3\Lib\asyncio\events.py", line 88, in _run
    self._context.run(self._callback, *self._args)
  File "C:\Users\Hyperbook\miniconda3\Lib\asyncio\proactor_events.py", line 165, in _call_connection_lost
    self._sock.shutdown(socket.SHUT_RDWR)
ConnectionResetError: [WinError 10054] Istniejące połączenie zostało gwałtownie zamknięte przez zdalnego hosta
2026-04-13 19:13:25 | Process-5 | ERROR | asyncio | Exception in callback _ProactorBasePipeTransport._call_connection_lost(None)
handle: <Handle _ProactorBasePipeTransport._call_connection_lost(None)>
Traceback (most recent call last):
  File "C:\Users\Hyperbook\miniconda3\Lib\asyncio\events.py", line 88, in _run
    self._context.run(self._callback, *self._args)
  File "C:\Users\Hyperbook\miniconda3\Lib\asyncio\proactor_events.py", line 165, in _call_connection_lost
    self._sock.shutdown(socket.SHUT_RDWR)
ConnectionResetError: [WinError 10054] Istniejące połączenie zostało gwałtownie zamknięte przez zdalnego hosta
2026-04-13 19:13:26 | Process-5 | ERROR | asyncio | Exception in callback _ProactorBasePipeTransport._call_connection_lost(None)
handle: <Handle _ProactorBasePipeTransport._call_connection_lost(None)>
Traceback (most recent call last):
  File "C:\Users\Hyperbook\miniconda3\Lib\asyncio\events.py", line 88, in _run
    self._context.run(self._callback, *self._args)
  File "C:\Users\Hyperbook\miniconda3\Lib\asyncio\proactor_events.py", line 165, in _call_connection_lost
    self._sock.shutdown(socket.SHUT_RDWR)
ConnectionResetError: [WinError 10054] Istniejące połączenie zostało gwałtownie zamknięte przez zdalnego hosta
2026-04-13 19:13:30 | Process-5 | ERROR | asyncio | Exception in callback _ProactorBasePipeTransport._call_connection_lost(None)
handle: <Handle _ProactorBasePipeTransport._call_connection_lost(None)>
Traceback (most recent call last):
  File "C:\Users\Hyperbook\miniconda3\Lib\asyncio\events.py", line 88, in _run
    self._context.run(self._callback, *self._args)
  File "C:\Users\Hyperbook\miniconda3\Lib\asyncio\proactor_events.py", line 165, in _call_connection_lost
    self._sock.shutdown(socket.SHUT_RDWR)
ConnectionResetError: [WinError 10054] Istniejące połączenie zostało gwałtownie zamknięte przez zdalnego hosta
2026-04-13 19:13:30 | Process-5 | ERROR | asyncio | Exception in callback _ProactorBasePipeTransport._call_connection_lost(None)
handle: <Handle _ProactorBasePipeTransport._call_connection_lost(None)>
Traceback (most recent call last):
  File "C:\Users\Hyperbook\miniconda3\Lib\asyncio\events.py", line 88, in _run
    self._context.run(self._callback, *self._args)
  File "C:\Users\Hyperbook\miniconda3\Lib\asyncio\proactor_events.py", line 165, in _call_connection_lost
    self._sock.shutdown(socket.SHUT_RDWR)
ConnectionResetError: [WinError 10054] Istniejące połączenie zostało gwałtownie zamknięte przez zdalnego hosta
2026-04-13 19:13:31 | Process-5 | ERROR | asyncio | Exception in callback _ProactorBasePipeTransport._call_connection_lost(None)
handle: <Handle _ProactorBasePipeTransport._call_connection_lost(None)>
Traceback (most recent call last):
  File "C:\Users\Hyperbook\miniconda3\Lib\asyncio\events.py", line 88, in _run
    self._context.run(self._callback, *self._args)
  File "C:\Users\Hyperbook\miniconda3\Lib\asyncio\proactor_events.py", line 165, in _call_connection_lost
    self._sock.shutdown(socket.SHUT_RDWR)
ConnectionResetError: [WinError 10054] Istniejące połączenie zostało gwałtownie zamknięte przez zdalnego hosta
2026-04-13 19:13:34 | Process-5 | ERROR | asyncio | Exception in callback _ProactorBasePipeTransport._call_connection_lost(None)
handle: <Handle _ProactorBasePipeTransport._call_connection_lost(None)>
Traceback (most recent call last):
  File "C:\Users\Hyperbook\miniconda3\Lib\asyncio\events.py", line 88, in _run
    self._context.run(self._callback, *self._args)
  File "C:\Users\Hyperbook\miniconda3\Lib\asyncio\proactor_events.py", line 165, in _call_connection_lost
    self._sock.shutdown(socket.SHUT_RDWR)
ConnectionResetError: [WinError 10054] Istniejące połączenie zostało gwałtownie zamknięte przez zdalnego hosta
2026-04-13 19:13:35 | Process-5 | ERROR | asyncio | Exception in callback _ProactorBasePipeTransport._call_connection_lost(None)
handle: <Handle _ProactorBasePipeTransport._call_connection_lost(None)>
Traceback (most recent call last):
  File "C:\Users\Hyperbook\miniconda3\Lib\asyncio\events.py", line 88, in _run
    self._context.run(self._callback, *self._args)
  File "C:\Users\Hyperbook\miniconda3\Lib\asyncio\proactor_events.py", line 165, in _call_connection_lost
    self._sock.shutdown(socket.SHUT_RDWR)
ConnectionResetError: [WinError 10054] Istniejące połączenie zostało gwałtownie zamknięte przez zdalnego hosta
2026-04-13 19:13:35 | Process-5 | ERROR | asyncio | Exception in callback _ProactorBasePipeTransport._call_connection_lost(None)
handle: <Handle _ProactorBasePipeTransport._call_connection_lost(None)>
Traceback (most recent call last):
  File "C:\Users\Hyperbook\miniconda3\Lib\asyncio\events.py", line 88, in _run
    self._context.run(self._callback, *self._args)
  File "C:\Users\Hyperbook\miniconda3\Lib\asyncio\proactor_events.py", line 165, in _call_connection_lost
    self._sock.shutdown(socket.SHUT_RDWR)
ConnectionResetError: [WinError 10054] Istniejące połączenie zostało gwałtownie zamknięte przez zdalnego hosta
2026-04-13 19:13:37 | Process-5 | ERROR | asyncio | Exception in callback _ProactorBasePipeTransport._call_connection_lost(None)
handle: <Handle _ProactorBasePipeTransport._call_connection_lost(None)>
Traceback (most recent call last):
  File "C:\Users\Hyperbook\miniconda3\Lib\asyncio\events.py", line 88, in _run
    self._context.run(self._callback, *self._args)
  File "C:\Users\Hyperbook\miniconda3\Lib\asyncio\proactor_events.py", line 165, in _call_connection_lost
    self._sock.shutdown(socket.SHUT_RDWR)
ConnectionResetError: [WinError 10054] Istniejące połączenie zostało gwałtownie zamknięte przez zdalnego hosta
2026-04-13 19:13:37 | Process-5 | ERROR | asyncio | Exception in callback _ProactorBasePipeTransport._call_connection_lost(None)
handle: <Handle _ProactorBasePipeTransport._call_connection_lost(None)>
Traceback (most recent call last):
  File "C:\Users\Hyperbook\miniconda3\Lib\asyncio\events.py", line 88, in _run
    self._context.run(self._callback, *self._args)
  File "C:\Users\Hyperbook\miniconda3\Lib\asyncio\proactor_events.py", line 165, in _call_connection_lost
    self._sock.shutdown(socket.SHUT_RDWR)
ConnectionResetError: [WinError 10054] Istniejące połączenie zostało gwałtownie zamknięte przez zdalnego hosta
2026-04-13 19:13:40 | Process-5 | ERROR | asyncio | Exception in callback _ProactorBasePipeTransport._call_connection_lost(None)
handle: <Handle _ProactorBasePipeTransport._call_connection_lost(None)>
Traceback (most recent call last):
  File "C:\Users\Hyperbook\miniconda3\Lib\asyncio\events.py", line 88, in _run
    self._context.run(self._callback, *self._args)
  File "C:\Users\Hyperbook\miniconda3\Lib\asyncio\proactor_events.py", line 165, in _call_connection_lost
    self._sock.shutdown(socket.SHUT_RDWR)
ConnectionResetError: [WinError 10054] Istniejące połączenie zostało gwałtownie zamknięte przez zdalnego hosta
2026-04-13 19:13:40 | Process-5 | ERROR | asyncio | Exception in callback _ProactorBasePipeTransport._call_connection_lost(None)
handle: <Handle _ProactorBasePipeTransport._call_connection_lost(None)>
Traceback (most recent call last):
  File "C:\Users\Hyperbook\miniconda3\Lib\asyncio\events.py", line 88, in _run
    self._context.run(self._callback, *self._args)
  File "C:\Users\Hyperbook\miniconda3\Lib\asyncio\proactor_events.py", line 165, in _call_connection_lost
    self._sock.shutdown(socket.SHUT_RDWR)
ConnectionResetError: [WinError 10054] Istniejące połączenie zostało gwałtownie zamknięte przez zdalnego hosta
2026-04-13 19:13:41 | Process-5 | ERROR | asyncio | Exception in callback _ProactorBasePipeTransport._call_connection_lost(None)
handle: <Handle _ProactorBasePipeTransport._call_connection_lost(None)>
Traceback (most recent call last):
  File "C:\Users\Hyperbook\miniconda3\Lib\asyncio\events.py", line 88, in _run
    self._context.run(self._callback, *self._args)
  File "C:\Users\Hyperbook\miniconda3\Lib\asyncio\proactor_events.py", line 165, in _call_connection_lost
    self._sock.shutdown(socket.SHUT_RDWR)
ConnectionResetError: [WinError 10054] Istniejące połączenie zostało gwałtownie zamknięte przez zdalnego hosta
2026-04-13 19:13:44 | Process-5 | ERROR | asyncio | Exception in callback _ProactorBasePipeTransport._call_connection_lost(None)
handle: <Handle _ProactorBasePipeTransport._call_connection_lost(None)>
Traceback (most recent call last):
  File "C:\Users\Hyperbook\miniconda3\Lib\asyncio\events.py", line 88, in _run
    self._context.run(self._callback, *self._args)
  File "C:\Users\Hyperbook\miniconda3\Lib\asyncio\proactor_events.py", line 165, in _call_connection_lost
    self._sock.shutdown(socket.SHUT_RDWR)
ConnectionResetError: [WinError 10054] Istniejące połączenie zostało gwałtownie zamknięte przez zdalnego hosta
2026-04-13 19:13:45 | Process-5 | ERROR | asyncio | Exception in callback _ProactorBasePipeTransport._call_connection_lost(None)
handle: <Handle _ProactorBasePipeTransport._call_connection_lost(None)>
Traceback (most recent call last):
  File "C:\Users\Hyperbook\miniconda3\Lib\asyncio\events.py", line 88, in _run
    self._context.run(self._callback, *self._args)
  File "C:\Users\Hyperbook\miniconda3\Lib\asyncio\proactor_events.py", line 165, in _call_connection_lost
    self._sock.shutdown(socket.SHUT_RDWR)
ConnectionResetError: [WinError 10054] Istniejące połączenie zostało gwałtownie zamknięte przez zdalnego hosta
2026-04-13 19:13:45 | Process-5 | ERROR | asyncio | Exception in callback _ProactorBasePipeTransport._call_connection_lost(None)
handle: <Handle _ProactorBasePipeTransport._call_connection_lost(None)>
Traceback (most recent call last):
  File "C:\Users\Hyperbook\miniconda3\Lib\asyncio\events.py", line 88, in _run
    self._context.run(self._callback, *self._args)
  File "C:\Users\Hyperbook\miniconda3\Lib\asyncio\proactor_events.py", line 165, in _call_connection_lost
    self._sock.shutdown(socket.SHUT_RDWR)
ConnectionResetError: [WinError 10054] Istniejące połączenie zostało gwałtownie zamknięte przez zdalnego hosta
2026-04-13 19:13:49 | Process-5 | ERROR | asyncio | Exception in callback _ProactorBasePipeTransport._call_connection_lost(None)
handle: <Handle _ProactorBasePipeTransport._call_connection_lost(None)>
Traceback (most recent call last):
  File "C:\Users\Hyperbook\miniconda3\Lib\asyncio\events.py", line 88, in _run
    self._context.run(self._callback, *self._args)
  File "C:\Users\Hyperbook\miniconda3\Lib\asyncio\proactor_events.py", line 165, in _call_connection_lost
    self._sock.shutdown(socket.SHUT_RDWR)
ConnectionResetError: [WinError 10054] Istniejące połączenie zostało gwałtownie zamknięte przez zdalnego hosta
2026-04-13 19:13:50 | Process-5 | ERROR | asyncio | Exception in callback _ProactorBasePipeTransport._call_connection_lost(None)
handle: <Handle _ProactorBasePipeTransport._call_connection_lost(None)>
Traceback (most recent call last):
  File "C:\Users\Hyperbook\miniconda3\Lib\asyncio\events.py", line 88, in _run
    self._context.run(self._callback, *self._args)
  File "C:\Users\Hyperbook\miniconda3\Lib\asyncio\proactor_events.py", line 165, in _call_connection_lost
    self._sock.shutdown(socket.SHUT_RDWR)
ConnectionResetError: [WinError 10054] Istniejące połączenie zostało gwałtownie zamknięte przez zdalnego hosta
2026-04-13 19:13:50 | Process-5 | ERROR | asyncio | Exception in callback _ProactorBasePipeTransport._call_connection_lost(None)
handle: <Handle _ProactorBasePipeTransport._call_connection_lost(None)>
Traceback (most recent call last):
  File "C:\Users\Hyperbook\miniconda3\Lib\asyncio\events.py", line 88, in _run
    self._context.run(self._callback, *self._args)
  File "C:\Users\Hyperbook\miniconda3\Lib\asyncio\proactor_events.py", line 165, in _call_connection_lost
    self._sock.shutdown(socket.SHUT_RDWR)
ConnectionResetError: [WinError 10054] Istniejące połączenie zostało gwałtownie zamknięte przez zdalnego hosta
2026-04-13 19:13:52 | Process-5 | ERROR | asyncio | Exception in callback _ProactorBasePipeTransport._call_connection_lost(None)
handle: <Handle _ProactorBasePipeTransport._call_connection_lost(None)>
Traceback (most recent call last):
  File "C:\Users\Hyperbook\miniconda3\Lib\asyncio\events.py", line 88, in _run
    self._context.run(self._callback, *self._args)
  File "C:\Users\Hyperbook\miniconda3\Lib\asyncio\proactor_events.py", line 165, in _call_connection_lost
    self._sock.shutdown(socket.SHUT_RDWR)
ConnectionResetError: [WinError 10054] Istniejące połączenie zostało gwałtownie zamknięte przez zdalnego hosta
2026-04-13 19:13:54 | Process-5 | ERROR | asyncio | Exception in callback _ProactorBasePipeTransport._call_connection_lost(None)
handle: <Handle _ProactorBasePipeTransport._call_connection_lost(None)>
Traceback (most recent call last):
  File "C:\Users\Hyperbook\miniconda3\Lib\asyncio\events.py", line 88, in _run
    self._context.run(self._callback, *self._args)
  File "C:\Users\Hyperbook\miniconda3\Lib\asyncio\proactor_events.py", line 165, in _call_connection_lost
    self._sock.shutdown(socket.SHUT_RDWR)
ConnectionResetError: [WinError 10054] Istniejące połączenie zostało gwałtownie zamknięte przez zdalnego hosta
2026-04-13 19:13:54 | Process-5 | ERROR | asyncio | Exception in callback _ProactorBasePipeTransport._call_connection_lost(None)
handle: <Handle _ProactorBasePipeTransport._call_connection_lost(None)>
Traceback (most recent call last):
  File "C:\Users\Hyperbook\miniconda3\Lib\asyncio\events.py", line 88, in _run
    self._context.run(self._callback, *self._args)
  File "C:\Users\Hyperbook\miniconda3\Lib\asyncio\proactor_events.py", line 165, in _call_connection_lost
    self._sock.shutdown(socket.SHUT_RDWR)
ConnectionResetError: [WinError 10054] Istniejące połączenie zostało gwałtownie zamknięte przez zdalnego hosta
2026-04-13 19:13:55 | Process-5 | ERROR | asyncio | Exception in callback _ProactorBasePipeTransport._call_connection_lost(None)
handle: <Handle _ProactorBasePipeTransport._call_connection_lost(None)>
Traceback (most recent call last):
  File "C:\Users\Hyperbook\miniconda3\Lib\asyncio\events.py", line 88, in _run
    self._context.run(self._callback, *self._args)
  File "C:\Users\Hyperbook\miniconda3\Lib\asyncio\proactor_events.py", line 165, in _call_connection_lost
    self._sock.shutdown(socket.SHUT_RDWR)
ConnectionResetError: [WinError 10054] Istniejące połączenie zostało gwałtownie zamknięte przez zdalnego hosta
2026-04-13 19:13:56 | Process-5 | ERROR | asyncio | Exception in callback _ProactorBasePipeTransport._call_connection_lost(None)
handle: <Handle _ProactorBasePipeTransport._call_connection_lost(None)>
Traceback (most recent call last):
  File "C:\Users\Hyperbook\miniconda3\Lib\asyncio\events.py", line 88, in _run
    self._context.run(self._callback, *self._args)
  File "C:\Users\Hyperbook\miniconda3\Lib\asyncio\proactor_events.py", line 165, in _call_connection_lost
    self._sock.shutdown(socket.SHUT_RDWR)
ConnectionResetError: [WinError 10054] Istniejące połączenie zostało gwałtownie zamknięte przez zdalnego hosta
2026-04-13 19:13:57 | Process-5 | ERROR | asyncio | Exception in callback _ProactorBasePipeTransport._call_connection_lost(None)
handle: <Handle _ProactorBasePipeTransport._call_connection_lost(None)>
Traceback (most recent call last):
  File "C:\Users\Hyperbook\miniconda3\Lib\asyncio\events.py", line 88, in _run
    self._context.run(self._callback, *self._args)
  File "C:\Users\Hyperbook\miniconda3\Lib\asyncio\proactor_events.py", line 165, in _call_connection_lost
    self._sock.shutdown(socket.SHUT_RDWR)
ConnectionResetError: [WinError 10054] Istniejące połączenie zostało gwałtownie zamknięte przez zdalnego hosta
2026-04-13 19:13:58 | Process-5 | ERROR | asyncio | Exception in callback _ProactorBasePipeTransport._call_connection_lost(None)
handle: <Handle _ProactorBasePipeTransport._call_connection_lost(None)>
Traceback (most recent call last):
  File "C:\Users\Hyperbook\miniconda3\Lib\asyncio\events.py", line 88, in _run
    self._context.run(self._callback, *self._args)
  File "C:\Users\Hyperbook\miniconda3\Lib\asyncio\proactor_events.py", line 165, in _call_connection_lost
    self._sock.shutdown(socket.SHUT_RDWR)
ConnectionResetError: [WinError 10054] Istniejące połączenie zostało gwałtownie zamknięte przez zdalnego hosta
2026-04-13 19:13:59 | Process-5 | ERROR | asyncio | Exception in callback _ProactorBasePipeTransport._call_connection_lost(None)
handle: <Handle _ProactorBasePipeTransport._call_connection_lost(None)>
Traceback (most recent call last):
  File "C:\Users\Hyperbook\miniconda3\Lib\asyncio\events.py", line 88, in _run
    self._context.run(self._callback, *self._args)
  File "C:\Users\Hyperbook\miniconda3\Lib\asyncio\proactor_events.py", line 165, in _call_connection_lost
    self._sock.shutdown(socket.SHUT_RDWR)
ConnectionResetError: [WinError 10054] Istniejące połączenie zostało gwałtownie zamknięte przez zdalnego hosta
2026-04-13 19:13:59 | Process-5 | ERROR | asyncio | Exception in callback _ProactorBasePipeTransport._call_connection_lost(None)
handle: <Handle _ProactorBasePipeTransport._call_connection_lost(None)>
Traceback (most recent call last):
  File "C:\Users\Hyperbook\miniconda3\Lib\asyncio\events.py", line 88, in _run
    self._context.run(self._callback, *self._args)
  File "C:\Users\Hyperbook\miniconda3\Lib\asyncio\proactor_events.py", line 165, in _call_connection_lost
    self._sock.shutdown(socket.SHUT_RDWR)
ConnectionResetError: [WinError 10054] Istniejące połączenie zostało gwałtownie zamknięte przez zdalnego hosta
2026-04-13 19:14:03 | Process-5 | ERROR | asyncio | Exception in callback _ProactorBasePipeTransport._call_connection_lost(None)
handle: <Handle _ProactorBasePipeTransport._call_connection_lost(None)>
Traceback (most recent call last):
  File "C:\Users\Hyperbook\miniconda3\Lib\asyncio\events.py", line 88, in _run
    self._context.run(self._callback, *self._args)
  File "C:\Users\Hyperbook\miniconda3\Lib\asyncio\proactor_events.py", line 165, in _call_connection_lost
    self._sock.shutdown(socket.SHUT_RDWR)
ConnectionResetError: [WinError 10054] Istniejące połączenie zostało gwałtownie zamknięte przez zdalnego hosta
2026-04-13 19:14:03 | Process-5 | ERROR | asyncio | Exception in callback _ProactorBasePipeTransport._call_connection_lost(None)
handle: <Handle _ProactorBasePipeTransport._call_connection_lost(None)>
Traceback (most recent call last):
  File "C:\Users\Hyperbook\miniconda3\Lib\asyncio\events.py", line 88, in _run
    self._context.run(self._callback, *self._args)
  File "C:\Users\Hyperbook\miniconda3\Lib\asyncio\proactor_events.py", line 165, in _call_connection_lost
    self._sock.shutdown(socket.SHUT_RDWR)
ConnectionResetError: [WinError 10054] Istniejące połączenie zostało gwałtownie zamknięte przez zdalnego hosta
2026-04-13 19:14:03 | Process-5 | ERROR | asyncio | Exception in callback _ProactorBasePipeTransport._call_connection_lost(None)
handle: <Handle _ProactorBasePipeTransport._call_connection_lost(None)>
Traceback (most recent call last):
  File "C:\Users\Hyperbook\miniconda3\Lib\asyncio\events.py", line 88, in _run
    self._context.run(self._callback, *self._args)
  File "C:\Users\Hyperbook\miniconda3\Lib\asyncio\proactor_events.py", line 165, in _call_connection_lost
    self._sock.shutdown(socket.SHUT_RDWR)
ConnectionResetError: [WinError 10054] Istniejące połączenie zostało gwałtownie zamknięte przez zdalnego hosta
2026-04-13 19:14:05 | Process-5 | ERROR | asyncio | Exception in callback _ProactorBasePipeTransport._call_connection_lost(None)
handle: <Handle _ProactorBasePipeTransport._call_connection_lost(None)>
Traceback (most recent call last):
  File "C:\Users\Hyperbook\miniconda3\Lib\asyncio\events.py", line 88, in _run
    self._context.run(self._callback, *self._args)
  File "C:\Users\Hyperbook\miniconda3\Lib\asyncio\proactor_events.py", line 165, in _call_connection_lost
    self._sock.shutdown(socket.SHUT_RDWR)
ConnectionResetError: [WinError 10054] Istniejące połączenie zostało gwałtownie zamknięte przez zdalnego hosta
2026-04-13 19:14:07 | Process-5 | ERROR | asyncio | Exception in callback _ProactorBasePipeTransport._call_connection_lost(None)
handle: <Handle _ProactorBasePipeTransport._call_connection_lost(None)>
Traceback (most recent call last):
  File "C:\Users\Hyperbook\miniconda3\Lib\asyncio\events.py", line 88, in _run
    self._context.run(self._callback, *self._args)
  File "C:\Users\Hyperbook\miniconda3\Lib\asyncio\proactor_events.py", line 165, in _call_connection_lost
    self._sock.shutdown(socket.SHUT_RDWR)
ConnectionResetError: [WinError 10054] Istniejące połączenie zostało gwałtownie zamknięte przez zdalnego hosta
2026-04-13 19:14:07 | Process-5 | ERROR | asyncio | Exception in callback _ProactorBasePipeTransport._call_connection_lost(None)
handle: <Handle _ProactorBasePipeTransport._call_connection_lost(None)>
Traceback (most recent call last):
  File "C:\Users\Hyperbook\miniconda3\Lib\asyncio\events.py", line 88, in _run
    self._context.run(self._callback, *self._args)
  File "C:\Users\Hyperbook\miniconda3\Lib\asyncio\proactor_events.py", line 165, in _call_connection_lost
    self._sock.shutdown(socket.SHUT_RDWR)
ConnectionResetError: [WinError 10054] Istniejące połączenie zostało gwałtownie zamknięte przez zdalnego hosta
2026-04-13 19:14:08 | Process-5 | ERROR | asyncio | Exception in callback _ProactorBasePipeTransport._call_connection_lost(None)
handle: <Handle _ProactorBasePipeTransport._call_connection_lost(None)>
Traceback (most recent call last):
  File "C:\Users\Hyperbook\miniconda3\Lib\asyncio\events.py", line 88, in _run
    self._context.run(self._callback, *self._args)
  File "C:\Users\Hyperbook\miniconda3\Lib\asyncio\proactor_events.py", line 165, in _call_connection_lost
    self._sock.shutdown(socket.SHUT_RDWR)
ConnectionResetError: [WinError 10054] Istniejące połączenie zostało gwałtownie zamknięte przez zdalnego hosta
2026-04-13 19:14:11 | Process-5 | ERROR | asyncio | Exception in callback _ProactorBasePipeTransport._call_connection_lost(None)
handle: <Handle _ProactorBasePipeTransport._call_connection_lost(None)>
Traceback (most recent call last):
  File "C:\Users\Hyperbook\miniconda3\Lib\asyncio\events.py", line 88, in _run
    self._context.run(self._callback, *self._args)
  File "C:\Users\Hyperbook\miniconda3\Lib\asyncio\proactor_events.py", line 165, in _call_connection_lost
    self._sock.shutdown(socket.SHUT_RDWR)
ConnectionResetError: [WinError 10054] Istniejące połączenie zostało gwałtownie zamknięte przez zdalnego hosta
2026-04-13 19:14:11 | Process-5 | ERROR | asyncio | Exception in callback _ProactorBasePipeTransport._call_connection_lost(None)
handle: <Handle _ProactorBasePipeTransport._call_connection_lost(None)>
Traceback (most recent call last):
  File "C:\Users\Hyperbook\miniconda3\Lib\asyncio\events.py", line 88, in _run
    self._context.run(self._callback, *self._args)
  File "C:\Users\Hyperbook\miniconda3\Lib\asyncio\proactor_events.py", line 165, in _call_connection_lost
    self._sock.shutdown(socket.SHUT_RDWR)
ConnectionResetError: [WinError 10054] Istniejące połączenie zostało gwałtownie zamknięte przez zdalnego hosta
2026-04-13 19:14:13 | Process-5 | ERROR | asyncio | Exception in callback _ProactorBasePipeTransport._call_connection_lost(None)
handle: <Handle _ProactorBasePipeTransport._call_connection_lost(None)>
Traceback (most recent call last):
  File "C:\Users\Hyperbook\miniconda3\Lib\asyncio\events.py", line 88, in _run
    self._context.run(self._callback, *self._args)
  File "C:\Users\Hyperbook\miniconda3\Lib\asyncio\proactor_events.py", line 165, in _call_connection_lost
    self._sock.shutdown(socket.SHUT_RDWR)
ConnectionResetError: [WinError 10054] Istniejące połączenie zostało gwałtownie zamknięte przez zdalnego hosta
2026-04-13 19:14:13 | Process-5 | ERROR | asyncio | Exception in callback _ProactorBasePipeTransport._call_connection_lost(None)
handle: <Handle _ProactorBasePipeTransport._call_connection_lost(None)>
Traceback (most recent call last):
  File "C:\Users\Hyperbook\miniconda3\Lib\asyncio\events.py", line 88, in _run
    self._context.run(self._callback, *self._args)
  File "C:\Users\Hyperbook\miniconda3\Lib\asyncio\proactor_events.py", line 165, in _call_connection_lost
    self._sock.shutdown(socket.SHUT_RDWR)
ConnectionResetError: [WinError 10054] Istniejące połączenie zostało gwałtownie zamknięte przez zdalnego hosta
2026-04-13 19:14:17 | Process-5 | ERROR | asyncio | Exception in callback _ProactorBasePipeTransport._call_connection_lost(None)
handle: <Handle _ProactorBasePipeTransport._call_connection_lost(None)>
Traceback (most recent call last):
  File "C:\Users\Hyperbook\miniconda3\Lib\asyncio\events.py", line 88, in _run
    self._context.run(self._callback, *self._args)
  File "C:\Users\Hyperbook\miniconda3\Lib\asyncio\proactor_events.py", line 165, in _call_connection_lost
    self._sock.shutdown(socket.SHUT_RDWR)
ConnectionResetError: [WinError 10054] Istniejące połączenie zostało gwałtownie zamknięte przez zdalnego hosta
2026-04-13 19:14:18 | Process-5 | ERROR | asyncio | Exception in callback _ProactorBasePipeTransport._call_connection_lost(None)
handle: <Handle _ProactorBasePipeTransport._call_connection_lost(None)>
Traceback (most recent call last):
  File "C:\Users\Hyperbook\miniconda3\Lib\asyncio\events.py", line 88, in _run
    self._context.run(self._callback, *self._args)
  File "C:\Users\Hyperbook\miniconda3\Lib\asyncio\proactor_events.py", line 165, in _call_connection_lost
    self._sock.shutdown(socket.SHUT_RDWR)
ConnectionResetError: [WinError 10054] Istniejące połączenie zostało gwałtownie zamknięte przez zdalnego hosta
2026-04-13 19:14:19 | Process-5 | ERROR | asyncio | Exception in callback _ProactorBasePipeTransport._call_connection_lost(None)
handle: <Handle _ProactorBasePipeTransport._call_connection_lost(None)>
Traceback (most recent call last):
  File "C:\Users\Hyperbook\miniconda3\Lib\asyncio\events.py", line 88, in _run
    self._context.run(self._callback, *self._args)
  File "C:\Users\Hyperbook\miniconda3\Lib\asyncio\proactor_events.py", line 165, in _call_connection_lost
    self._sock.shutdown(socket.SHUT_RDWR)
ConnectionResetError: [WinError 10054] Istniejące połączenie zostało gwałtownie zamknięte przez zdalnego hosta
2026-04-13 19:14:23 | Process-5 | ERROR | asyncio | Exception in callback _ProactorBasePipeTransport._call_connection_lost(None)
handle: <Handle _ProactorBasePipeTransport._call_connection_lost(None)>
Traceback (most recent call last):
  File "C:\Users\Hyperbook\miniconda3\Lib\asyncio\events.py", line 88, in _run
    self._context.run(self._callback, *self._args)
  File "C:\Users\Hyperbook\miniconda3\Lib\asyncio\proactor_events.py", line 165, in _call_connection_lost
    self._sock.shutdown(socket.SHUT_RDWR)
ConnectionResetError: [WinError 10054] Istniejące połączenie zostało gwałtownie zamknięte przez zdalnego hosta
2026-04-13 19:14:25 | Process-5 | ERROR | asyncio | Exception in callback _ProactorBasePipeTransport._call_connection_lost(None)
handle: <Handle _ProactorBasePipeTransport._call_connection_lost(None)>
Traceback (most recent call last):
  File "C:\Users\Hyperbook\miniconda3\Lib\asyncio\events.py", line 88, in _run
    self._context.run(self._callback, *self._args)
  File "C:\Users\Hyperbook\miniconda3\Lib\asyncio\proactor_events.py", line 165, in _call_connection_lost
    self._sock.shutdown(socket.SHUT_RDWR)
ConnectionResetError: [WinError 10054] Istniejące połączenie zostało gwałtownie zamknięte przez zdalnego hosta
2026-04-13 19:14:27 | Process-5 | ERROR | asyncio | Exception in callback _ProactorBasePipeTransport._call_connection_lost(None)
handle: <Handle _ProactorBasePipeTransport._call_connection_lost(None)>
Traceback (most recent call last):
  File "C:\Users\Hyperbook\miniconda3\Lib\asyncio\events.py", line 88, in _run
    self._context.run(self._callback, *self._args)
  File "C:\Users\Hyperbook\miniconda3\Lib\asyncio\proactor_events.py", line 165, in _call_connection_lost
    self._sock.shutdown(socket.SHUT_RDWR)
ConnectionResetError: [WinError 10054] Istniejące połączenie zostało gwałtownie zamknięte przez zdalnego hosta
2026-04-13 19:14:29 | Process-5 | ERROR | asyncio | Exception in callback _ProactorBasePipeTransport._call_connection_lost(None)
handle: <Handle _ProactorBasePipeTransport._call_connection_lost(None)>
Traceback (most recent call last):
  File "C:\Users\Hyperbook\miniconda3\Lib\asyncio\events.py", line 88, in _run
    self._context.run(self._callback, *self._args)
  File "C:\Users\Hyperbook\miniconda3\Lib\asyncio\proactor_events.py", line 165, in _call_connection_lost
    self._sock.shutdown(socket.SHUT_RDWR)
ConnectionResetError: [WinError 10054] Istniejące połączenie zostało gwałtownie zamknięte przez zdalnego hosta
2026-04-13 19:14:31 | Process-5 | ERROR | asyncio | Exception in callback _ProactorBasePipeTransport._call_connection_lost(None)
handle: <Handle _ProactorBasePipeTransport._call_connection_lost(None)>
Traceback (most recent call last):
  File "C:\Users\Hyperbook\miniconda3\Lib\asyncio\events.py", line 88, in _run
    self._context.run(self._callback, *self._args)
  File "C:\Users\Hyperbook\miniconda3\Lib\asyncio\proactor_events.py", line 165, in _call_connection_lost
    self._sock.shutdown(socket.SHUT_RDWR)
ConnectionResetError: [WinError 10054] Istniejące połączenie zostało gwałtownie zamknięte przez zdalnego hosta
2026-04-13 19:14:31 | Process-5 | ERROR | asyncio | Exception in callback _ProactorBasePipeTransport._call_connection_lost(None)
handle: <Handle _ProactorBasePipeTransport._call_connection_lost(None)>
Traceback (most recent call last):
  File "C:\Users\Hyperbook\miniconda3\Lib\asyncio\events.py", line 88, in _run
    self._context.run(self._callback, *self._args)
  File "C:\Users\Hyperbook\miniconda3\Lib\asyncio\proactor_events.py", line 165, in _call_connection_lost
    self._sock.shutdown(socket.SHUT_RDWR)
ConnectionResetError: [WinError 10054] Istniejące połączenie zostało gwałtownie zamknięte przez zdalnego hosta
2026-04-13 19:14:36 | Process-5 | ERROR | asyncio | Exception in callback _ProactorBasePipeTransport._call_connection_lost(None)
handle: <Handle _ProactorBasePipeTransport._call_connection_lost(None)>
Traceback (most recent call last):
  File "C:\Users\Hyperbook\miniconda3\Lib\asyncio\events.py", line 88, in _run
    self._context.run(self._callback, *self._args)
  File "C:\Users\Hyperbook\miniconda3\Lib\asyncio\proactor_events.py", line 165, in _call_connection_lost
    self._sock.shutdown(socket.SHUT_RDWR)
ConnectionResetError: [WinError 10054] Istniejące połączenie zostało gwałtownie zamknięte przez zdalnego hosta
2026-04-13 19:14:36 | Process-5 | ERROR | asyncio | Exception in callback _ProactorBasePipeTransport._call_connection_lost(None)
handle: <Handle _ProactorBasePipeTransport._call_connection_lost(None)>
Traceback (most recent call last):
  File "C:\Users\Hyperbook\miniconda3\Lib\asyncio\events.py", line 88, in _run
    self._context.run(self._callback, *self._args)
  File "C:\Users\Hyperbook\miniconda3\Lib\asyncio\proactor_events.py", line 165, in _call_connection_lost
    self._sock.shutdown(socket.SHUT_RDWR)
ConnectionResetError: [WinError 10054] Istniejące połączenie zostało gwałtownie zamknięte przez zdalnego hosta
2026-04-13 19:14:37 | Process-5 | ERROR | asyncio | Exception in callback _ProactorBasePipeTransport._call_connection_lost(None)
handle: <Handle _ProactorBasePipeTransport._call_connection_lost(None)>
Traceback (most recent call last):
  File "C:\Users\Hyperbook\miniconda3\Lib\asyncio\events.py", line 88, in _run
    self._context.run(self._callback, *self._args)
  File "C:\Users\Hyperbook\miniconda3\Lib\asyncio\proactor_events.py", line 165, in _call_connection_lost
    self._sock.shutdown(socket.SHUT_RDWR)
ConnectionResetError: [WinError 10054] Istniejące połączenie zostało gwałtownie zamknięte przez zdalnego hosta
2026-04-13 19:14:37 | Process-5 | ERROR | asyncio | Exception in callback _ProactorBasePipeTransport._call_connection_lost(None)
handle: <Handle _ProactorBasePipeTransport._call_connection_lost(None)>
Traceback (most recent call last):
  File "C:\Users\Hyperbook\miniconda3\Lib\asyncio\events.py", line 88, in _run
    self._context.run(self._callback, *self._args)
  File "C:\Users\Hyperbook\miniconda3\Lib\asyncio\proactor_events.py", line 165, in _call_connection_lost
    self._sock.shutdown(socket.SHUT_RDWR)
ConnectionResetError: [WinError 10054] Istniejące połączenie zostało gwałtownie zamknięte przez zdalnego hosta
2026-04-13 19:14:45 | Process-5 | ERROR | asyncio | Exception in callback _ProactorBasePipeTransport._call_connection_lost(None)
handle: <Handle _ProactorBasePipeTransport._call_connection_lost(None)>
Traceback (most recent call last):
  File "C:\Users\Hyperbook\miniconda3\Lib\asyncio\events.py", line 88, in _run
    self._context.run(self._callback, *self._args)
  File "C:\Users\Hyperbook\miniconda3\Lib\asyncio\proactor_events.py", line 165, in _call_connection_lost
    self._sock.shutdown(socket.SHUT_RDWR)
ConnectionResetError: [WinError 10054] Istniejące połączenie zostało gwałtownie zamknięte przez zdalnego hosta
2026-04-13 19:14:45 | Process-5 | ERROR | asyncio | Exception in callback _ProactorBasePipeTransport._call_connection_lost(None)
handle: <Handle _ProactorBasePipeTransport._call_connection_lost(None)>
Traceback (most recent call last):
  File "C:\Users\Hyperbook\miniconda3\Lib\asyncio\events.py", line 88, in _run
    self._context.run(self._callback, *self._args)
  File "C:\Users\Hyperbook\miniconda3\Lib\asyncio\proactor_events.py", line 165, in _call_connection_lost
    self._sock.shutdown(socket.SHUT_RDWR)
ConnectionResetError: [WinError 10054] Istniejące połączenie zostało gwałtownie zamknięte przez zdalnego hosta
2026-04-13 19:14:48 | Process-5 | ERROR | asyncio | Exception in callback _ProactorBasePipeTransport._call_connection_lost(None)
handle: <Handle _ProactorBasePipeTransport._call_connection_lost(None)>
Traceback (most recent call last):
  File "C:\Users\Hyperbook\miniconda3\Lib\asyncio\events.py", line 88, in _run
    self._context.run(self._callback, *self._args)
  File "C:\Users\Hyperbook\miniconda3\Lib\asyncio\proactor_events.py", line 165, in _call_connection_lost
    self._sock.shutdown(socket.SHUT_RDWR)
ConnectionResetError: [WinError 10054] Istniejące połączenie zostało gwałtownie zamknięte przez zdalnego hosta
2026-04-13 19:14:50 | Process-5 | ERROR | asyncio | Exception in callback _ProactorBasePipeTransport._call_connection_lost(None)
handle: <Handle _ProactorBasePipeTransport._call_connection_lost(None)>
Traceback (most recent call last):
  File "C:\Users\Hyperbook\miniconda3\Lib\asyncio\events.py", line 88, in _run
    self._context.run(self._callback, *self._args)
  File "C:\Users\Hyperbook\miniconda3\Lib\asyncio\proactor_events.py", line 165, in _call_connection_lost
    self._sock.shutdown(socket.SHUT_RDWR)
ConnectionResetError: [WinError 10054] Istniejące połączenie zostało gwałtownie zamknięte przez zdalnego hosta
2026-04-13 19:14:51 | Process-5 | ERROR | asyncio | Exception in callback _ProactorBasePipeTransport._call_connection_lost(None)
handle: <Handle _ProactorBasePipeTransport._call_connection_lost(None)>
Traceback (most recent call last):
  File "C:\Users\Hyperbook\miniconda3\Lib\asyncio\events.py", line 88, in _run
    self._context.run(self._callback, *self._args)
  File "C:\Users\Hyperbook\miniconda3\Lib\asyncio\proactor_events.py", line 165, in _call_connection_lost
    self._sock.shutdown(socket.SHUT_RDWR)
ConnectionResetError: [WinError 10054] Istniejące połączenie zostało gwałtownie zamknięte przez zdalnego hosta
2026-04-13 19:14:52 | Process-5 | ERROR | asyncio | Exception in callback _ProactorBasePipeTransport._call_connection_lost(None)
handle: <Handle _ProactorBasePipeTransport._call_connection_lost(None)>
Traceback (most recent call last):
  File "C:\Users\Hyperbook\miniconda3\Lib\asyncio\events.py", line 88, in _run
    self._context.run(self._callback, *self._args)
  File "C:\Users\Hyperbook\miniconda3\Lib\asyncio\proactor_events.py", line 165, in _call_connection_lost
    self._sock.shutdown(socket.SHUT_RDWR)
ConnectionResetError: [WinError 10054] Istniejące połączenie zostało gwałtownie zamknięte przez zdalnego hosta
2026-04-13 19:14:52 | Process-5 | ERROR | asyncio | Exception in callback _ProactorBasePipeTransport._call_connection_lost(None)
handle: <Handle _ProactorBasePipeTransport._call_connection_lost(None)>
Traceback (most recent call last):
  File "C:\Users\Hyperbook\miniconda3\Lib\asyncio\events.py", line 88, in _run
    self._context.run(self._callback, *self._args)
  File "C:\Users\Hyperbook\miniconda3\Lib\asyncio\proactor_events.py", line 165, in _call_connection_lost
    self._sock.shutdown(socket.SHUT_RDWR)
ConnectionResetError: [WinError 10054] Istniejące połączenie zostało gwałtownie zamknięte przez zdalnego hosta
2026-04-13 19:15:02 | Process-5 | ERROR | asyncio | Exception in callback _ProactorBasePipeTransport._call_connection_lost(None)
handle: <Handle _ProactorBasePipeTransport._call_connection_lost(None)>
Traceback (most recent call last):
  File "C:\Users\Hyperbook\miniconda3\Lib\asyncio\events.py", line 88, in _run
    self._context.run(self._callback, *self._args)
  File "C:\Users\Hyperbook\miniconda3\Lib\asyncio\proactor_events.py", line 165, in _call_connection_lost
    self._sock.shutdown(socket.SHUT_RDWR)
ConnectionResetError: [WinError 10054] Istniejące połączenie zostało gwałtownie zamknięte przez zdalnego hosta
2026-04-13 19:15:02 | Process-5 | ERROR | asyncio | Exception in callback _ProactorBasePipeTransport._call_connection_lost(None)
handle: <Handle _ProactorBasePipeTransport._call_connection_lost(None)>
Traceback (most recent call last):
  File "C:\Users\Hyperbook\miniconda3\Lib\asyncio\events.py", line 88, in _run
    self._context.run(self._callback, *self._args)
  File "C:\Users\Hyperbook\miniconda3\Lib\asyncio\proactor_events.py", line 165, in _call_connection_lost
    self._sock.shutdown(socket.SHUT_RDWR)
ConnectionResetError: [WinError 10054] Istniejące połączenie zostało gwałtownie zamknięte przez zdalnego hosta
2026-04-13 19:15:03 | Process-5 | ERROR | asyncio | Exception in callback _ProactorBasePipeTransport._call_connection_lost(None)
handle: <Handle _ProactorBasePipeTransport._call_connection_lost(None)>
Traceback (most recent call last):
  File "C:\Users\Hyperbook\miniconda3\Lib\asyncio\events.py", line 88, in _run
    self._context.run(self._callback, *self._args)
  File "C:\Users\Hyperbook\miniconda3\Lib\asyncio\proactor_events.py", line 165, in _call_connection_lost
    self._sock.shutdown(socket.SHUT_RDWR)
ConnectionResetError: [WinError 10054] Istniejące połączenie zostało gwałtownie zamknięte przez zdalnego hosta
2026-04-13 19:15:06 | Process-5 | ERROR | asyncio | Exception in callback _ProactorBasePipeTransport._call_connection_lost(None)
handle: <Handle _ProactorBasePipeTransport._call_connection_lost(None)>
Traceback (most recent call last):
  File "C:\Users\Hyperbook\miniconda3\Lib\asyncio\events.py", line 88, in _run
    self._context.run(self._callback, *self._args)
  File "C:\Users\Hyperbook\miniconda3\Lib\asyncio\proactor_events.py", line 165, in _call_connection_lost
    self._sock.shutdown(socket.SHUT_RDWR)
ConnectionResetError: [WinError 10054] Istniejące połączenie zostało gwałtownie zamknięte przez zdalnego hosta
2026-04-13 19:15:07 | Process-5 | ERROR | asyncio | Exception in callback _ProactorBasePipeTransport._call_connection_lost(None)
handle: <Handle _ProactorBasePipeTransport._call_connection_lost(None)>
Traceback (most recent call last):
  File "C:\Users\Hyperbook\miniconda3\Lib\asyncio\events.py", line 88, in _run
    self._context.run(self._callback, *self._args)
  File "C:\Users\Hyperbook\miniconda3\Lib\asyncio\proactor_events.py", line 165, in _call_connection_lost
    self._sock.shutdown(socket.SHUT_RDWR)
ConnectionResetError: [WinError 10054] Istniejące połączenie zostało gwałtownie zamknięte przez zdalnego hosta
2026-04-13 19:15:07 | Process-5 | ERROR | asyncio | Exception in callback _ProactorBasePipeTransport._call_connection_lost(None)
handle: <Handle _ProactorBasePipeTransport._call_connection_lost(None)>
Traceback (most recent call last):
  File "C:\Users\Hyperbook\miniconda3\Lib\asyncio\events.py", line 88, in _run
    self._context.run(self._callback, *self._args)
  File "C:\Users\Hyperbook\miniconda3\Lib\asyncio\proactor_events.py", line 165, in _call_connection_lost
    self._sock.shutdown(socket.SHUT_RDWR)
ConnectionResetError: [WinError 10054] Istniejące połączenie zostało gwałtownie zamknięte przez zdalnego hosta
2026-04-13 19:15:08 | Process-5 | ERROR | asyncio | Exception in callback _ProactorBasePipeTransport._call_connection_lost(None)
handle: <Handle _ProactorBasePipeTransport._call_connection_lost(None)>
Traceback (most recent call last):
  File "C:\Users\Hyperbook\miniconda3\Lib\asyncio\events.py", line 88, in _run
    self._context.run(self._callback, *self._args)
  File "C:\Users\Hyperbook\miniconda3\Lib\asyncio\proactor_events.py", line 165, in _call_connection_lost
    self._sock.shutdown(socket.SHUT_RDWR)
ConnectionResetError: [WinError 10054] Istniejące połączenie zostało gwałtownie zamknięte przez zdalnego hosta
2026-04-13 19:15:09 | Process-5 | ERROR | asyncio | Exception in callback _ProactorBasePipeTransport._call_connection_lost(None)
handle: <Handle _ProactorBasePipeTransport._call_connection_lost(None)>
Traceback (most recent call last):
  File "C:\Users\Hyperbook\miniconda3\Lib\asyncio\events.py", line 88, in _run
    self._context.run(self._callback, *self._args)
  File "C:\Users\Hyperbook\miniconda3\Lib\asyncio\proactor_events.py", line 165, in _call_connection_lost
    self._sock.shutdown(socket.SHUT_RDWR)
ConnectionResetError: [WinError 10054] Istniejące połączenie zostało gwałtownie zamknięte przez zdalnego hosta
2026-04-13 19:15:09 | Process-5 | ERROR | asyncio | Exception in callback _ProactorBasePipeTransport._call_connection_lost(None)
handle: <Handle _ProactorBasePipeTransport._call_connection_lost(None)>
Traceback (most recent call last):
  File "C:\Users\Hyperbook\miniconda3\Lib\asyncio\events.py", line 88, in _run
    self._context.run(self._callback, *self._args)
  File "C:\Users\Hyperbook\miniconda3\Lib\asyncio\proactor_events.py", line 165, in _call_connection_lost
    self._sock.shutdown(socket.SHUT_RDWR)
ConnectionResetError: [WinError 10054] Istniejące połączenie zostało gwałtownie zamknięte przez zdalnego hosta
2026-04-13 19:15:10 | Process-5 | ERROR | asyncio | Exception in callback _ProactorBasePipeTransport._call_connection_lost(None)
handle: <Handle _ProactorBasePipeTransport._call_connection_lost(None)>
Traceback (most recent call last):
  File "C:\Users\Hyperbook\miniconda3\Lib\asyncio\events.py", line 88, in _run
    self._context.run(self._callback, *self._args)
  File "C:\Users\Hyperbook\miniconda3\Lib\asyncio\proactor_events.py", line 165, in _call_connection_lost
    self._sock.shutdown(socket.SHUT_RDWR)
ConnectionResetError: [WinError 10054] Istniejące połączenie zostało gwałtownie zamknięte przez zdalnego hosta
2026-04-13 19:15:10 | Process-5 | ERROR | asyncio | Exception in callback _ProactorBasePipeTransport._call_connection_lost(None)
handle: <Handle _ProactorBasePipeTransport._call_connection_lost(None)>
Traceback (most recent call last):
  File "C:\Users\Hyperbook\miniconda3\Lib\asyncio\events.py", line 88, in _run
    self._context.run(self._callback, *self._args)
  File "C:\Users\Hyperbook\miniconda3\Lib\asyncio\proactor_events.py", line 165, in _call_connection_lost
    self._sock.shutdown(socket.SHUT_RDWR)
ConnectionResetError: [WinError 10054] Istniejące połączenie zostało gwałtownie zamknięte przez zdalnego hosta
2026-04-13 19:15:14 | Process-5 | ERROR | asyncio | Exception in callback _ProactorBasePipeTransport._call_connection_lost(None)
handle: <Handle _ProactorBasePipeTransport._call_connection_lost(None)>
Traceback (most recent call last):
  File "C:\Users\Hyperbook\miniconda3\Lib\asyncio\events.py", line 88, in _run
    self._context.run(self._callback, *self._args)
  File "C:\Users\Hyperbook\miniconda3\Lib\asyncio\proactor_events.py", line 165, in _call_connection_lost
    self._sock.shutdown(socket.SHUT_RDWR)
ConnectionResetError: [WinError 10054] Istniejące połączenie zostało gwałtownie zamknięte przez zdalnego hosta
2026-04-13 19:15:16 | Process-5 | ERROR | asyncio | Exception in callback _ProactorBasePipeTransport._call_connection_lost(None)
handle: <Handle _ProactorBasePipeTransport._call_connection_lost(None)>
Traceback (most recent call last):
  File "C:\Users\Hyperbook\miniconda3\Lib\asyncio\events.py", line 88, in _run
    self._context.run(self._callback, *self._args)
  File "C:\Users\Hyperbook\miniconda3\Lib\asyncio\proactor_events.py", line 165, in _call_connection_lost
    self._sock.shutdown(socket.SHUT_RDWR)
ConnectionResetError: [WinError 10054] Istniejące połączenie zostało gwałtownie zamknięte przez zdalnego hosta
2026-04-13 19:15:18 | Process-5 | ERROR | asyncio | Exception in callback _ProactorBasePipeTransport._call_connection_lost(None)
handle: <Handle _ProactorBasePipeTransport._call_connection_lost(None)>
Traceback (most recent call last):
  File "C:\Users\Hyperbook\miniconda3\Lib\asyncio\events.py", line 88, in _run
    self._context.run(self._callback, *self._args)
  File "C:\Users\Hyperbook\miniconda3\Lib\asyncio\proactor_events.py", line 165, in _call_connection_lost
    self._sock.shutdown(socket.SHUT_RDWR)
ConnectionResetError: [WinError 10054] Istniejące połączenie zostało gwałtownie zamknięte przez zdalnego hosta
2026-04-13 19:15:22 | Process-5 | ERROR | asyncio | Exception in callback _ProactorBasePipeTransport._call_connection_lost(None)
handle: <Handle _ProactorBasePipeTransport._call_connection_lost(None)>
Traceback (most recent call last):
  File "C:\Users\Hyperbook\miniconda3\Lib\asyncio\events.py", line 88, in _run
    self._context.run(self._callback, *self._args)
  File "C:\Users\Hyperbook\miniconda3\Lib\asyncio\proactor_events.py", line 165, in _call_connection_lost
    self._sock.shutdown(socket.SHUT_RDWR)
ConnectionResetError: [WinError 10054] Istniejące połączenie zostało gwałtownie zamknięte przez zdalnego hosta
2026-04-13 19:15:23 | Process-5 | ERROR | asyncio | Exception in callback _ProactorBasePipeTransport._call_connection_lost(None)
handle: <Handle _ProactorBasePipeTransport._call_connection_lost(None)>
Traceback (most recent call last):
  File "C:\Users\Hyperbook\miniconda3\Lib\asyncio\events.py", line 88, in _run
    self._context.run(self._callback, *self._args)
  File "C:\Users\Hyperbook\miniconda3\Lib\asyncio\proactor_events.py", line 165, in _call_connection_lost
    self._sock.shutdown(socket.SHUT_RDWR)
ConnectionResetError: [WinError 10054] Istniejące połączenie zostało gwałtownie zamknięte przez zdalnego hosta
2026-04-13 19:15:26 | Process-5 | ERROR | asyncio | Exception in callback _ProactorBasePipeTransport._call_connection_lost(None)
handle: <Handle _ProactorBasePipeTransport._call_connection_lost(None)>
Traceback (most recent call last):
  File "C:\Users\Hyperbook\miniconda3\Lib\asyncio\events.py", line 88, in _run
    self._context.run(self._callback, *self._args)
  File "C:\Users\Hyperbook\miniconda3\Lib\asyncio\proactor_events.py", line 165, in _call_connection_lost
    self._sock.shutdown(socket.SHUT_RDWR)
ConnectionResetError: [WinError 10054] Istniejące połączenie zostało gwałtownie zamknięte przez zdalnego hosta
2026-04-13 19:15:28 | Process-5 | ERROR | asyncio | Exception in callback _ProactorBasePipeTransport._call_connection_lost(None)
handle: <Handle _ProactorBasePipeTransport._call_connection_lost(None)>
Traceback (most recent call last):
  File "C:\Users\Hyperbook\miniconda3\Lib\asyncio\events.py", line 88, in _run
    self._context.run(self._callback, *self._args)
  File "C:\Users\Hyperbook\miniconda3\Lib\asyncio\proactor_events.py", line 165, in _call_connection_lost
    self._sock.shutdown(socket.SHUT_RDWR)
ConnectionResetError: [WinError 10054] Istniejące połączenie zostało gwałtownie zamknięte przez zdalnego hosta
2026-04-13 19:15:29 | Process-5 | ERROR | asyncio | Exception in callback _ProactorBasePipeTransport._call_connection_lost(None)
handle: <Handle _ProactorBasePipeTransport._call_connection_lost(None)>
Traceback (most recent call last):
  File "C:\Users\Hyperbook\miniconda3\Lib\asyncio\events.py", line 88, in _run
    self._context.run(self._callback, *self._args)
  File "C:\Users\Hyperbook\miniconda3\Lib\asyncio\proactor_events.py", line 165, in _call_connection_lost
    self._sock.shutdown(socket.SHUT_RDWR)
ConnectionResetError: [WinError 10054] Istniejące połączenie zostało gwałtownie zamknięte przez zdalnego hosta
2026-04-13 19:15:30 | Process-5 | ERROR | asyncio | Exception in callback _ProactorBasePipeTransport._call_connection_lost(None)
handle: <Handle _ProactorBasePipeTransport._call_connection_lost(None)>
Traceback (most recent call last):
  File "C:\Users\Hyperbook\miniconda3\Lib\asyncio\events.py", line 88, in _run
    self._context.run(self._callback, *self._args)
  File "C:\Users\Hyperbook\miniconda3\Lib\asyncio\proactor_events.py", line 165, in _call_connection_lost
    self._sock.shutdown(socket.SHUT_RDWR)
ConnectionResetError: [WinError 10054] Istniejące połączenie zostało gwałtownie zamknięte przez zdalnego hosta
2026-04-13 19:15:33 | Process-5 | ERROR | asyncio | Exception in callback _ProactorBasePipeTransport._call_connection_lost(None)
handle: <Handle _ProactorBasePipeTransport._call_connection_lost(None)>
Traceback (most recent call last):
  File "C:\Users\Hyperbook\miniconda3\Lib\asyncio\events.py", line 88, in _run
    self._context.run(self._callback, *self._args)
  File "C:\Users\Hyperbook\miniconda3\Lib\asyncio\proactor_events.py", line 165, in _call_connection_lost
    self._sock.shutdown(socket.SHUT_RDWR)
ConnectionResetError: [WinError 10054] Istniejące połączenie zostało gwałtownie zamknięte przez zdalnego hosta
2026-04-13 19:15:34 | Process-5 | ERROR | asyncio | Exception in callback _ProactorBasePipeTransport._call_connection_lost(None)
handle: <Handle _ProactorBasePipeTransport._call_connection_lost(None)>
Traceback (most recent call last):
  File "C:\Users\Hyperbook\miniconda3\Lib\asyncio\events.py", line 88, in _run
    self._context.run(self._callback, *self._args)
  File "C:\Users\Hyperbook\miniconda3\Lib\asyncio\proactor_events.py", line 165, in _call_connection_lost
    self._sock.shutdown(socket.SHUT_RDWR)
ConnectionResetError: [WinError 10054] Istniejące połączenie zostało gwałtownie zamknięte przez zdalnego hosta
2026-04-13 19:15:37 | Process-5 | ERROR | asyncio | Exception in callback _ProactorBasePipeTransport._call_connection_lost(None)
handle: <Handle _ProactorBasePipeTransport._call_connection_lost(None)>
Traceback (most recent call last):
  File "C:\Users\Hyperbook\miniconda3\Lib\asyncio\events.py", line 88, in _run
    self._context.run(self._callback, *self._args)
  File "C:\Users\Hyperbook\miniconda3\Lib\asyncio\proactor_events.py", line 165, in _call_connection_lost
    self._sock.shutdown(socket.SHUT_RDWR)
ConnectionResetError: [WinError 10054] Istniejące połączenie zostało gwałtownie zamknięte przez zdalnego hosta
2026-04-13 19:15:38 | Process-5 | ERROR | asyncio | Exception in callback _ProactorBasePipeTransport._call_connection_lost(None)
handle: <Handle _ProactorBasePipeTransport._call_connection_lost(None)>
Traceback (most recent call last):
  File "C:\Users\Hyperbook\miniconda3\Lib\asyncio\events.py", line 88, in _run
    self._context.run(self._callback, *self._args)
  File "C:\Users\Hyperbook\miniconda3\Lib\asyncio\proactor_events.py", line 165, in _call_connection_lost
    self._sock.shutdown(socket.SHUT_RDWR)
ConnectionResetError: [WinError 10054] Istniejące połączenie zostało gwałtownie zamknięte przez zdalnego hosta
2026-04-13 19:15:38 | Process-5 | ERROR | asyncio | Exception in callback _ProactorBasePipeTransport._call_connection_lost(None)
handle: <Handle _ProactorBasePipeTransport._call_connection_lost(None)>
Traceback (most recent call last):
  File "C:\Users\Hyperbook\miniconda3\Lib\asyncio\events.py", line 88, in _run
    self._context.run(self._callback, *self._args)
  File "C:\Users\Hyperbook\miniconda3\Lib\asyncio\proactor_events.py", line 165, in _call_connection_lost
    self._sock.shutdown(socket.SHUT_RDWR)
ConnectionResetError: [WinError 10054] Istniejące połączenie zostało gwałtownie zamknięte przez zdalnego hosta
2026-04-13 19:15:39 | Process-5 | ERROR | asyncio | Exception in callback _ProactorBasePipeTransport._call_connection_lost(None)
handle: <Handle _ProactorBasePipeTransport._call_connection_lost(None)>
Traceback (most recent call last):
  File "C:\Users\Hyperbook\miniconda3\Lib\asyncio\events.py", line 88, in _run
    self._context.run(self._callback, *self._args)
  File "C:\Users\Hyperbook\miniconda3\Lib\asyncio\proactor_events.py", line 165, in _call_connection_lost
    self._sock.shutdown(socket.SHUT_RDWR)
ConnectionResetError: [WinError 10054] Istniejące połączenie zostało gwałtownie zamknięte przez zdalnego hosta
2026-04-13 19:15:39 | Process-5 | ERROR | asyncio | Exception in callback _ProactorBasePipeTransport._call_connection_lost(None)
handle: <Handle _ProactorBasePipeTransport._call_connection_lost(None)>
Traceback (most recent call last):
  File "C:\Users\Hyperbook\miniconda3\Lib\asyncio\events.py", line 88, in _run
    self._context.run(self._callback, *self._args)
  File "C:\Users\Hyperbook\miniconda3\Lib\asyncio\proactor_events.py", line 165, in _call_connection_lost
    self._sock.shutdown(socket.SHUT_RDWR)
ConnectionResetError: [WinError 10054] Istniejące połączenie zostało gwałtownie zamknięte przez zdalnego hosta
2026-04-13 19:15:40 | Process-5 | ERROR | asyncio | Exception in callback _ProactorBasePipeTransport._call_connection_lost(None)
handle: <Handle _ProactorBasePipeTransport._call_connection_lost(None)>
Traceback (most recent call last):
  File "C:\Users\Hyperbook\miniconda3\Lib\asyncio\events.py", line 88, in _run
    self._context.run(self._callback, *self._args)
  File "C:\Users\Hyperbook\miniconda3\Lib\asyncio\proactor_events.py", line 165, in _call_connection_lost
    self._sock.shutdown(socket.SHUT_RDWR)
ConnectionResetError: [WinError 10054] Istniejące połączenie zostało gwałtownie zamknięte przez zdalnego hosta
2026-04-13 19:15:40 | Process-5 | ERROR | asyncio | Exception in callback _ProactorBasePipeTransport._call_connection_lost(None)
handle: <Handle _ProactorBasePipeTransport._call_connection_lost(None)>
Traceback (most recent call last):
  File "C:\Users\Hyperbook\miniconda3\Lib\asyncio\events.py", line 88, in _run
    self._context.run(self._callback, *self._args)
  File "C:\Users\Hyperbook\miniconda3\Lib\asyncio\proactor_events.py", line 165, in _call_connection_lost
    self._sock.shutdown(socket.SHUT_RDWR)
ConnectionResetError: [WinError 10054] Istniejące połączenie zostało gwałtownie zamknięte przez zdalnego hosta
2026-04-13 19:15:40 | Process-5 | ERROR | asyncio | Exception in callback _ProactorBasePipeTransport._call_connection_lost(None)
handle: <Handle _ProactorBasePipeTransport._call_connection_lost(None)>
Traceback (most recent call last):
  File "C:\Users\Hyperbook\miniconda3\Lib\asyncio\events.py", line 88, in _run
    self._context.run(self._callback, *self._args)
  File "C:\Users\Hyperbook\miniconda3\Lib\asyncio\proactor_events.py", line 165, in _call_connection_lost
    self._sock.shutdown(socket.SHUT_RDWR)
ConnectionResetError: [WinError 10054] Istniejące połączenie zostało gwałtownie zamknięte przez zdalnego hosta
2026-04-13 19:15:41 | Process-5 | ERROR | asyncio | Exception in callback _ProactorBasePipeTransport._call_connection_lost(None)
handle: <Handle _ProactorBasePipeTransport._call_connection_lost(None)>
Traceback (most recent call last):
  File "C:\Users\Hyperbook\miniconda3\Lib\asyncio\events.py", line 88, in _run
    self._context.run(self._callback, *self._args)
  File "C:\Users\Hyperbook\miniconda3\Lib\asyncio\proactor_events.py", line 165, in _call_connection_lost
    self._sock.shutdown(socket.SHUT_RDWR)
ConnectionResetError: [WinError 10054] Istniejące połączenie zostało gwałtownie zamknięte przez zdalnego hosta
2026-04-13 19:15:47 | Process-5 | ERROR | asyncio | Exception in callback _ProactorBasePipeTransport._call_connection_lost(None)
handle: <Handle _ProactorBasePipeTransport._call_connection_lost(None)>
Traceback (most recent call last):
  File "C:\Users\Hyperbook\miniconda3\Lib\asyncio\events.py", line 88, in _run
    self._context.run(self._callback, *self._args)
  File "C:\Users\Hyperbook\miniconda3\Lib\asyncio\proactor_events.py", line 165, in _call_connection_lost
    self._sock.shutdown(socket.SHUT_RDWR)
ConnectionResetError: [WinError 10054] Istniejące połączenie zostało gwałtownie zamknięte przez zdalnego hosta
2026-04-13 19:15:51 | Process-5 | ERROR | asyncio | Exception in callback _ProactorBasePipeTransport._call_connection_lost(None)
handle: <Handle _ProactorBasePipeTransport._call_connection_lost(None)>
Traceback (most recent call last):
  File "C:\Users\Hyperbook\miniconda3\Lib\asyncio\events.py", line 88, in _run
    self._context.run(self._callback, *self._args)
  File "C:\Users\Hyperbook\miniconda3\Lib\asyncio\proactor_events.py", line 165, in _call_connection_lost
    self._sock.shutdown(socket.SHUT_RDWR)
ConnectionResetError: [WinError 10054] Istniejące połączenie zostało gwałtownie zamknięte przez zdalnego hosta
2026-04-13 19:15:55 | Process-5 | ERROR | asyncio | Exception in callback _ProactorBasePipeTransport._call_connection_lost(None)
handle: <Handle _ProactorBasePipeTransport._call_connection_lost(None)>
Traceback (most recent call last):
  File "C:\Users\Hyperbook\miniconda3\Lib\asyncio\events.py", line 88, in _run
    self._context.run(self._callback, *self._args)
  File "C:\Users\Hyperbook\miniconda3\Lib\asyncio\proactor_events.py", line 165, in _call_connection_lost
    self._sock.shutdown(socket.SHUT_RDWR)
ConnectionResetError: [WinError 10054] Istniejące połączenie zostało gwałtownie zamknięte przez zdalnego hosta
2026-04-13 19:15:55 | Process-5 | ERROR | asyncio | Exception in callback _ProactorBasePipeTransport._call_connection_lost(None)
handle: <Handle _ProactorBasePipeTransport._call_connection_lost(None)>
Traceback (most recent call last):
  File "C:\Users\Hyperbook\miniconda3\Lib\asyncio\events.py", line 88, in _run
    self._context.run(self._callback, *self._args)
  File "C:\Users\Hyperbook\miniconda3\Lib\asyncio\proactor_events.py", line 165, in _call_connection_lost
    self._sock.shutdown(socket.SHUT_RDWR)
ConnectionResetError: [WinError 10054] Istniejące połączenie zostało gwałtownie zamknięte przez zdalnego hosta
2026-04-13 19:15:57 | Process-5 | ERROR | asyncio | Exception in callback _ProactorBasePipeTransport._call_connection_lost(None)
handle: <Handle _ProactorBasePipeTransport._call_connection_lost(None)>
Traceback (most recent call last):
  File "C:\Users\Hyperbook\miniconda3\Lib\asyncio\events.py", line 88, in _run
    self._context.run(self._callback, *self._args)
  File "C:\Users\Hyperbook\miniconda3\Lib\asyncio\proactor_events.py", line 165, in _call_connection_lost
    self._sock.shutdown(socket.SHUT_RDWR)
ConnectionResetError: [WinError 10054] Istniejące połączenie zostało gwałtownie zamknięte przez zdalnego hosta
2026-04-13 19:15:58 | Process-5 | ERROR | asyncio | Exception in callback _ProactorBasePipeTransport._call_connection_lost(None)
handle: <Handle _ProactorBasePipeTransport._call_connection_lost(None)>
Traceback (most recent call last):
  File "C:\Users\Hyperbook\miniconda3\Lib\asyncio\events.py", line 88, in _run
    self._context.run(self._callback, *self._args)
  File "C:\Users\Hyperbook\miniconda3\Lib\asyncio\proactor_events.py", line 165, in _call_connection_lost
    self._sock.shutdown(socket.SHUT_RDWR)
ConnectionResetError: [WinError 10054] Istniejące połączenie zostało gwałtownie zamknięte przez zdalnego hosta
2026-04-13 19:15:59 | Process-5 | ERROR | asyncio | Exception in callback _ProactorBasePipeTransport._call_connection_lost(None)
handle: <Handle _ProactorBasePipeTransport._call_connection_lost(None)>
Traceback (most recent call last):
  File "C:\Users\Hyperbook\miniconda3\Lib\asyncio\events.py", line 88, in _run
    self._context.run(self._callback, *self._args)
  File "C:\Users\Hyperbook\miniconda3\Lib\asyncio\proactor_events.py", line 165, in _call_connection_lost
    self._sock.shutdown(socket.SHUT_RDWR)
ConnectionResetError: [WinError 10054] Istniejące połączenie zostało gwałtownie zamknięte przez zdalnego hosta
2026-04-13 19:15:59 | Process-5 | ERROR | asyncio | Exception in callback _ProactorBasePipeTransport._call_connection_lost(None)
handle: <Handle _ProactorBasePipeTransport._call_connection_lost(None)>
Traceback (most recent call last):
  File "C:\Users\Hyperbook\miniconda3\Lib\asyncio\events.py", line 88, in _run
    self._context.run(self._callback, *self._args)
  File "C:\Users\Hyperbook\miniconda3\Lib\asyncio\proactor_events.py", line 165, in _call_connection_lost
    self._sock.shutdown(socket.SHUT_RDWR)
ConnectionResetError: [WinError 10054] Istniejące połączenie zostało gwałtownie zamknięte przez zdalnego hosta
2026-04-13 19:16:01 | Process-5 | ERROR | asyncio | Exception in callback _ProactorBasePipeTransport._call_connection_lost(None)
handle: <Handle _ProactorBasePipeTransport._call_connection_lost(None)>
Traceback (most recent call last):
  File "C:\Users\Hyperbook\miniconda3\Lib\asyncio\events.py", line 88, in _run
    self._context.run(self._callback, *self._args)
  File "C:\Users\Hyperbook\miniconda3\Lib\asyncio\proactor_events.py", line 165, in _call_connection_lost
    self._sock.shutdown(socket.SHUT_RDWR)
ConnectionResetError: [WinError 10054] Istniejące połączenie zostało gwałtownie zamknięte przez zdalnego hosta
2026-04-13 19:16:01 | Process-5 | ERROR | asyncio | Exception in callback _ProactorBasePipeTransport._call_connection_lost(None)
handle: <Handle _ProactorBasePipeTransport._call_connection_lost(None)>
Traceback (most recent call last):
  File "C:\Users\Hyperbook\miniconda3\Lib\asyncio\events.py", line 88, in _run
    self._context.run(self._callback, *self._args)
  File "C:\Users\Hyperbook\miniconda3\Lib\asyncio\proactor_events.py", line 165, in _call_connection_lost
    self._sock.shutdown(socket.SHUT_RDWR)
ConnectionResetError: [WinError 10054] Istniejące połączenie zostało gwałtownie zamknięte przez zdalnego hosta
2026-04-13 19:16:03 | Process-5 | ERROR | asyncio | Exception in callback _ProactorBasePipeTransport._call_connection_lost(None)
handle: <Handle _ProactorBasePipeTransport._call_connection_lost(None)>
Traceback (most recent call last):
  File "C:\Users\Hyperbook\miniconda3\Lib\asyncio\events.py", line 88, in _run
    self._context.run(self._callback, *self._args)
  File "C:\Users\Hyperbook\miniconda3\Lib\asyncio\proactor_events.py", line 165, in _call_connection_lost
    self._sock.shutdown(socket.SHUT_RDWR)
ConnectionResetError: [WinError 10054] Istniejące połączenie zostało gwałtownie zamknięte przez zdalnego hosta
2026-04-13 19:16:03 | Process-5 | ERROR | asyncio | Exception in callback _ProactorBasePipeTransport._call_connection_lost(None)
handle: <Handle _ProactorBasePipeTransport._call_connection_lost(None)>
Traceback (most recent call last):
  File "C:\Users\Hyperbook\miniconda3\Lib\asyncio\events.py", line 88, in _run
    self._context.run(self._callback, *self._args)
  File "C:\Users\Hyperbook\miniconda3\Lib\asyncio\proactor_events.py", line 165, in _call_connection_lost
    self._sock.shutdown(socket.SHUT_RDWR)
ConnectionResetError: [WinError 10054] Istniejące połączenie zostało gwałtownie zamknięte przez zdalnego hosta
2026-04-13 19:16:03 | Process-5 | ERROR | asyncio | Exception in callback _ProactorBasePipeTransport._call_connection_lost(None)
handle: <Handle _ProactorBasePipeTransport._call_connection_lost(None)>
Traceback (most recent call last):
  File "C:\Users\Hyperbook\miniconda3\Lib\asyncio\events.py", line 88, in _run
    self._context.run(self._callback, *self._args)
  File "C:\Users\Hyperbook\miniconda3\Lib\asyncio\proactor_events.py", line 165, in _call_connection_lost
    self._sock.shutdown(socket.SHUT_RDWR)
ConnectionResetError: [WinError 10054] Istniejące połączenie zostało gwałtownie zamknięte przez zdalnego hosta
2026-04-13 19:16:06 | Process-5 | ERROR | asyncio | Exception in callback _ProactorBasePipeTransport._call_connection_lost(None)
handle: <Handle _ProactorBasePipeTransport._call_connection_lost(None)>
Traceback (most recent call last):
  File "C:\Users\Hyperbook\miniconda3\Lib\asyncio\events.py", line 88, in _run
    self._context.run(self._callback, *self._args)
  File "C:\Users\Hyperbook\miniconda3\Lib\asyncio\proactor_events.py", line 165, in _call_connection_lost
    self._sock.shutdown(socket.SHUT_RDWR)
ConnectionResetError: [WinError 10054] Istniejące połączenie zostało gwałtownie zamknięte przez zdalnego hosta
2026-04-13 19:16:10 | Process-5 | ERROR | asyncio | Exception in callback _ProactorBasePipeTransport._call_connection_lost(None)
handle: <Handle _ProactorBasePipeTransport._call_connection_lost(None)>
Traceback (most recent call last):
  File "C:\Users\Hyperbook\miniconda3\Lib\asyncio\events.py", line 88, in _run
    self._context.run(self._callback, *self._args)
  File "C:\Users\Hyperbook\miniconda3\Lib\asyncio\proactor_events.py", line 165, in _call_connection_lost
    self._sock.shutdown(socket.SHUT_RDWR)
ConnectionResetError: [WinError 10054] Istniejące połączenie zostało gwałtownie zamknięte przez zdalnego hosta
2026-04-13 19:16:11 | Process-5 | ERROR | asyncio | Exception in callback _ProactorBasePipeTransport._call_connection_lost(None)
handle: <Handle _ProactorBasePipeTransport._call_connection_lost(None)>
Traceback (most recent call last):
  File "C:\Users\Hyperbook\miniconda3\Lib\asyncio\events.py", line 88, in _run
    self._context.run(self._callback, *self._args)
  File "C:\Users\Hyperbook\miniconda3\Lib\asyncio\proactor_events.py", line 165, in _call_connection_lost
    self._sock.shutdown(socket.SHUT_RDWR)
ConnectionResetError: [WinError 10054] Istniejące połączenie zostało gwałtownie zamknięte przez zdalnego hosta
2026-04-13 19:16:14 | Process-5 | ERROR | asyncio | Exception in callback _ProactorBasePipeTransport._call_connection_lost(None)
handle: <Handle _ProactorBasePipeTransport._call_connection_lost(None)>
Traceback (most recent call last):
  File "C:\Users\Hyperbook\miniconda3\Lib\asyncio\events.py", line 88, in _run
    self._context.run(self._callback, *self._args)
  File "C:\Users\Hyperbook\miniconda3\Lib\asyncio\proactor_events.py", line 165, in _call_connection_lost
    self._sock.shutdown(socket.SHUT_RDWR)
ConnectionResetError: [WinError 10054] Istniejące połączenie zostało gwałtownie zamknięte przez zdalnego hosta
2026-04-13 19:16:14 | Process-5 | ERROR | asyncio | Exception in callback _ProactorBasePipeTransport._call_connection_lost(None)
handle: <Handle _ProactorBasePipeTransport._call_connection_lost(None)>
Traceback (most recent call last):
  File "C:\Users\Hyperbook\miniconda3\Lib\asyncio\events.py", line 88, in _run
    self._context.run(self._callback, *self._args)
  File "C:\Users\Hyperbook\miniconda3\Lib\asyncio\proactor_events.py", line 165, in _call_connection_lost
    self._sock.shutdown(socket.SHUT_RDWR)
ConnectionResetError: [WinError 10054] Istniejące połączenie zostało gwałtownie zamknięte przez zdalnego hosta
2026-04-13 19:16:16 | Process-5 | ERROR | asyncio | Exception in callback _ProactorBasePipeTransport._call_connection_lost(None)
handle: <Handle _ProactorBasePipeTransport._call_connection_lost(None)>
Traceback (most recent call last):
  File "C:\Users\Hyperbook\miniconda3\Lib\asyncio\events.py", line 88, in _run
    self._context.run(self._callback, *self._args)
  File "C:\Users\Hyperbook\miniconda3\Lib\asyncio\proactor_events.py", line 165, in _call_connection_lost
    self._sock.shutdown(socket.SHUT_RDWR)
ConnectionResetError: [WinError 10054] Istniejące połączenie zostało gwałtownie zamknięte przez zdalnego hosta
2026-04-13 19:16:17 | Process-5 | ERROR | asyncio | Exception in callback _ProactorBasePipeTransport._call_connection_lost(None)
handle: <Handle _ProactorBasePipeTransport._call_connection_lost(None)>
Traceback (most recent call last):
  File "C:\Users\Hyperbook\miniconda3\Lib\asyncio\events.py", line 88, in _run
    self._context.run(self._callback, *self._args)
  File "C:\Users\Hyperbook\miniconda3\Lib\asyncio\proactor_events.py", line 165, in _call_connection_lost
    self._sock.shutdown(socket.SHUT_RDWR)
ConnectionResetError: [WinError 10054] Istniejące połączenie zostało gwałtownie zamknięte przez zdalnego hosta
2026-04-13 19:16:18 | Process-5 | ERROR | asyncio | Exception in callback _ProactorBasePipeTransport._call_connection_lost(None)
handle: <Handle _ProactorBasePipeTransport._call_connection_lost(None)>
Traceback (most recent call last):
  File "C:\Users\Hyperbook\miniconda3\Lib\asyncio\events.py", line 88, in _run
    self._context.run(self._callback, *self._args)
  File "C:\Users\Hyperbook\miniconda3\Lib\asyncio\proactor_events.py", line 165, in _call_connection_lost
    self._sock.shutdown(socket.SHUT_RDWR)
ConnectionResetError: [WinError 10054] Istniejące połączenie zostało gwałtownie zamknięte przez zdalnego hosta
2026-04-13 19:16:18 | Process-5 | ERROR | asyncio | Exception in callback _ProactorBasePipeTransport._call_connection_lost(None)
handle: <Handle _ProactorBasePipeTransport._call_connection_lost(None)>
Traceback (most recent call last):
  File "C:\Users\Hyperbook\miniconda3\Lib\asyncio\events.py", line 88, in _run
    self._context.run(self._callback, *self._args)
  File "C:\Users\Hyperbook\miniconda3\Lib\asyncio\proactor_events.py", line 165, in _call_connection_lost
    self._sock.shutdown(socket.SHUT_RDWR)
ConnectionResetError: [WinError 10054] Istniejące połączenie zostało gwałtownie zamknięte przez zdalnego hosta
2026-04-13 19:16:20 | Process-5 | ERROR | asyncio | Exception in callback _ProactorBasePipeTransport._call_connection_lost(None)
handle: <Handle _ProactorBasePipeTransport._call_connection_lost(None)>
Traceback (most recent call last):
  File "C:\Users\Hyperbook\miniconda3\Lib\asyncio\events.py", line 88, in _run
    self._context.run(self._callback, *self._args)
  File "C:\Users\Hyperbook\miniconda3\Lib\asyncio\proactor_events.py", line 165, in _call_connection_lost
    self._sock.shutdown(socket.SHUT_RDWR)
ConnectionResetError: [WinError 10054] Istniejące połączenie zostało gwałtownie zamknięte przez zdalnego hosta
2026-04-13 19:16:20 | Process-5 | ERROR | asyncio | Exception in callback _ProactorBasePipeTransport._call_connection_lost(None)
handle: <Handle _ProactorBasePipeTransport._call_connection_lost(None)>
Traceback (most recent call last):
  File "C:\Users\Hyperbook\miniconda3\Lib\asyncio\events.py", line 88, in _run
    self._context.run(self._callback, *self._args)
  File "C:\Users\Hyperbook\miniconda3\Lib\asyncio\proactor_events.py", line 165, in _call_connection_lost
    self._sock.shutdown(socket.SHUT_RDWR)
ConnectionResetError: [WinError 10054] Istniejące połączenie zostało gwałtownie zamknięte przez zdalnego hosta
2026-04-13 19:16:20 | Process-5 | ERROR | asyncio | Exception in callback _ProactorBasePipeTransport._call_connection_lost(None)
handle: <Handle _ProactorBasePipeTransport._call_connection_lost(None)>
Traceback (most recent call last):
  File "C:\Users\Hyperbook\miniconda3\Lib\asyncio\events.py", line 88, in _run
    self._context.run(self._callback, *self._args)
  File "C:\Users\Hyperbook\miniconda3\Lib\asyncio\proactor_events.py", line 165, in _call_connection_lost
    self._sock.shutdown(socket.SHUT_RDWR)
ConnectionResetError: [WinError 10054] Istniejące połączenie zostało gwałtownie zamknięte przez zdalnego hosta
2026-04-13 19:16:22 | Process-5 | ERROR | asyncio | Exception in callback _ProactorBasePipeTransport._call_connection_lost(None)
handle: <Handle _ProactorBasePipeTransport._call_connection_lost(None)>
Traceback (most recent call last):
  File "C:\Users\Hyperbook\miniconda3\Lib\asyncio\events.py", line 88, in _run
    self._context.run(self._callback, *self._args)
  File "C:\Users\Hyperbook\miniconda3\Lib\asyncio\proactor_events.py", line 165, in _call_connection_lost
    self._sock.shutdown(socket.SHUT_RDWR)
ConnectionResetError: [WinError 10054] Istniejące połączenie zostało gwałtownie zamknięte przez zdalnego hosta
2026-04-13 19:16:24 | Process-5 | ERROR | asyncio | Exception in callback _ProactorBasePipeTransport._call_connection_lost(None)
handle: <Handle _ProactorBasePipeTransport._call_connection_lost(None)>
Traceback (most recent call last):
  File "C:\Users\Hyperbook\miniconda3\Lib\asyncio\events.py", line 88, in _run
    self._context.run(self._callback, *self._args)
  File "C:\Users\Hyperbook\miniconda3\Lib\asyncio\proactor_events.py", line 165, in _call_connection_lost
    self._sock.shutdown(socket.SHUT_RDWR)
ConnectionResetError: [WinError 10054] Istniejące połączenie zostało gwałtownie zamknięte przez zdalnego hosta
2026-04-13 19:16:28 | Process-5 | ERROR | asyncio | Exception in callback _ProactorBasePipeTransport._call_connection_lost(None)
handle: <Handle _ProactorBasePipeTransport._call_connection_lost(None)>
Traceback (most recent call last):
  File "C:\Users\Hyperbook\miniconda3\Lib\asyncio\events.py", line 88, in _run
    self._context.run(self._callback, *self._args)
  File "C:\Users\Hyperbook\miniconda3\Lib\asyncio\proactor_events.py", line 165, in _call_connection_lost
    self._sock.shutdown(socket.SHUT_RDWR)
ConnectionResetError: [WinError 10054] Istniejące połączenie zostało gwałtownie zamknięte przez zdalnego hosta
2026-04-13 19:16:28 | Process-5 | ERROR | asyncio | Exception in callback _ProactorBasePipeTransport._call_connection_lost(None)
handle: <Handle _ProactorBasePipeTransport._call_connection_lost(None)>
Traceback (most recent call last):
  File "C:\Users\Hyperbook\miniconda3\Lib\asyncio\events.py", line 88, in _run
    self._context.run(self._callback, *self._args)
  File "C:\Users\Hyperbook\miniconda3\Lib\asyncio\proactor_events.py", line 165, in _call_connection_lost
    self._sock.shutdown(socket.SHUT_RDWR)
ConnectionResetError: [WinError 10054] Istniejące połączenie zostało gwałtownie zamknięte przez zdalnego hosta
2026-04-13 19:16:28 | Process-5 | ERROR | asyncio | Exception in callback _ProactorBasePipeTransport._call_connection_lost(None)
handle: <Handle _ProactorBasePipeTransport._call_connection_lost(None)>
Traceback (most recent call last):
  File "C:\Users\Hyperbook\miniconda3\Lib\asyncio\events.py", line 88, in _run
    self._context.run(self._callback, *self._args)
  File "C:\Users\Hyperbook\miniconda3\Lib\asyncio\proactor_events.py", line 165, in _call_connection_lost
    self._sock.shutdown(socket.SHUT_RDWR)
ConnectionResetError: [WinError 10054] Istniejące połączenie zostało gwałtownie zamknięte przez zdalnego hosta
2026-04-13 19:16:33 | Process-5 | ERROR | asyncio | Exception in callback _ProactorBasePipeTransport._call_connection_lost(None)
handle: <Handle _ProactorBasePipeTransport._call_connection_lost(None)>
Traceback (most recent call last):
  File "C:\Users\Hyperbook\miniconda3\Lib\asyncio\events.py", line 88, in _run
    self._context.run(self._callback, *self._args)
  File "C:\Users\Hyperbook\miniconda3\Lib\asyncio\proactor_events.py", line 165, in _call_connection_lost
    self._sock.shutdown(socket.SHUT_RDWR)
ConnectionResetError: [WinError 10054] Istniejące połączenie zostało gwałtownie zamknięte przez zdalnego hosta
2026-04-13 19:16:36 | Process-5 | ERROR | asyncio | Exception in callback _ProactorBasePipeTransport._call_connection_lost(None)
handle: <Handle _ProactorBasePipeTransport._call_connection_lost(None)>
Traceback (most recent call last):
  File "C:\Users\Hyperbook\miniconda3\Lib\asyncio\events.py", line 88, in _run
    self._context.run(self._callback, *self._args)
  File "C:\Users\Hyperbook\miniconda3\Lib\asyncio\proactor_events.py", line 165, in _call_connection_lost
    self._sock.shutdown(socket.SHUT_RDWR)
ConnectionResetError: [WinError 10054] Istniejące połączenie zostało gwałtownie zamknięte przez zdalnego hosta
2026-04-13 19:16:41 | Process-5 | ERROR | asyncio | Exception in callback _ProactorBasePipeTransport._call_connection_lost(None)
handle: <Handle _ProactorBasePipeTransport._call_connection_lost(None)>
Traceback (most recent call last):
  File "C:\Users\Hyperbook\miniconda3\Lib\asyncio\events.py", line 88, in _run
    self._context.run(self._callback, *self._args)
  File "C:\Users\Hyperbook\miniconda3\Lib\asyncio\proactor_events.py", line 165, in _call_connection_lost
    self._sock.shutdown(socket.SHUT_RDWR)
ConnectionResetError: [WinError 10054] Istniejące połączenie zostało gwałtownie zamknięte przez zdalnego hosta
2026-04-13 19:16:42 | Process-5 | ERROR | asyncio | Exception in callback _ProactorBasePipeTransport._call_connection_lost(None)
handle: <Handle _ProactorBasePipeTransport._call_connection_lost(None)>
Traceback (most recent call last):
  File "C:\Users\Hyperbook\miniconda3\Lib\asyncio\events.py", line 88, in _run
    self._context.run(self._callback, *self._args)
  File "C:\Users\Hyperbook\miniconda3\Lib\asyncio\proactor_events.py", line 165, in _call_connection_lost
    self._sock.shutdown(socket.SHUT_RDWR)
ConnectionResetError: [WinError 10054] Istniejące połączenie zostało gwałtownie zamknięte przez zdalnego hosta
2026-04-13 19:16:42 | Process-5 | ERROR | asyncio | Exception in callback _ProactorBasePipeTransport._call_connection_lost(None)
handle: <Handle _ProactorBasePipeTransport._call_connection_lost(None)>
Traceback (most recent call last):
  File "C:\Users\Hyperbook\miniconda3\Lib\asyncio\events.py", line 88, in _run
    self._context.run(self._callback, *self._args)
  File "C:\Users\Hyperbook\miniconda3\Lib\asyncio\proactor_events.py", line 165, in _call_connection_lost
    self._sock.shutdown(socket.SHUT_RDWR)
ConnectionResetError: [WinError 10054] Istniejące połączenie zostało gwałtownie zamknięte przez zdalnego hosta
2026-04-13 19:16:48 | Process-5 | ERROR | asyncio | Exception in callback _ProactorBasePipeTransport._call_connection_lost(None)
handle: <Handle _ProactorBasePipeTransport._call_connection_lost(None)>
Traceback (most recent call last):
  File "C:\Users\Hyperbook\miniconda3\Lib\asyncio\events.py", line 88, in _run
    self._context.run(self._callback, *self._args)
  File "C:\Users\Hyperbook\miniconda3\Lib\asyncio\proactor_events.py", line 165, in _call_connection_lost
    self._sock.shutdown(socket.SHUT_RDWR)
ConnectionResetError: [WinError 10054] Istniejące połączenie zostało gwałtownie zamknięte przez zdalnego hosta
2026-04-13 19:16:49 | Process-5 | ERROR | asyncio | Exception in callback _ProactorBasePipeTransport._call_connection_lost(None)
handle: <Handle _ProactorBasePipeTransport._call_connection_lost(None)>
Traceback (most recent call last):
  File "C:\Users\Hyperbook\miniconda3\Lib\asyncio\events.py", line 88, in _run
    self._context.run(self._callback, *self._args)
  File "C:\Users\Hyperbook\miniconda3\Lib\asyncio\proactor_events.py", line 165, in _call_connection_lost
    self._sock.shutdown(socket.SHUT_RDWR)
ConnectionResetError: [WinError 10054] Istniejące połączenie zostało gwałtownie zamknięte przez zdalnego hosta
2026-04-13 19:16:50 | Process-5 | ERROR | asyncio | Exception in callback _ProactorBasePipeTransport._call_connection_lost(None)
handle: <Handle _ProactorBasePipeTransport._call_connection_lost(None)>
Traceback (most recent call last):
  File "C:\Users\Hyperbook\miniconda3\Lib\asyncio\events.py", line 88, in _run
    self._context.run(self._callback, *self._args)
  File "C:\Users\Hyperbook\miniconda3\Lib\asyncio\proactor_events.py", line 165, in _call_connection_lost
    self._sock.shutdown(socket.SHUT_RDWR)
ConnectionResetError: [WinError 10054] Istniejące połączenie zostało gwałtownie zamknięte przez zdalnego hosta
2026-04-13 19:16:51 | Process-5 | ERROR | asyncio | Exception in callback _ProactorBasePipeTransport._call_connection_lost(None)
handle: <Handle _ProactorBasePipeTransport._call_connection_lost(None)>
Traceback (most recent call last):
  File "C:\Users\Hyperbook\miniconda3\Lib\asyncio\events.py", line 88, in _run
    self._context.run(self._callback, *self._args)
  File "C:\Users\Hyperbook\miniconda3\Lib\asyncio\proactor_events.py", line 165, in _call_connection_lost
    self._sock.shutdown(socket.SHUT_RDWR)
ConnectionResetError: [WinError 10054] Istniejące połączenie zostało gwałtownie zamknięte przez zdalnego hosta
2026-04-13 19:16:55 | Process-5 | ERROR | asyncio | Exception in callback _ProactorBasePipeTransport._call_connection_lost(None)
handle: <Handle _ProactorBasePipeTransport._call_connection_lost(None)>
Traceback (most recent call last):
  File "C:\Users\Hyperbook\miniconda3\Lib\asyncio\events.py", line 88, in _run
    self._context.run(self._callback, *self._args)
  File "C:\Users\Hyperbook\miniconda3\Lib\asyncio\proactor_events.py", line 165, in _call_connection_lost
    self._sock.shutdown(socket.SHUT_RDWR)
ConnectionResetError: [WinError 10054] Istniejące połączenie zostało gwałtownie zamknięte przez zdalnego hosta
2026-04-13 19:16:55 | Process-5 | ERROR | asyncio | Exception in callback _ProactorBasePipeTransport._call_connection_lost(None)
handle: <Handle _ProactorBasePipeTransport._call_connection_lost(None)>
Traceback (most recent call last):
  File "C:\Users\Hyperbook\miniconda3\Lib\asyncio\events.py", line 88, in _run
    self._context.run(self._callback, *self._args)
  File "C:\Users\Hyperbook\miniconda3\Lib\asyncio\proactor_events.py", line 165, in _call_connection_lost
    self._sock.shutdown(socket.SHUT_RDWR)
ConnectionResetError: [WinError 10054] Istniejące połączenie zostało gwałtownie zamknięte przez zdalnego hosta
2026-04-13 19:16:58 | Process-5 | ERROR | asyncio | Exception in callback _ProactorBasePipeTransport._call_connection_lost(None)
handle: <Handle _ProactorBasePipeTransport._call_connection_lost(None)>
Traceback (most recent call last):
  File "C:\Users\Hyperbook\miniconda3\Lib\asyncio\events.py", line 88, in _run
    self._context.run(self._callback, *self._args)
  File "C:\Users\Hyperbook\miniconda3\Lib\asyncio\proactor_events.py", line 165, in _call_connection_lost
    self._sock.shutdown(socket.SHUT_RDWR)
ConnectionResetError: [WinError 10054] Istniejące połączenie zostało gwałtownie zamknięte przez zdalnego hosta
2026-04-13 19:17:01 | Process-5 | ERROR | asyncio | Exception in callback _ProactorBasePipeTransport._call_connection_lost(None)
handle: <Handle _ProactorBasePipeTransport._call_connection_lost(None)>
Traceback (most recent call last):
  File "C:\Users\Hyperbook\miniconda3\Lib\asyncio\events.py", line 88, in _run
    self._context.run(self._callback, *self._args)
  File "C:\Users\Hyperbook\miniconda3\Lib\asyncio\proactor_events.py", line 165, in _call_connection_lost
    self._sock.shutdown(socket.SHUT_RDWR)
ConnectionResetError: [WinError 10054] Istniejące połączenie zostało gwałtownie zamknięte przez zdalnego hosta
2026-04-13 19:17:05 | Process-5 | ERROR | asyncio | Exception in callback _ProactorBasePipeTransport._call_connection_lost(None)
handle: <Handle _ProactorBasePipeTransport._call_connection_lost(None)>
Traceback (most recent call last):
  File "C:\Users\Hyperbook\miniconda3\Lib\asyncio\events.py", line 88, in _run
    self._context.run(self._callback, *self._args)
  File "C:\Users\Hyperbook\miniconda3\Lib\asyncio\proactor_events.py", line 165, in _call_connection_lost
    self._sock.shutdown(socket.SHUT_RDWR)
ConnectionResetError: [WinError 10054] Istniejące połączenie zostało gwałtownie zamknięte przez zdalnego hosta
2026-04-13 19:17:08 | Process-5 | ERROR | asyncio | Exception in callback _ProactorBasePipeTransport._call_connection_lost(None)
handle: <Handle _ProactorBasePipeTransport._call_connection_lost(None)>
Traceback (most recent call last):
  File "C:\Users\Hyperbook\miniconda3\Lib\asyncio\events.py", line 88, in _run
    self._context.run(self._callback, *self._args)
  File "C:\Users\Hyperbook\miniconda3\Lib\asyncio\proactor_events.py", line 165, in _call_connection_lost
    self._sock.shutdown(socket.SHUT_RDWR)
ConnectionResetError: [WinError 10054] Istniejące połączenie zostało gwałtownie zamknięte przez zdalnego hosta
2026-04-13 19:17:09 | Process-5 | ERROR | asyncio | Exception in callback _ProactorBasePipeTransport._call_connection_lost(None)
handle: <Handle _ProactorBasePipeTransport._call_connection_lost(None)>
Traceback (most recent call last):
  File "C:\Users\Hyperbook\miniconda3\Lib\asyncio\events.py", line 88, in _run
    self._context.run(self._callback, *self._args)
  File "C:\Users\Hyperbook\miniconda3\Lib\asyncio\proactor_events.py", line 165, in _call_connection_lost
    self._sock.shutdown(socket.SHUT_RDWR)
ConnectionResetError: [WinError 10054] Istniejące połączenie zostało gwałtownie zamknięte przez zdalnego hosta
2026-04-13 19:17:09 | Process-5 | ERROR | asyncio | Exception in callback _ProactorBasePipeTransport._call_connection_lost(None)
handle: <Handle _ProactorBasePipeTransport._call_connection_lost(None)>
Traceback (most recent call last):
  File "C:\Users\Hyperbook\miniconda3\Lib\asyncio\events.py", line 88, in _run
    self._context.run(self._callback, *self._args)
  File "C:\Users\Hyperbook\miniconda3\Lib\asyncio\proactor_events.py", line 165, in _call_connection_lost
    self._sock.shutdown(socket.SHUT_RDWR)
ConnectionResetError: [WinError 10054] Istniejące połączenie zostało gwałtownie zamknięte przez zdalnego hosta
2026-04-13 19:17:09 | Process-5 | ERROR | asyncio | Exception in callback _ProactorBasePipeTransport._call_connection_lost(None)
handle: <Handle _ProactorBasePipeTransport._call_connection_lost(None)>
Traceback (most recent call last):
  File "C:\Users\Hyperbook\miniconda3\Lib\asyncio\events.py", line 88, in _run
    self._context.run(self._callback, *self._args)
  File "C:\Users\Hyperbook\miniconda3\Lib\asyncio\proactor_events.py", line 165, in _call_connection_lost
    self._sock.shutdown(socket.SHUT_RDWR)
ConnectionResetError: [WinError 10054] Istniejące połączenie zostało gwałtownie zamknięte przez zdalnego hosta
2026-04-13 19:17:10 | Process-5 | ERROR | asyncio | Exception in callback _ProactorBasePipeTransport._call_connection_lost(None)
handle: <Handle _ProactorBasePipeTransport._call_connection_lost(None)>
Traceback (most recent call last):
  File "C:\Users\Hyperbook\miniconda3\Lib\asyncio\events.py", line 88, in _run
    self._context.run(self._callback, *self._args)
  File "C:\Users\Hyperbook\miniconda3\Lib\asyncio\proactor_events.py", line 165, in _call_connection_lost
    self._sock.shutdown(socket.SHUT_RDWR)
ConnectionResetError: [WinError 10054] Istniejące połączenie zostało gwałtownie zamknięte przez zdalnego hosta
2026-04-13 19:17:11 | Process-5 | ERROR | asyncio | Exception in callback _ProactorBasePipeTransport._call_connection_lost(None)
handle: <Handle _ProactorBasePipeTransport._call_connection_lost(None)>
Traceback (most recent call last):
  File "C:\Users\Hyperbook\miniconda3\Lib\asyncio\events.py", line 88, in _run
    self._context.run(self._callback, *self._args)
  File "C:\Users\Hyperbook\miniconda3\Lib\asyncio\proactor_events.py", line 165, in _call_connection_lost
    self._sock.shutdown(socket.SHUT_RDWR)
ConnectionResetError: [WinError 10054] Istniejące połączenie zostało gwałtownie zamknięte przez zdalnego hosta
2026-04-13 19:17:11 | Process-5 | ERROR | asyncio | Exception in callback _ProactorBasePipeTransport._call_connection_lost(None)
handle: <Handle _ProactorBasePipeTransport._call_connection_lost(None)>
Traceback (most recent call last):
  File "C:\Users\Hyperbook\miniconda3\Lib\asyncio\events.py", line 88, in _run
    self._context.run(self._callback, *self._args)
  File "C:\Users\Hyperbook\miniconda3\Lib\asyncio\proactor_events.py", line 165, in _call_connection_lost
    self._sock.shutdown(socket.SHUT_RDWR)
ConnectionResetError: [WinError 10054] Istniejące połączenie zostało gwałtownie zamknięte przez zdalnego hosta
2026-04-13 19:17:12 | Process-5 | ERROR | asyncio | Exception in callback _ProactorBasePipeTransport._call_connection_lost(None)
handle: <Handle _ProactorBasePipeTransport._call_connection_lost(None)>
Traceback (most recent call last):
  File "C:\Users\Hyperbook\miniconda3\Lib\asyncio\events.py", line 88, in _run
    self._context.run(self._callback, *self._args)
  File "C:\Users\Hyperbook\miniconda3\Lib\asyncio\proactor_events.py", line 165, in _call_connection_lost
    self._sock.shutdown(socket.SHUT_RDWR)
ConnectionResetError: [WinError 10054] Istniejące połączenie zostało gwałtownie zamknięte przez zdalnego hosta
2026-04-13 19:17:12 | Process-5 | ERROR | asyncio | Exception in callback _ProactorBasePipeTransport._call_connection_lost(None)
handle: <Handle _ProactorBasePipeTransport._call_connection_lost(None)>
Traceback (most recent call last):
  File "C:\Users\Hyperbook\miniconda3\Lib\asyncio\events.py", line 88, in _run
    self._context.run(self._callback, *self._args)
  File "C:\Users\Hyperbook\miniconda3\Lib\asyncio\proactor_events.py", line 165, in _call_connection_lost
    self._sock.shutdown(socket.SHUT_RDWR)
ConnectionResetError: [WinError 10054] Istniejące połączenie zostało gwałtownie zamknięte przez zdalnego hosta
2026-04-13 19:17:13 | Process-5 | ERROR | asyncio | Exception in callback _ProactorBasePipeTransport._call_connection_lost(None)
handle: <Handle _ProactorBasePipeTransport._call_connection_lost(None)>
Traceback (most recent call last):
  File "C:\Users\Hyperbook\miniconda3\Lib\asyncio\events.py", line 88, in _run
    self._context.run(self._callback, *self._args)
  File "C:\Users\Hyperbook\miniconda3\Lib\asyncio\proactor_events.py", line 165, in _call_connection_lost
    self._sock.shutdown(socket.SHUT_RDWR)
ConnectionResetError: [WinError 10054] Istniejące połączenie zostało gwałtownie zamknięte przez zdalnego hosta
2026-04-13 19:17:13 | Process-5 | ERROR | asyncio | Exception in callback _ProactorBasePipeTransport._call_connection_lost(None)
handle: <Handle _ProactorBasePipeTransport._call_connection_lost(None)>
Traceback (most recent call last):
  File "C:\Users\Hyperbook\miniconda3\Lib\asyncio\events.py", line 88, in _run
    self._context.run(self._callback, *self._args)
  File "C:\Users\Hyperbook\miniconda3\Lib\asyncio\proactor_events.py", line 165, in _call_connection_lost
    self._sock.shutdown(socket.SHUT_RDWR)
ConnectionResetError: [WinError 10054] Istniejące połączenie zostało gwałtownie zamknięte przez zdalnego hosta
2026-04-13 19:17:14 | Process-5 | ERROR | asyncio | Exception in callback _ProactorBasePipeTransport._call_connection_lost(None)
handle: <Handle _ProactorBasePipeTransport._call_connection_lost(None)>
Traceback (most recent call last):
  File "C:\Users\Hyperbook\miniconda3\Lib\asyncio\events.py", line 88, in _run
    self._context.run(self._callback, *self._args)
  File "C:\Users\Hyperbook\miniconda3\Lib\asyncio\proactor_events.py", line 165, in _call_connection_lost
    self._sock.shutdown(socket.SHUT_RDWR)
ConnectionResetError: [WinError 10054] Istniejące połączenie zostało gwałtownie zamknięte przez zdalnego hosta
2026-04-13 19:17:14 | Process-5 | ERROR | asyncio | Exception in callback _ProactorBasePipeTransport._call_connection_lost(None)
handle: <Handle _ProactorBasePipeTransport._call_connection_lost(None)>
Traceback (most recent call last):
  File "C:\Users\Hyperbook\miniconda3\Lib\asyncio\events.py", line 88, in _run
    self._context.run(self._callback, *self._args)
  File "C:\Users\Hyperbook\miniconda3\Lib\asyncio\proactor_events.py", line 165, in _call_connection_lost
    self._sock.shutdown(socket.SHUT_RDWR)
ConnectionResetError: [WinError 10054] Istniejące połączenie zostało gwałtownie zamknięte przez zdalnego hosta
2026-04-13 19:17:15 | Process-5 | ERROR | asyncio | Exception in callback _ProactorBasePipeTransport._call_connection_lost(None)
handle: <Handle _ProactorBasePipeTransport._call_connection_lost(None)>
Traceback (most recent call last):
  File "C:\Users\Hyperbook\miniconda3\Lib\asyncio\events.py", line 88, in _run
    self._context.run(self._callback, *self._args)
  File "C:\Users\Hyperbook\miniconda3\Lib\asyncio\proactor_events.py", line 165, in _call_connection_lost
    self._sock.shutdown(socket.SHUT_RDWR)
ConnectionResetError: [WinError 10054] Istniejące połączenie zostało gwałtownie zamknięte przez zdalnego hosta
2026-04-13 19:17:18 | Process-5 | ERROR | asyncio | Exception in callback _ProactorBasePipeTransport._call_connection_lost(None)
handle: <Handle _ProactorBasePipeTransport._call_connection_lost(None)>
Traceback (most recent call last):
  File "C:\Users\Hyperbook\miniconda3\Lib\asyncio\events.py", line 88, in _run
    self._context.run(self._callback, *self._args)
  File "C:\Users\Hyperbook\miniconda3\Lib\asyncio\proactor_events.py", line 165, in _call_connection_lost
    self._sock.shutdown(socket.SHUT_RDWR)
ConnectionResetError: [WinError 10054] Istniejące połączenie zostało gwałtownie zamknięte przez zdalnego hosta
2026-04-13 19:17:19 | Process-5 | ERROR | asyncio | Exception in callback _ProactorBasePipeTransport._call_connection_lost(None)
handle: <Handle _ProactorBasePipeTransport._call_connection_lost(None)>
Traceback (most recent call last):
  File "C:\Users\Hyperbook\miniconda3\Lib\asyncio\events.py", line 88, in _run
    self._context.run(self._callback, *self._args)
  File "C:\Users\Hyperbook\miniconda3\Lib\asyncio\proactor_events.py", line 165, in _call_connection_lost
    self._sock.shutdown(socket.SHUT_RDWR)
ConnectionResetError: [WinError 10054] Istniejące połączenie zostało gwałtownie zamknięte przez zdalnego hosta
2026-04-13 19:17:21 | Process-5 | ERROR | asyncio | Exception in callback _ProactorBasePipeTransport._call_connection_lost(None)
handle: <Handle _ProactorBasePipeTransport._call_connection_lost(None)>
Traceback (most recent call last):
  File "C:\Users\Hyperbook\miniconda3\Lib\asyncio\events.py", line 88, in _run
    self._context.run(self._callback, *self._args)
  File "C:\Users\Hyperbook\miniconda3\Lib\asyncio\proactor_events.py", line 165, in _call_connection_lost
    self._sock.shutdown(socket.SHUT_RDWR)
ConnectionResetError: [WinError 10054] Istniejące połączenie zostało gwałtownie zamknięte przez zdalnego hosta
2026-04-13 19:17:22 | Process-5 | ERROR | asyncio | Exception in callback _ProactorBasePipeTransport._call_connection_lost(None)
handle: <Handle _ProactorBasePipeTransport._call_connection_lost(None)>
Traceback (most recent call last):
  File "C:\Users\Hyperbook\miniconda3\Lib\asyncio\events.py", line 88, in _run
    self._context.run(self._callback, *self._args)
  File "C:\Users\Hyperbook\miniconda3\Lib\asyncio\proactor_events.py", line 165, in _call_connection_lost
    self._sock.shutdown(socket.SHUT_RDWR)
ConnectionResetError: [WinError 10054] Istniejące połączenie zostało gwałtownie zamknięte przez zdalnego hosta
2026-04-13 19:17:22 | Process-5 | ERROR | asyncio | Exception in callback _ProactorBasePipeTransport._call_connection_lost(None)
handle: <Handle _ProactorBasePipeTransport._call_connection_lost(None)>
Traceback (most recent call last):
  File "C:\Users\Hyperbook\miniconda3\Lib\asyncio\events.py", line 88, in _run
    self._context.run(self._callback, *self._args)
  File "C:\Users\Hyperbook\miniconda3\Lib\asyncio\proactor_events.py", line 165, in _call_connection_lost
    self._sock.shutdown(socket.SHUT_RDWR)
ConnectionResetError: [WinError 10054] Istniejące połączenie zostało gwałtownie zamknięte przez zdalnego hosta
2026-04-13 19:17:22 | Process-5 | ERROR | asyncio | Exception in callback _ProactorBasePipeTransport._call_connection_lost(None)
handle: <Handle _ProactorBasePipeTransport._call_connection_lost(None)>
Traceback (most recent call last):
  File "C:\Users\Hyperbook\miniconda3\Lib\asyncio\events.py", line 88, in _run
    self._context.run(self._callback, *self._args)
  File "C:\Users\Hyperbook\miniconda3\Lib\asyncio\proactor_events.py", line 165, in _call_connection_lost
    self._sock.shutdown(socket.SHUT_RDWR)
ConnectionResetError: [WinError 10054] Istniejące połączenie zostało gwałtownie zamknięte przez zdalnego hosta
2026-04-13 19:17:23 | Process-5 | ERROR | asyncio | Exception in callback _ProactorBasePipeTransport._call_connection_lost(None)
handle: <Handle _ProactorBasePipeTransport._call_connection_lost(None)>
Traceback (most recent call last):
  File "C:\Users\Hyperbook\miniconda3\Lib\asyncio\events.py", line 88, in _run
    self._context.run(self._callback, *self._args)
  File "C:\Users\Hyperbook\miniconda3\Lib\asyncio\proactor_events.py", line 165, in _call_connection_lost
    self._sock.shutdown(socket.SHUT_RDWR)
ConnectionResetError: [WinError 10054] Istniejące połączenie zostało gwałtownie zamknięte przez zdalnego hosta
2026-04-13 19:17:24 | Process-5 | ERROR | asyncio | Exception in callback _ProactorBasePipeTransport._call_connection_lost(None)
handle: <Handle _ProactorBasePipeTransport._call_connection_lost(None)>
Traceback (most recent call last):
  File "C:\Users\Hyperbook\miniconda3\Lib\asyncio\events.py", line 88, in _run
    self._context.run(self._callback, *self._args)
  File "C:\Users\Hyperbook\miniconda3\Lib\asyncio\proactor_events.py", line 165, in _call_connection_lost
    self._sock.shutdown(socket.SHUT_RDWR)
ConnectionResetError: [WinError 10054] Istniejące połączenie zostało gwałtownie zamknięte przez zdalnego hosta
2026-04-13 19:17:27 | Process-5 | ERROR | asyncio | Exception in callback _ProactorBasePipeTransport._call_connection_lost(None)
handle: <Handle _ProactorBasePipeTransport._call_connection_lost(None)>
Traceback (most recent call last):
  File "C:\Users\Hyperbook\miniconda3\Lib\asyncio\events.py", line 88, in _run
    self._context.run(self._callback, *self._args)
  File "C:\Users\Hyperbook\miniconda3\Lib\asyncio\proactor_events.py", line 165, in _call_connection_lost
    self._sock.shutdown(socket.SHUT_RDWR)
ConnectionResetError: [WinError 10054] Istniejące połączenie zostało gwałtownie zamknięte przez zdalnego hosta
2026-04-13 19:17:27 | Process-5 | ERROR | asyncio | Exception in callback _ProactorBasePipeTransport._call_connection_lost(None)
handle: <Handle _ProactorBasePipeTransport._call_connection_lost(None)>
Traceback (most recent call last):
  File "C:\Users\Hyperbook\miniconda3\Lib\asyncio\events.py", line 88, in _run
    self._context.run(self._callback, *self._args)
  File "C:\Users\Hyperbook\miniconda3\Lib\asyncio\proactor_events.py", line 165, in _call_connection_lost
    self._sock.shutdown(socket.SHUT_RDWR)
ConnectionResetError: [WinError 10054] Istniejące połączenie zostało gwałtownie zamknięte przez zdalnego hosta
2026-04-13 19:17:28 | Process-5 | ERROR | asyncio | Exception in callback _ProactorBasePipeTransport._call_connection_lost(None)
handle: <Handle _ProactorBasePipeTransport._call_connection_lost(None)>
Traceback (most recent call last):
  File "C:\Users\Hyperbook\miniconda3\Lib\asyncio\events.py", line 88, in _run
    self._context.run(self._callback, *self._args)
  File "C:\Users\Hyperbook\miniconda3\Lib\asyncio\proactor_events.py", line 165, in _call_connection_lost
    self._sock.shutdown(socket.SHUT_RDWR)
ConnectionResetError: [WinError 10054] Istniejące połączenie zostało gwałtownie zamknięte przez zdalnego hosta
2026-04-13 19:17:31 | Process-5 | ERROR | asyncio | Exception in callback _ProactorBasePipeTransport._call_connection_lost(None)
handle: <Handle _ProactorBasePipeTransport._call_connection_lost(None)>
Traceback (most recent call last):
  File "C:\Users\Hyperbook\miniconda3\Lib\asyncio\events.py", line 88, in _run
    self._context.run(self._callback, *self._args)
  File "C:\Users\Hyperbook\miniconda3\Lib\asyncio\proactor_events.py", line 165, in _call_connection_lost
    self._sock.shutdown(socket.SHUT_RDWR)
ConnectionResetError: [WinError 10054] Istniejące połączenie zostało gwałtownie zamknięte przez zdalnego hosta
2026-04-13 19:17:33 | Process-5 | ERROR | asyncio | Exception in callback _ProactorBasePipeTransport._call_connection_lost(None)
handle: <Handle _ProactorBasePipeTransport._call_connection_lost(None)>
Traceback (most recent call last):
  File "C:\Users\Hyperbook\miniconda3\Lib\asyncio\events.py", line 88, in _run
    self._context.run(self._callback, *self._args)
  File "C:\Users\Hyperbook\miniconda3\Lib\asyncio\proactor_events.py", line 165, in _call_connection_lost
    self._sock.shutdown(socket.SHUT_RDWR)
ConnectionResetError: [WinError 10054] Istniejące połączenie zostało gwałtownie zamknięte przez zdalnego hosta
2026-04-13 19:17:34 | Process-5 | ERROR | asyncio | Exception in callback _ProactorBasePipeTransport._call_connection_lost(None)
handle: <Handle _ProactorBasePipeTransport._call_connection_lost(None)>
Traceback (most recent call last):
  File "C:\Users\Hyperbook\miniconda3\Lib\asyncio\events.py", line 88, in _run
    self._context.run(self._callback, *self._args)
  File "C:\Users\Hyperbook\miniconda3\Lib\asyncio\proactor_events.py", line 165, in _call_connection_lost
    self._sock.shutdown(socket.SHUT_RDWR)
ConnectionResetError: [WinError 10054] Istniejące połączenie zostało gwałtownie zamknięte przez zdalnego hosta
2026-04-13 19:17:36 | Process-5 | ERROR | asyncio | Exception in callback _ProactorBasePipeTransport._call_connection_lost(None)
handle: <Handle _ProactorBasePipeTransport._call_connection_lost(None)>
Traceback (most recent call last):
  File "C:\Users\Hyperbook\miniconda3\Lib\asyncio\events.py", line 88, in _run
    self._context.run(self._callback, *self._args)
  File "C:\Users\Hyperbook\miniconda3\Lib\asyncio\proactor_events.py", line 165, in _call_connection_lost
    self._sock.shutdown(socket.SHUT_RDWR)
ConnectionResetError: [WinError 10054] Istniejące połączenie zostało gwałtownie zamknięte przez zdalnego hosta
2026-04-13 19:17:40 | Process-5 | ERROR | asyncio | Exception in callback _ProactorBasePipeTransport._call_connection_lost(None)
handle: <Handle _ProactorBasePipeTransport._call_connection_lost(None)>
Traceback (most recent call last):
  File "C:\Users\Hyperbook\miniconda3\Lib\asyncio\events.py", line 88, in _run
    self._context.run(self._callback, *self._args)
  File "C:\Users\Hyperbook\miniconda3\Lib\asyncio\proactor_events.py", line 165, in _call_connection_lost
    self._sock.shutdown(socket.SHUT_RDWR)
ConnectionResetError: [WinError 10054] Istniejące połączenie zostało gwałtownie zamknięte przez zdalnego hosta
2026-04-13 19:17:41 | Process-5 | ERROR | asyncio | Exception in callback _ProactorBasePipeTransport._call_connection_lost(None)
handle: <Handle _ProactorBasePipeTransport._call_connection_lost(None)>
Traceback (most recent call last):
  File "C:\Users\Hyperbook\miniconda3\Lib\asyncio\events.py", line 88, in _run
    self._context.run(self._callback, *self._args)
  File "C:\Users\Hyperbook\miniconda3\Lib\asyncio\proactor_events.py", line 165, in _call_connection_lost
    self._sock.shutdown(socket.SHUT_RDWR)
ConnectionResetError: [WinError 10054] Istniejące połączenie zostało gwałtownie zamknięte przez zdalnego hosta
2026-04-13 19:17:41 | Process-5 | ERROR | asyncio | Exception in callback _ProactorBasePipeTransport._call_connection_lost(None)
handle: <Handle _ProactorBasePipeTransport._call_connection_lost(None)>
Traceback (most recent call last):
  File "C:\Users\Hyperbook\miniconda3\Lib\asyncio\events.py", line 88, in _run
    self._context.run(self._callback, *self._args)
  File "C:\Users\Hyperbook\miniconda3\Lib\asyncio\proactor_events.py", line 165, in _call_connection_lost
    self._sock.shutdown(socket.SHUT_RDWR)
ConnectionResetError: [WinError 10054] Istniejące połączenie zostało gwałtownie zamknięte przez zdalnego hosta
2026-04-13 19:17:43 | Process-5 | ERROR | asyncio | Exception in callback _ProactorBasePipeTransport._call_connection_lost(None)
handle: <Handle _ProactorBasePipeTransport._call_connection_lost(None)>
Traceback (most recent call last):
  File "C:\Users\Hyperbook\miniconda3\Lib\asyncio\events.py", line 88, in _run
    self._context.run(self._callback, *self._args)
  File "C:\Users\Hyperbook\miniconda3\Lib\asyncio\proactor_events.py", line 165, in _call_connection_lost
    self._sock.shutdown(socket.SHUT_RDWR)
ConnectionResetError: [WinError 10054] Istniejące połączenie zostało gwałtownie zamknięte przez zdalnego hosta
2026-04-13 19:17:50 | Process-5 | ERROR | asyncio | Exception in callback _ProactorBasePipeTransport._call_connection_lost(None)
handle: <Handle _ProactorBasePipeTransport._call_connection_lost(None)>
Traceback (most recent call last):
  File "C:\Users\Hyperbook\miniconda3\Lib\asyncio\events.py", line 88, in _run
    self._context.run(self._callback, *self._args)
  File "C:\Users\Hyperbook\miniconda3\Lib\asyncio\proactor_events.py", line 165, in _call_connection_lost
    self._sock.shutdown(socket.SHUT_RDWR)
ConnectionResetError: [WinError 10054] Istniejące połączenie zostało gwałtownie zamknięte przez zdalnego hosta
2026-04-13 19:17:51 | Process-5 | ERROR | asyncio | Exception in callback _ProactorBasePipeTransport._call_connection_lost(None)
handle: <Handle _ProactorBasePipeTransport._call_connection_lost(None)>
Traceback (most recent call last):
  File "C:\Users\Hyperbook\miniconda3\Lib\asyncio\events.py", line 88, in _run
    self._context.run(self._callback, *self._args)
  File "C:\Users\Hyperbook\miniconda3\Lib\asyncio\proactor_events.py", line 165, in _call_connection_lost
    self._sock.shutdown(socket.SHUT_RDWR)
ConnectionResetError: [WinError 10054] Istniejące połączenie zostało gwałtownie zamknięte przez zdalnego hosta
2026-04-13 19:17:54 | Process-5 | ERROR | asyncio | Exception in callback _ProactorBasePipeTransport._call_connection_lost(None)
handle: <Handle _ProactorBasePipeTransport._call_connection_lost(None)>
Traceback (most recent call last):
  File "C:\Users\Hyperbook\miniconda3\Lib\asyncio\events.py", line 88, in _run
    self._context.run(self._callback, *self._args)
  File "C:\Users\Hyperbook\miniconda3\Lib\asyncio\proactor_events.py", line 165, in _call_connection_lost
    self._sock.shutdown(socket.SHUT_RDWR)
ConnectionResetError: [WinError 10054] Istniejące połączenie zostało gwałtownie zamknięte przez zdalnego hosta
2026-04-13 19:17:54 | Process-5 | ERROR | asyncio | Exception in callback _ProactorBasePipeTransport._call_connection_lost(None)
handle: <Handle _ProactorBasePipeTransport._call_connection_lost(None)>
Traceback (most recent call last):
  File "C:\Users\Hyperbook\miniconda3\Lib\asyncio\events.py", line 88, in _run
    self._context.run(self._callback, *self._args)
  File "C:\Users\Hyperbook\miniconda3\Lib\asyncio\proactor_events.py", line 165, in _call_connection_lost
    self._sock.shutdown(socket.SHUT_RDWR)
ConnectionResetError: [WinError 10054] Istniejące połączenie zostało gwałtownie zamknięte przez zdalnego hosta
2026-04-13 19:17:55 | Process-5 | ERROR | asyncio | Exception in callback _ProactorBasePipeTransport._call_connection_lost(None)
handle: <Handle _ProactorBasePipeTransport._call_connection_lost(None)>
Traceback (most recent call last):
  File "C:\Users\Hyperbook\miniconda3\Lib\asyncio\events.py", line 88, in _run
    self._context.run(self._callback, *self._args)
  File "C:\Users\Hyperbook\miniconda3\Lib\asyncio\proactor_events.py", line 165, in _call_connection_lost
    self._sock.shutdown(socket.SHUT_RDWR)
ConnectionResetError: [WinError 10054] Istniejące połączenie zostało gwałtownie zamknięte przez zdalnego hosta
2026-04-13 19:17:57 | Process-5 | ERROR | asyncio | Exception in callback _ProactorBasePipeTransport._call_connection_lost(None)
handle: <Handle _ProactorBasePipeTransport._call_connection_lost(None)>
Traceback (most recent call last):
  File "C:\Users\Hyperbook\miniconda3\Lib\asyncio\events.py", line 88, in _run
    self._context.run(self._callback, *self._args)
  File "C:\Users\Hyperbook\miniconda3\Lib\asyncio\proactor_events.py", line 165, in _call_connection_lost
    self._sock.shutdown(socket.SHUT_RDWR)
ConnectionResetError: [WinError 10054] Istniejące połączenie zostało gwałtownie zamknięte przez zdalnego hosta
2026-04-13 19:17:59 | Process-5 | ERROR | asyncio | Exception in callback _ProactorBasePipeTransport._call_connection_lost(None)
handle: <Handle _ProactorBasePipeTransport._call_connection_lost(None)>
Traceback (most recent call last):
  File "C:\Users\Hyperbook\miniconda3\Lib\asyncio\events.py", line 88, in _run
    self._context.run(self._callback, *self._args)
  File "C:\Users\Hyperbook\miniconda3\Lib\asyncio\proactor_events.py", line 165, in _call_connection_lost
    self._sock.shutdown(socket.SHUT_RDWR)
ConnectionResetError: [WinError 10054] Istniejące połączenie zostało gwałtownie zamknięte przez zdalnego hosta
2026-04-13 19:18:00 | Process-5 | ERROR | asyncio | Exception in callback _ProactorBasePipeTransport._call_connection_lost(None)
handle: <Handle _ProactorBasePipeTransport._call_connection_lost(None)>
Traceback (most recent call last):
  File "C:\Users\Hyperbook\miniconda3\Lib\asyncio\events.py", line 88, in _run
    self._context.run(self._callback, *self._args)
  File "C:\Users\Hyperbook\miniconda3\Lib\asyncio\proactor_events.py", line 165, in _call_connection_lost
    self._sock.shutdown(socket.SHUT_RDWR)
ConnectionResetError: [WinError 10054] Istniejące połączenie zostało gwałtownie zamknięte przez zdalnego hosta
2026-04-13 19:18:01 | Process-5 | ERROR | asyncio | Exception in callback _ProactorBasePipeTransport._call_connection_lost(None)
handle: <Handle _ProactorBasePipeTransport._call_connection_lost(None)>
Traceback (most recent call last):
  File "C:\Users\Hyperbook\miniconda3\Lib\asyncio\events.py", line 88, in _run
    self._context.run(self._callback, *self._args)
  File "C:\Users\Hyperbook\miniconda3\Lib\asyncio\proactor_events.py", line 165, in _call_connection_lost
    self._sock.shutdown(socket.SHUT_RDWR)
ConnectionResetError: [WinError 10054] Istniejące połączenie zostało gwałtownie zamknięte przez zdalnego hosta
2026-04-13 19:18:04 | Process-5 | ERROR | asyncio | Exception in callback _ProactorBasePipeTransport._call_connection_lost(None)
handle: <Handle _ProactorBasePipeTransport._call_connection_lost(None)>
Traceback (most recent call last):
  File "C:\Users\Hyperbook\miniconda3\Lib\asyncio\events.py", line 88, in _run
    self._context.run(self._callback, *self._args)
  File "C:\Users\Hyperbook\miniconda3\Lib\asyncio\proactor_events.py", line 165, in _call_connection_lost
    self._sock.shutdown(socket.SHUT_RDWR)
ConnectionResetError: [WinError 10054] Istniejące połączenie zostało gwałtownie zamknięte przez zdalnego hosta
2026-04-13 19:18:06 | Process-5 | ERROR | asyncio | Exception in callback _ProactorBasePipeTransport._call_connection_lost(None)
handle: <Handle _ProactorBasePipeTransport._call_connection_lost(None)>
Traceback (most recent call last):
  File "C:\Users\Hyperbook\miniconda3\Lib\asyncio\events.py", line 88, in _run
    self._context.run(self._callback, *self._args)
  File "C:\Users\Hyperbook\miniconda3\Lib\asyncio\proactor_events.py", line 165, in _call_connection_lost
    self._sock.shutdown(socket.SHUT_RDWR)
ConnectionResetError: [WinError 10054] Istniejące połączenie zostało gwałtownie zamknięte przez zdalnego hosta
2026-04-13 19:18:08 | Process-5 | ERROR | asyncio | Exception in callback _ProactorBasePipeTransport._call_connection_lost(None)
handle: <Handle _ProactorBasePipeTransport._call_connection_lost(None)>
Traceback (most recent call last):
  File "C:\Users\Hyperbook\miniconda3\Lib\asyncio\events.py", line 88, in _run
    self._context.run(self._callback, *self._args)
  File "C:\Users\Hyperbook\miniconda3\Lib\asyncio\proactor_events.py", line 165, in _call_connection_lost
    self._sock.shutdown(socket.SHUT_RDWR)
ConnectionResetError: [WinError 10054] Istniejące połączenie zostało gwałtownie zamknięte przez zdalnego hosta
2026-04-13 19:18:14 | Process-5 | ERROR | asyncio | Exception in callback _ProactorBasePipeTransport._call_connection_lost(None)
handle: <Handle _ProactorBasePipeTransport._call_connection_lost(None)>
Traceback (most recent call last):
  File "C:\Users\Hyperbook\miniconda3\Lib\asyncio\events.py", line 88, in _run
    self._context.run(self._callback, *self._args)
  File "C:\Users\Hyperbook\miniconda3\Lib\asyncio\proactor_events.py", line 165, in _call_connection_lost
    self._sock.shutdown(socket.SHUT_RDWR)
ConnectionResetError: [WinError 10054] Istniejące połączenie zostało gwałtownie zamknięte przez zdalnego hosta
2026-04-13 19:18:18 | Process-5 | ERROR | asyncio | Exception in callback _ProactorBasePipeTransport._call_connection_lost(None)
handle: <Handle _ProactorBasePipeTransport._call_connection_lost(None)>
Traceback (most recent call last):
  File "C:\Users\Hyperbook\miniconda3\Lib\asyncio\events.py", line 88, in _run
    self._context.run(self._callback, *self._args)
  File "C:\Users\Hyperbook\miniconda3\Lib\asyncio\proactor_events.py", line 165, in _call_connection_lost
    self._sock.shutdown(socket.SHUT_RDWR)
ConnectionResetError: [WinError 10054] Istniejące połączenie zostało gwałtownie zamknięte przez zdalnego hosta
2026-04-13 19:18:19 | Process-5 | ERROR | asyncio | Exception in callback _ProactorBasePipeTransport._call_connection_lost(None)
handle: <Handle _ProactorBasePipeTransport._call_connection_lost(None)>
Traceback (most recent call last):
  File "C:\Users\Hyperbook\miniconda3\Lib\asyncio\events.py", line 88, in _run
    self._context.run(self._callback, *self._args)
  File "C:\Users\Hyperbook\miniconda3\Lib\asyncio\proactor_events.py", line 165, in _call_connection_lost
    self._sock.shutdown(socket.SHUT_RDWR)
ConnectionResetError: [WinError 10054] Istniejące połączenie zostało gwałtownie zamknięte przez zdalnego hosta
2026-04-13 19:18:22 | Process-5 | ERROR | asyncio | Exception in callback _ProactorBasePipeTransport._call_connection_lost(None)
handle: <Handle _ProactorBasePipeTransport._call_connection_lost(None)>
Traceback (most recent call last):
  File "C:\Users\Hyperbook\miniconda3\Lib\asyncio\events.py", line 88, in _run
    self._context.run(self._callback, *self._args)
  File "C:\Users\Hyperbook\miniconda3\Lib\asyncio\proactor_events.py", line 165, in _call_connection_lost
    self._sock.shutdown(socket.SHUT_RDWR)
ConnectionResetError: [WinError 10054] Istniejące połączenie zostało gwałtownie zamknięte przez zdalnego hosta
2026-04-13 19:18:30 | Process-5 | ERROR | asyncio | Exception in callback _ProactorBasePipeTransport._call_connection_lost(None)
handle: <Handle _ProactorBasePipeTransport._call_connection_lost(None)>
Traceback (most recent call last):
  File "C:\Users\Hyperbook\miniconda3\Lib\asyncio\events.py", line 88, in _run
    self._context.run(self._callback, *self._args)
  File "C:\Users\Hyperbook\miniconda3\Lib\asyncio\proactor_events.py", line 165, in _call_connection_lost
    self._sock.shutdown(socket.SHUT_RDWR)
ConnectionResetError: [WinError 10054] Istniejące połączenie zostało gwałtownie zamknięte przez zdalnego hosta
2026-04-13 19:18:32 | Process-5 | ERROR | asyncio | Exception in callback _ProactorBasePipeTransport._call_connection_lost(None)
handle: <Handle _ProactorBasePipeTransport._call_connection_lost(None)>
Traceback (most recent call last):
  File "C:\Users\Hyperbook\miniconda3\Lib\asyncio\events.py", line 88, in _run
    self._context.run(self._callback, *self._args)
  File "C:\Users\Hyperbook\miniconda3\Lib\asyncio\proactor_events.py", line 165, in _call_connection_lost
    self._sock.shutdown(socket.SHUT_RDWR)
ConnectionResetError: [WinError 10054] Istniejące połączenie zostało gwałtownie zamknięte przez zdalnego hosta
2026-04-13 19:18:33 | Process-5 | ERROR | asyncio | Exception in callback _ProactorBasePipeTransport._call_connection_lost(None)
handle: <Handle _ProactorBasePipeTransport._call_connection_lost(None)>
Traceback (most recent call last):
  File "C:\Users\Hyperbook\miniconda3\Lib\asyncio\events.py", line 88, in _run
    self._context.run(self._callback, *self._args)
  File "C:\Users\Hyperbook\miniconda3\Lib\asyncio\proactor_events.py", line 165, in _call_connection_lost
    self._sock.shutdown(socket.SHUT_RDWR)
ConnectionResetError: [WinError 10054] Istniejące połączenie zostało gwałtownie zamknięte przez zdalnego hosta
2026-04-13 19:18:34 | Process-5 | ERROR | asyncio | Exception in callback _ProactorBasePipeTransport._call_connection_lost(None)
handle: <Handle _ProactorBasePipeTransport._call_connection_lost(None)>
Traceback (most recent call last):
  File "C:\Users\Hyperbook\miniconda3\Lib\asyncio\events.py", line 88, in _run
    self._context.run(self._callback, *self._args)
  File "C:\Users\Hyperbook\miniconda3\Lib\asyncio\proactor_events.py", line 165, in _call_connection_lost
    self._sock.shutdown(socket.SHUT_RDWR)
ConnectionResetError: [WinError 10054] Istniejące połączenie zostało gwałtownie zamknięte przez zdalnego hosta
2026-04-13 19:18:35 | Process-5 | ERROR | asyncio | Exception in callback _ProactorBasePipeTransport._call_connection_lost(None)
handle: <Handle _ProactorBasePipeTransport._call_connection_lost(None)>
Traceback (most recent call last):
  File "C:\Users\Hyperbook\miniconda3\Lib\asyncio\events.py", line 88, in _run
    self._context.run(self._callback, *self._args)
  File "C:\Users\Hyperbook\miniconda3\Lib\asyncio\proactor_events.py", line 165, in _call_connection_lost
    self._sock.shutdown(socket.SHUT_RDWR)
ConnectionResetError: [WinError 10054] Istniejące połączenie zostało gwałtownie zamknięte przez zdalnego hosta
2026-04-13 19:18:36 | Process-5 | ERROR | asyncio | Exception in callback _ProactorBasePipeTransport._call_connection_lost(None)
handle: <Handle _ProactorBasePipeTransport._call_connection_lost(None)>
Traceback (most recent call last):
  File "C:\Users\Hyperbook\miniconda3\Lib\asyncio\events.py", line 88, in _run
    self._context.run(self._callback, *self._args)
  File "C:\Users\Hyperbook\miniconda3\Lib\asyncio\proactor_events.py", line 165, in _call_connection_lost
    self._sock.shutdown(socket.SHUT_RDWR)
ConnectionResetError: [WinError 10054] Istniejące połączenie zostało gwałtownie zamknięte przez zdalnego hosta
2026-04-13 19:18:36 | Process-5 | ERROR | asyncio | Exception in callback _ProactorBasePipeTransport._call_connection_lost(None)
handle: <Handle _ProactorBasePipeTransport._call_connection_lost(None)>
Traceback (most recent call last):
  File "C:\Users\Hyperbook\miniconda3\Lib\asyncio\events.py", line 88, in _run
    self._context.run(self._callback, *self._args)
  File "C:\Users\Hyperbook\miniconda3\Lib\asyncio\proactor_events.py", line 165, in _call_connection_lost
    self._sock.shutdown(socket.SHUT_RDWR)
ConnectionResetError: [WinError 10054] Istniejące połączenie zostało gwałtownie zamknięte przez zdalnego hosta
2026-04-13 19:18:37 | Process-5 | ERROR | asyncio | Exception in callback _ProactorBasePipeTransport._call_connection_lost(None)
handle: <Handle _ProactorBasePipeTransport._call_connection_lost(None)>
Traceback (most recent call last):
  File "C:\Users\Hyperbook\miniconda3\Lib\asyncio\events.py", line 88, in _run
    self._context.run(self._callback, *self._args)
  File "C:\Users\Hyperbook\miniconda3\Lib\asyncio\proactor_events.py", line 165, in _call_connection_lost
    self._sock.shutdown(socket.SHUT_RDWR)
ConnectionResetError: [WinError 10054] Istniejące połączenie zostało gwałtownie zamknięte przez zdalnego hosta
2026-04-13 19:18:39 | Process-5 | ERROR | asyncio | Exception in callback _ProactorBasePipeTransport._call_connection_lost(None)
handle: <Handle _ProactorBasePipeTransport._call_connection_lost(None)>
Traceback (most recent call last):
  File "C:\Users\Hyperbook\miniconda3\Lib\asyncio\events.py", line 88, in _run
    self._context.run(self._callback, *self._args)
  File "C:\Users\Hyperbook\miniconda3\Lib\asyncio\proactor_events.py", line 165, in _call_connection_lost
    self._sock.shutdown(socket.SHUT_RDWR)
ConnectionResetError: [WinError 10054] Istniejące połączenie zostało gwałtownie zamknięte przez zdalnego hosta
2026-04-13 19:18:39 | Process-5 | ERROR | asyncio | Exception in callback _ProactorBasePipeTransport._call_connection_lost(None)
handle: <Handle _ProactorBasePipeTransport._call_connection_lost(None)>
Traceback (most recent call last):
  File "C:\Users\Hyperbook\miniconda3\Lib\asyncio\events.py", line 88, in _run
    self._context.run(self._callback, *self._args)
  File "C:\Users\Hyperbook\miniconda3\Lib\asyncio\proactor_events.py", line 165, in _call_connection_lost
    self._sock.shutdown(socket.SHUT_RDWR)
ConnectionResetError: [WinError 10054] Istniejące połączenie zostało gwałtownie zamknięte przez zdalnego hosta
2026-04-13 19:18:39 | Process-5 | ERROR | asyncio | Exception in callback _ProactorBasePipeTransport._call_connection_lost(None)
handle: <Handle _ProactorBasePipeTransport._call_connection_lost(None)>
Traceback (most recent call last):
  File "C:\Users\Hyperbook\miniconda3\Lib\asyncio\events.py", line 88, in _run
    self._context.run(self._callback, *self._args)
  File "C:\Users\Hyperbook\miniconda3\Lib\asyncio\proactor_events.py", line 165, in _call_connection_lost
    self._sock.shutdown(socket.SHUT_RDWR)
ConnectionResetError: [WinError 10054] Istniejące połączenie zostało gwałtownie zamknięte przez zdalnego hosta
2026-04-13 19:18:40 | Process-5 | ERROR | asyncio | Exception in callback _ProactorBasePipeTransport._call_connection_lost(None)
handle: <Handle _ProactorBasePipeTransport._call_connection_lost(None)>
Traceback (most recent call last):
  File "C:\Users\Hyperbook\miniconda3\Lib\asyncio\events.py", line 88, in _run
    self._context.run(self._callback, *self._args)
  File "C:\Users\Hyperbook\miniconda3\Lib\asyncio\proactor_events.py", line 165, in _call_connection_lost
    self._sock.shutdown(socket.SHUT_RDWR)
ConnectionResetError: [WinError 10054] Istniejące połączenie zostało gwałtownie zamknięte przez zdalnego hosta
2026-04-13 19:18:41 | Process-5 | ERROR | asyncio | Exception in callback _ProactorBasePipeTransport._call_connection_lost(None)
handle: <Handle _ProactorBasePipeTransport._call_connection_lost(None)>
Traceback (most recent call last):
  File "C:\Users\Hyperbook\miniconda3\Lib\asyncio\events.py", line 88, in _run
    self._context.run(self._callback, *self._args)
  File "C:\Users\Hyperbook\miniconda3\Lib\asyncio\proactor_events.py", line 165, in _call_connection_lost
    self._sock.shutdown(socket.SHUT_RDWR)
ConnectionResetError: [WinError 10054] Istniejące połączenie zostało gwałtownie zamknięte przez zdalnego hosta
2026-04-13 19:18:41 | Process-5 | ERROR | asyncio | Exception in callback _ProactorBasePipeTransport._call_connection_lost(None)
handle: <Handle _ProactorBasePipeTransport._call_connection_lost(None)>
Traceback (most recent call last):
  File "C:\Users\Hyperbook\miniconda3\Lib\asyncio\events.py", line 88, in _run
    self._context.run(self._callback, *self._args)
  File "C:\Users\Hyperbook\miniconda3\Lib\asyncio\proactor_events.py", line 165, in _call_connection_lost
    self._sock.shutdown(socket.SHUT_RDWR)
ConnectionResetError: [WinError 10054] Istniejące połączenie zostało gwałtownie zamknięte przez zdalnego hosta
2026-04-13 19:18:42 | Process-5 | ERROR | asyncio | Exception in callback _ProactorBasePipeTransport._call_connection_lost(None)
handle: <Handle _ProactorBasePipeTransport._call_connection_lost(None)>
Traceback (most recent call last):
  File "C:\Users\Hyperbook\miniconda3\Lib\asyncio\events.py", line 88, in _run
    self._context.run(self._callback, *self._args)
  File "C:\Users\Hyperbook\miniconda3\Lib\asyncio\proactor_events.py", line 165, in _call_connection_lost
    self._sock.shutdown(socket.SHUT_RDWR)
ConnectionResetError: [WinError 10054] Istniejące połączenie zostało gwałtownie zamknięte przez zdalnego hosta
2026-04-13 19:18:42 | Process-5 | ERROR | asyncio | Exception in callback _ProactorBasePipeTransport._call_connection_lost(None)
handle: <Handle _ProactorBasePipeTransport._call_connection_lost(None)>
Traceback (most recent call last):
  File "C:\Users\Hyperbook\miniconda3\Lib\asyncio\events.py", line 88, in _run
    self._context.run(self._callback, *self._args)
  File "C:\Users\Hyperbook\miniconda3\Lib\asyncio\proactor_events.py", line 165, in _call_connection_lost
    self._sock.shutdown(socket.SHUT_RDWR)
ConnectionResetError: [WinError 10054] Istniejące połączenie zostało gwałtownie zamknięte przez zdalnego hosta
2026-04-13 19:18:44 | Process-5 | ERROR | asyncio | Exception in callback _ProactorBasePipeTransport._call_connection_lost(None)
handle: <Handle _ProactorBasePipeTransport._call_connection_lost(None)>
Traceback (most recent call last):
  File "C:\Users\Hyperbook\miniconda3\Lib\asyncio\events.py", line 88, in _run
    self._context.run(self._callback, *self._args)
  File "C:\Users\Hyperbook\miniconda3\Lib\asyncio\proactor_events.py", line 165, in _call_connection_lost
    self._sock.shutdown(socket.SHUT_RDWR)
ConnectionResetError: [WinError 10054] Istniejące połączenie zostało gwałtownie zamknięte przez zdalnego hosta
2026-04-13 19:18:46 | Process-5 | ERROR | asyncio | Exception in callback _ProactorBasePipeTransport._call_connection_lost(None)
handle: <Handle _ProactorBasePipeTransport._call_connection_lost(None)>
Traceback (most recent call last):
  File "C:\Users\Hyperbook\miniconda3\Lib\asyncio\events.py", line 88, in _run
    self._context.run(self._callback, *self._args)
  File "C:\Users\Hyperbook\miniconda3\Lib\asyncio\proactor_events.py", line 165, in _call_connection_lost
    self._sock.shutdown(socket.SHUT_RDWR)
ConnectionResetError: [WinError 10054] Istniejące połączenie zostało gwałtownie zamknięte przez zdalnego hosta
2026-04-13 19:18:47 | Process-5 | ERROR | asyncio | Exception in callback _ProactorBasePipeTransport._call_connection_lost(None)
handle: <Handle _ProactorBasePipeTransport._call_connection_lost(None)>
Traceback (most recent call last):
  File "C:\Users\Hyperbook\miniconda3\Lib\asyncio\events.py", line 88, in _run
    self._context.run(self._callback, *self._args)
  File "C:\Users\Hyperbook\miniconda3\Lib\asyncio\proactor_events.py", line 165, in _call_connection_lost
    self._sock.shutdown(socket.SHUT_RDWR)
ConnectionResetError: [WinError 10054] Istniejące połączenie zostało gwałtownie zamknięte przez zdalnego hosta
2026-04-13 19:18:49 | Process-5 | ERROR | asyncio | Exception in callback _ProactorBasePipeTransport._call_connection_lost(None)
handle: <Handle _ProactorBasePipeTransport._call_connection_lost(None)>
Traceback (most recent call last):
  File "C:\Users\Hyperbook\miniconda3\Lib\asyncio\events.py", line 88, in _run
    self._context.run(self._callback, *self._args)
  File "C:\Users\Hyperbook\miniconda3\Lib\asyncio\proactor_events.py", line 165, in _call_connection_lost
    self._sock.shutdown(socket.SHUT_RDWR)
ConnectionResetError: [WinError 10054] Istniejące połączenie zostało gwałtownie zamknięte przez zdalnego hosta
2026-04-13 19:18:51 | Process-5 | ERROR | asyncio | Exception in callback _ProactorBasePipeTransport._call_connection_lost(None)
handle: <Handle _ProactorBasePipeTransport._call_connection_lost(None)>
Traceback (most recent call last):
  File "C:\Users\Hyperbook\miniconda3\Lib\asyncio\events.py", line 88, in _run
    self._context.run(self._callback, *self._args)
  File "C:\Users\Hyperbook\miniconda3\Lib\asyncio\proactor_events.py", line 165, in _call_connection_lost
    self._sock.shutdown(socket.SHUT_RDWR)
ConnectionResetError: [WinError 10054] Istniejące połączenie zostało gwałtownie zamknięte przez zdalnego hosta
2026-04-13 19:18:52 | Process-5 | ERROR | asyncio | Exception in callback _ProactorBasePipeTransport._call_connection_lost(None)
handle: <Handle _ProactorBasePipeTransport._call_connection_lost(None)>
Traceback (most recent call last):
  File "C:\Users\Hyperbook\miniconda3\Lib\asyncio\events.py", line 88, in _run
    self._context.run(self._callback, *self._args)
  File "C:\Users\Hyperbook\miniconda3\Lib\asyncio\proactor_events.py", line 165, in _call_connection_lost
    self._sock.shutdown(socket.SHUT_RDWR)
ConnectionResetError: [WinError 10054] Istniejące połączenie zostało gwałtownie zamknięte przez zdalnego hosta
2026-04-13 19:18:56 | Process-5 | ERROR | asyncio | Exception in callback _ProactorBasePipeTransport._call_connection_lost(None)
handle: <Handle _ProactorBasePipeTransport._call_connection_lost(None)>
Traceback (most recent call last):
  File "C:\Users\Hyperbook\miniconda3\Lib\asyncio\events.py", line 88, in _run
    self._context.run(self._callback, *self._args)
  File "C:\Users\Hyperbook\miniconda3\Lib\asyncio\proactor_events.py", line 165, in _call_connection_lost
    self._sock.shutdown(socket.SHUT_RDWR)
ConnectionResetError: [WinError 10054] Istniejące połączenie zostało gwałtownie zamknięte przez zdalnego hosta
2026-04-13 19:18:57 | Process-5 | ERROR | asyncio | Exception in callback _ProactorBasePipeTransport._call_connection_lost(None)
handle: <Handle _ProactorBasePipeTransport._call_connection_lost(None)>
Traceback (most recent call last):
  File "C:\Users\Hyperbook\miniconda3\Lib\asyncio\events.py", line 88, in _run
    self._context.run(self._callback, *self._args)
  File "C:\Users\Hyperbook\miniconda3\Lib\asyncio\proactor_events.py", line 165, in _call_connection_lost
    self._sock.shutdown(socket.SHUT_RDWR)
ConnectionResetError: [WinError 10054] Istniejące połączenie zostało gwałtownie zamknięte przez zdalnego hosta
2026-04-13 19:18:57 | Process-5 | ERROR | asyncio | Exception in callback _ProactorBasePipeTransport._call_connection_lost(None)
handle: <Handle _ProactorBasePipeTransport._call_connection_lost(None)>
Traceback (most recent call last):
  File "C:\Users\Hyperbook\miniconda3\Lib\asyncio\events.py", line 88, in _run
    self._context.run(self._callback, *self._args)
  File "C:\Users\Hyperbook\miniconda3\Lib\asyncio\proactor_events.py", line 165, in _call_connection_lost
    self._sock.shutdown(socket.SHUT_RDWR)
ConnectionResetError: [WinError 10054] Istniejące połączenie zostało gwałtownie zamknięte przez zdalnego hosta
2026-04-13 19:19:00 | Process-5 | ERROR | asyncio | Exception in callback _ProactorBasePipeTransport._call_connection_lost(None)
handle: <Handle _ProactorBasePipeTransport._call_connection_lost(None)>
Traceback (most recent call last):
  File "C:\Users\Hyperbook\miniconda3\Lib\asyncio\events.py", line 88, in _run
    self._context.run(self._callback, *self._args)
  File "C:\Users\Hyperbook\miniconda3\Lib\asyncio\proactor_events.py", line 165, in _call_connection_lost
    self._sock.shutdown(socket.SHUT_RDWR)
ConnectionResetError: [WinError 10054] Istniejące połączenie zostało gwałtownie zamknięte przez zdalnego hosta
2026-04-13 19:19:01 | Process-5 | ERROR | asyncio | Exception in callback _ProactorBasePipeTransport._call_connection_lost(None)
handle: <Handle _ProactorBasePipeTransport._call_connection_lost(None)>
Traceback (most recent call last):
  File "C:\Users\Hyperbook\miniconda3\Lib\asyncio\events.py", line 88, in _run
    self._context.run(self._callback, *self._args)
  File "C:\Users\Hyperbook\miniconda3\Lib\asyncio\proactor_events.py", line 165, in _call_connection_lost
    self._sock.shutdown(socket.SHUT_RDWR)
ConnectionResetError: [WinError 10054] Istniejące połączenie zostało gwałtownie zamknięte przez zdalnego hosta
2026-04-13 19:19:02 | Process-5 | ERROR | asyncio | Exception in callback _ProactorBasePipeTransport._call_connection_lost(None)
handle: <Handle _ProactorBasePipeTransport._call_connection_lost(None)>
Traceback (most recent call last):
  File "C:\Users\Hyperbook\miniconda3\Lib\asyncio\events.py", line 88, in _run
    self._context.run(self._callback, *self._args)
  File "C:\Users\Hyperbook\miniconda3\Lib\asyncio\proactor_events.py", line 165, in _call_connection_lost
    self._sock.shutdown(socket.SHUT_RDWR)
ConnectionResetError: [WinError 10054] Istniejące połączenie zostało gwałtownie zamknięte przez zdalnego hosta
2026-04-13 19:19:02 | Process-5 | ERROR | asyncio | Exception in callback _ProactorBasePipeTransport._call_connection_lost(None)
handle: <Handle _ProactorBasePipeTransport._call_connection_lost(None)>
Traceback (most recent call last):
  File "C:\Users\Hyperbook\miniconda3\Lib\asyncio\events.py", line 88, in _run
    self._context.run(self._callback, *self._args)
  File "C:\Users\Hyperbook\miniconda3\Lib\asyncio\proactor_events.py", line 165, in _call_connection_lost
    self._sock.shutdown(socket.SHUT_RDWR)
ConnectionResetError: [WinError 10054] Istniejące połączenie zostało gwałtownie zamknięte przez zdalnego hosta
2026-04-13 19:19:04 | Process-5 | ERROR | asyncio | Exception in callback _ProactorBasePipeTransport._call_connection_lost(None)
handle: <Handle _ProactorBasePipeTransport._call_connection_lost(None)>
Traceback (most recent call last):
  File "C:\Users\Hyperbook\miniconda3\Lib\asyncio\events.py", line 88, in _run
    self._context.run(self._callback, *self._args)
  File "C:\Users\Hyperbook\miniconda3\Lib\asyncio\proactor_events.py", line 165, in _call_connection_lost
    self._sock.shutdown(socket.SHUT_RDWR)
ConnectionResetError: [WinError 10054] Istniejące połączenie zostało gwałtownie zamknięte przez zdalnego hosta
2026-04-13 19:19:04 | Process-5 | ERROR | asyncio | Exception in callback _ProactorBasePipeTransport._call_connection_lost(None)
handle: <Handle _ProactorBasePipeTransport._call_connection_lost(None)>
Traceback (most recent call last):
  File "C:\Users\Hyperbook\miniconda3\Lib\asyncio\events.py", line 88, in _run
    self._context.run(self._callback, *self._args)
  File "C:\Users\Hyperbook\miniconda3\Lib\asyncio\proactor_events.py", line 165, in _call_connection_lost
    self._sock.shutdown(socket.SHUT_RDWR)
ConnectionResetError: [WinError 10054] Istniejące połączenie zostało gwałtownie zamknięte przez zdalnego hosta
2026-04-13 19:19:07 | Process-5 | ERROR | asyncio | Exception in callback _ProactorBasePipeTransport._call_connection_lost(None)
handle: <Handle _ProactorBasePipeTransport._call_connection_lost(None)>
Traceback (most recent call last):
  File "C:\Users\Hyperbook\miniconda3\Lib\asyncio\events.py", line 88, in _run
    self._context.run(self._callback, *self._args)
  File "C:\Users\Hyperbook\miniconda3\Lib\asyncio\proactor_events.py", line 165, in _call_connection_lost
    self._sock.shutdown(socket.SHUT_RDWR)
ConnectionResetError: [WinError 10054] Istniejące połączenie zostało gwałtownie zamknięte przez zdalnego hosta
2026-04-13 19:19:07 | Process-5 | ERROR | asyncio | Exception in callback _ProactorBasePipeTransport._call_connection_lost(None)
handle: <Handle _ProactorBasePipeTransport._call_connection_lost(None)>
Traceback (most recent call last):
  File "C:\Users\Hyperbook\miniconda3\Lib\asyncio\events.py", line 88, in _run
    self._context.run(self._callback, *self._args)
  File "C:\Users\Hyperbook\miniconda3\Lib\asyncio\proactor_events.py", line 165, in _call_connection_lost
    self._sock.shutdown(socket.SHUT_RDWR)
ConnectionResetError: [WinError 10054] Istniejące połączenie zostało gwałtownie zamknięte przez zdalnego hosta
2026-04-13 19:19:08 | Process-5 | ERROR | asyncio | Exception in callback _ProactorBasePipeTransport._call_connection_lost(None)
handle: <Handle _ProactorBasePipeTransport._call_connection_lost(None)>
Traceback (most recent call last):
  File "C:\Users\Hyperbook\miniconda3\Lib\asyncio\events.py", line 88, in _run
    self._context.run(self._callback, *self._args)
  File "C:\Users\Hyperbook\miniconda3\Lib\asyncio\proactor_events.py", line 165, in _call_connection_lost
    self._sock.shutdown(socket.SHUT_RDWR)
ConnectionResetError: [WinError 10054] Istniejące połączenie zostało gwałtownie zamknięte przez zdalnego hosta
2026-04-13 19:19:10 | Process-5 | ERROR | asyncio | Exception in callback _ProactorBasePipeTransport._call_connection_lost(None)
handle: <Handle _ProactorBasePipeTransport._call_connection_lost(None)>
Traceback (most recent call last):
  File "C:\Users\Hyperbook\miniconda3\Lib\asyncio\events.py", line 88, in _run
    self._context.run(self._callback, *self._args)
  File "C:\Users\Hyperbook\miniconda3\Lib\asyncio\proactor_events.py", line 165, in _call_connection_lost
    self._sock.shutdown(socket.SHUT_RDWR)
ConnectionResetError: [WinError 10054] Istniejące połączenie zostało gwałtownie zamknięte przez zdalnego hosta
2026-04-13 19:19:15 | Process-5 | ERROR | asyncio | Exception in callback _ProactorBasePipeTransport._call_connection_lost(None)
handle: <Handle _ProactorBasePipeTransport._call_connection_lost(None)>
Traceback (most recent call last):
  File "C:\Users\Hyperbook\miniconda3\Lib\asyncio\events.py", line 88, in _run
    self._context.run(self._callback, *self._args)
  File "C:\Users\Hyperbook\miniconda3\Lib\asyncio\proactor_events.py", line 165, in _call_connection_lost
    self._sock.shutdown(socket.SHUT_RDWR)
ConnectionResetError: [WinError 10054] Istniejące połączenie zostało gwałtownie zamknięte przez zdalnego hosta
2026-04-13 19:19:16 | Process-5 | ERROR | asyncio | Exception in callback _ProactorBasePipeTransport._call_connection_lost(None)
handle: <Handle _ProactorBasePipeTransport._call_connection_lost(None)>
Traceback (most recent call last):
  File "C:\Users\Hyperbook\miniconda3\Lib\asyncio\events.py", line 88, in _run
    self._context.run(self._callback, *self._args)
  File "C:\Users\Hyperbook\miniconda3\Lib\asyncio\proactor_events.py", line 165, in _call_connection_lost
    self._sock.shutdown(socket.SHUT_RDWR)
ConnectionResetError: [WinError 10054] Istniejące połączenie zostało gwałtownie zamknięte przez zdalnego hosta
2026-04-13 19:19:16 | Process-5 | ERROR | asyncio | Exception in callback _ProactorBasePipeTransport._call_connection_lost(None)
handle: <Handle _ProactorBasePipeTransport._call_connection_lost(None)>
Traceback (most recent call last):
  File "C:\Users\Hyperbook\miniconda3\Lib\asyncio\events.py", line 88, in _run
    self._context.run(self._callback, *self._args)
  File "C:\Users\Hyperbook\miniconda3\Lib\asyncio\proactor_events.py", line 165, in _call_connection_lost
    self._sock.shutdown(socket.SHUT_RDWR)
ConnectionResetError: [WinError 10054] Istniejące połączenie zostało gwałtownie zamknięte przez zdalnego hosta
2026-04-13 19:19:17 | Process-5 | ERROR | asyncio | Exception in callback _ProactorBasePipeTransport._call_connection_lost(None)
handle: <Handle _ProactorBasePipeTransport._call_connection_lost(None)>
Traceback (most recent call last):
  File "C:\Users\Hyperbook\miniconda3\Lib\asyncio\events.py", line 88, in _run
    self._context.run(self._callback, *self._args)
  File "C:\Users\Hyperbook\miniconda3\Lib\asyncio\proactor_events.py", line 165, in _call_connection_lost
    self._sock.shutdown(socket.SHUT_RDWR)
ConnectionResetError: [WinError 10054] Istniejące połączenie zostało gwałtownie zamknięte przez zdalnego hosta
2026-04-13 19:19:22 | Process-5 | ERROR | asyncio | Exception in callback _ProactorBasePipeTransport._call_connection_lost(None)
handle: <Handle _ProactorBasePipeTransport._call_connection_lost(None)>
Traceback (most recent call last):
  File "C:\Users\Hyperbook\miniconda3\Lib\asyncio\events.py", line 88, in _run
    self._context.run(self._callback, *self._args)
  File "C:\Users\Hyperbook\miniconda3\Lib\asyncio\proactor_events.py", line 165, in _call_connection_lost
    self._sock.shutdown(socket.SHUT_RDWR)
ConnectionResetError: [WinError 10054] Istniejące połączenie zostało gwałtownie zamknięte przez zdalnego hosta
2026-04-13 19:19:23 | Process-5 | ERROR | asyncio | Exception in callback _ProactorBasePipeTransport._call_connection_lost(None)
handle: <Handle _ProactorBasePipeTransport._call_connection_lost(None)>
Traceback (most recent call last):
  File "C:\Users\Hyperbook\miniconda3\Lib\asyncio\events.py", line 88, in _run
    self._context.run(self._callback, *self._args)
  File "C:\Users\Hyperbook\miniconda3\Lib\asyncio\proactor_events.py", line 165, in _call_connection_lost
    self._sock.shutdown(socket.SHUT_RDWR)
ConnectionResetError: [WinError 10054] Istniejące połączenie zostało gwałtownie zamknięte przez zdalnego hosta
2026-04-13 19:19:27 | Process-5 | ERROR | asyncio | Exception in callback _ProactorBasePipeTransport._call_connection_lost(None)
handle: <Handle _ProactorBasePipeTransport._call_connection_lost(None)>
Traceback (most recent call last):
  File "C:\Users\Hyperbook\miniconda3\Lib\asyncio\events.py", line 88, in _run
    self._context.run(self._callback, *self._args)
  File "C:\Users\Hyperbook\miniconda3\Lib\asyncio\proactor_events.py", line 165, in _call_connection_lost
    self._sock.shutdown(socket.SHUT_RDWR)
ConnectionResetError: [WinError 10054] Istniejące połączenie zostało gwałtownie zamknięte przez zdalnego hosta
2026-04-13 19:19:28 | Process-5 | ERROR | asyncio | Exception in callback _ProactorBasePipeTransport._call_connection_lost(None)
handle: <Handle _ProactorBasePipeTransport._call_connection_lost(None)>
Traceback (most recent call last):
  File "C:\Users\Hyperbook\miniconda3\Lib\asyncio\events.py", line 88, in _run
    self._context.run(self._callback, *self._args)
  File "C:\Users\Hyperbook\miniconda3\Lib\asyncio\proactor_events.py", line 165, in _call_connection_lost
    self._sock.shutdown(socket.SHUT_RDWR)
ConnectionResetError: [WinError 10054] Istniejące połączenie zostało gwałtownie zamknięte przez zdalnego hosta
2026-04-13 19:19:34 | Process-5 | ERROR | asyncio | Exception in callback _ProactorBasePipeTransport._call_connection_lost(None)
handle: <Handle _ProactorBasePipeTransport._call_connection_lost(None)>
Traceback (most recent call last):
  File "C:\Users\Hyperbook\miniconda3\Lib\asyncio\events.py", line 88, in _run
    self._context.run(self._callback, *self._args)
  File "C:\Users\Hyperbook\miniconda3\Lib\asyncio\proactor_events.py", line 165, in _call_connection_lost
    self._sock.shutdown(socket.SHUT_RDWR)
ConnectionResetError: [WinError 10054] Istniejące połączenie zostało gwałtownie zamknięte przez zdalnego hosta
2026-04-13 19:19:36 | Process-5 | ERROR | asyncio | Exception in callback _ProactorBasePipeTransport._call_connection_lost(None)
handle: <Handle _ProactorBasePipeTransport._call_connection_lost(None)>
Traceback (most recent call last):
  File "C:\Users\Hyperbook\miniconda3\Lib\asyncio\events.py", line 88, in _run
    self._context.run(self._callback, *self._args)
  File "C:\Users\Hyperbook\miniconda3\Lib\asyncio\proactor_events.py", line 165, in _call_connection_lost
    self._sock.shutdown(socket.SHUT_RDWR)
ConnectionResetError: [WinError 10054] Istniejące połączenie zostało gwałtownie zamknięte przez zdalnego hosta
2026-04-13 19:19:36 | Process-5 | ERROR | asyncio | Exception in callback _ProactorBasePipeTransport._call_connection_lost(None)
handle: <Handle _ProactorBasePipeTransport._call_connection_lost(None)>
Traceback (most recent call last):
  File "C:\Users\Hyperbook\miniconda3\Lib\asyncio\events.py", line 88, in _run
    self._context.run(self._callback, *self._args)
  File "C:\Users\Hyperbook\miniconda3\Lib\asyncio\proactor_events.py", line 165, in _call_connection_lost
    self._sock.shutdown(socket.SHUT_RDWR)
ConnectionResetError: [WinError 10054] Istniejące połączenie zostało gwałtownie zamknięte przez zdalnego hosta
2026-04-13 19:19:40 | Process-5 | ERROR | asyncio | Exception in callback _ProactorBasePipeTransport._call_connection_lost(None)
handle: <Handle _ProactorBasePipeTransport._call_connection_lost(None)>
Traceback (most recent call last):
  File "C:\Users\Hyperbook\miniconda3\Lib\asyncio\events.py", line 88, in _run
    self._context.run(self._callback, *self._args)
  File "C:\Users\Hyperbook\miniconda3\Lib\asyncio\proactor_events.py", line 165, in _call_connection_lost
    self._sock.shutdown(socket.SHUT_RDWR)
ConnectionResetError: [WinError 10054] Istniejące połączenie zostało gwałtownie zamknięte przez zdalnego hosta
2026-04-13 19:19:47 | Process-5 | ERROR | asyncio | Exception in callback _ProactorBasePipeTransport._call_connection_lost(None)
handle: <Handle _ProactorBasePipeTransport._call_connection_lost(None)>
Traceback (most recent call last):
  File "C:\Users\Hyperbook\miniconda3\Lib\asyncio\events.py", line 88, in _run
    self._context.run(self._callback, *self._args)
  File "C:\Users\Hyperbook\miniconda3\Lib\asyncio\proactor_events.py", line 165, in _call_connection_lost
    self._sock.shutdown(socket.SHUT_RDWR)
ConnectionResetError: [WinError 10054] Istniejące połączenie zostało gwałtownie zamknięte przez zdalnego hosta
2026-04-13 19:19:50 | Process-5 | ERROR | asyncio | Exception in callback _ProactorBasePipeTransport._call_connection_lost(None)
handle: <Handle _ProactorBasePipeTransport._call_connection_lost(None)>
Traceback (most recent call last):
  File "C:\Users\Hyperbook\miniconda3\Lib\asyncio\events.py", line 88, in _run
    self._context.run(self._callback, *self._args)
  File "C:\Users\Hyperbook\miniconda3\Lib\asyncio\proactor_events.py", line 165, in _call_connection_lost
    self._sock.shutdown(socket.SHUT_RDWR)
ConnectionResetError: [WinError 10054] Istniejące połączenie zostało gwałtownie zamknięte przez zdalnego hosta
2026-04-13 19:19:51 | Process-5 | ERROR | asyncio | Exception in callback _ProactorBasePipeTransport._call_connection_lost(None)
handle: <Handle _ProactorBasePipeTransport._call_connection_lost(None)>
Traceback (most recent call last):
  File "C:\Users\Hyperbook\miniconda3\Lib\asyncio\events.py", line 88, in _run
    self._context.run(self._callback, *self._args)
  File "C:\Users\Hyperbook\miniconda3\Lib\asyncio\proactor_events.py", line 165, in _call_connection_lost
    self._sock.shutdown(socket.SHUT_RDWR)
ConnectionResetError: [WinError 10054] Istniejące połączenie zostało gwałtownie zamknięte przez zdalnego hosta
2026-04-13 19:19:53 | Process-5 | ERROR | asyncio | Exception in callback _ProactorBasePipeTransport._call_connection_lost(None)
handle: <Handle _ProactorBasePipeTransport._call_connection_lost(None)>
Traceback (most recent call last):
  File "C:\Users\Hyperbook\miniconda3\Lib\asyncio\events.py", line 88, in _run
    self._context.run(self._callback, *self._args)
  File "C:\Users\Hyperbook\miniconda3\Lib\asyncio\proactor_events.py", line 165, in _call_connection_lost
    self._sock.shutdown(socket.SHUT_RDWR)
ConnectionResetError: [WinError 10054] Istniejące połączenie zostało gwałtownie zamknięte przez zdalnego hosta
2026-04-13 19:19:54 | Process-5 | ERROR | asyncio | Exception in callback _ProactorBasePipeTransport._call_connection_lost(None)
handle: <Handle _ProactorBasePipeTransport._call_connection_lost(None)>
Traceback (most recent call last):
  File "C:\Users\Hyperbook\miniconda3\Lib\asyncio\events.py", line 88, in _run
    self._context.run(self._callback, *self._args)
  File "C:\Users\Hyperbook\miniconda3\Lib\asyncio\proactor_events.py", line 165, in _call_connection_lost
    self._sock.shutdown(socket.SHUT_RDWR)
ConnectionResetError: [WinError 10054] Istniejące połączenie zostało gwałtownie zamknięte przez zdalnego hosta
2026-04-13 19:19:55 | Process-5 | ERROR | asyncio | Exception in callback _ProactorBasePipeTransport._call_connection_lost(None)
handle: <Handle _ProactorBasePipeTransport._call_connection_lost(None)>
Traceback (most recent call last):
  File "C:\Users\Hyperbook\miniconda3\Lib\asyncio\events.py", line 88, in _run
    self._context.run(self._callback, *self._args)
  File "C:\Users\Hyperbook\miniconda3\Lib\asyncio\proactor_events.py", line 165, in _call_connection_lost
    self._sock.shutdown(socket.SHUT_RDWR)
ConnectionResetError: [WinError 10054] Istniejące połączenie zostało gwałtownie zamknięte przez zdalnego hosta
2026-04-13 19:19:58 | Process-5 | ERROR | asyncio | Exception in callback _ProactorBasePipeTransport._call_connection_lost(None)
handle: <Handle _ProactorBasePipeTransport._call_connection_lost(None)>
Traceback (most recent call last):
  File "C:\Users\Hyperbook\miniconda3\Lib\asyncio\events.py", line 88, in _run
    self._context.run(self._callback, *self._args)
  File "C:\Users\Hyperbook\miniconda3\Lib\asyncio\proactor_events.py", line 165, in _call_connection_lost
    self._sock.shutdown(socket.SHUT_RDWR)
ConnectionResetError: [WinError 10054] Istniejące połączenie zostało gwałtownie zamknięte przez zdalnego hosta
2026-04-13 19:19:59 | Process-5 | ERROR | asyncio | Exception in callback _ProactorBasePipeTransport._call_connection_lost(None)
handle: <Handle _ProactorBasePipeTransport._call_connection_lost(None)>
Traceback (most recent call last):
  File "C:\Users\Hyperbook\miniconda3\Lib\asyncio\events.py", line 88, in _run
    self._context.run(self._callback, *self._args)
  File "C:\Users\Hyperbook\miniconda3\Lib\asyncio\proactor_events.py", line 165, in _call_connection_lost
    self._sock.shutdown(socket.SHUT_RDWR)
ConnectionResetError: [WinError 10054] Istniejące połączenie zostało gwałtownie zamknięte przez zdalnego hosta
2026-04-13 19:20:04 | Process-5 | ERROR | asyncio | Exception in callback _ProactorBasePipeTransport._call_connection_lost(None)
handle: <Handle _ProactorBasePipeTransport._call_connection_lost(None)>
Traceback (most recent call last):
  File "C:\Users\Hyperbook\miniconda3\Lib\asyncio\events.py", line 88, in _run
    self._context.run(self._callback, *self._args)
  File "C:\Users\Hyperbook\miniconda3\Lib\asyncio\proactor_events.py", line 165, in _call_connection_lost
    self._sock.shutdown(socket.SHUT_RDWR)
ConnectionResetError: [WinError 10054] Istniejące połączenie zostało gwałtownie zamknięte przez zdalnego hosta
2026-04-13 19:20:05 | Process-5 | ERROR | asyncio | Exception in callback _ProactorBasePipeTransport._call_connection_lost(None)
handle: <Handle _ProactorBasePipeTransport._call_connection_lost(None)>
Traceback (most recent call last):
  File "C:\Users\Hyperbook\miniconda3\Lib\asyncio\events.py", line 88, in _run
    self._context.run(self._callback, *self._args)
  File "C:\Users\Hyperbook\miniconda3\Lib\asyncio\proactor_events.py", line 165, in _call_connection_lost
    self._sock.shutdown(socket.SHUT_RDWR)
ConnectionResetError: [WinError 10054] Istniejące połączenie zostało gwałtownie zamknięte przez zdalnego hosta
2026-04-13 19:20:07 | Process-5 | ERROR | asyncio | Exception in callback _ProactorBasePipeTransport._call_connection_lost(None)
handle: <Handle _ProactorBasePipeTransport._call_connection_lost(None)>
Traceback (most recent call last):
  File "C:\Users\Hyperbook\miniconda3\Lib\asyncio\events.py", line 88, in _run
    self._context.run(self._callback, *self._args)
  File "C:\Users\Hyperbook\miniconda3\Lib\asyncio\proactor_events.py", line 165, in _call_connection_lost
    self._sock.shutdown(socket.SHUT_RDWR)
ConnectionResetError: [WinError 10054] Istniejące połączenie zostało gwałtownie zamknięte przez zdalnego hosta
2026-04-13 19:20:07 | Process-5 | ERROR | asyncio | Exception in callback _ProactorBasePipeTransport._call_connection_lost(None)
handle: <Handle _ProactorBasePipeTransport._call_connection_lost(None)>
Traceback (most recent call last):
  File "C:\Users\Hyperbook\miniconda3\Lib\asyncio\events.py", line 88, in _run
    self._context.run(self._callback, *self._args)
  File "C:\Users\Hyperbook\miniconda3\Lib\asyncio\proactor_events.py", line 165, in _call_connection_lost
    self._sock.shutdown(socket.SHUT_RDWR)
ConnectionResetError: [WinError 10054] Istniejące połączenie zostało gwałtownie zamknięte przez zdalnego hosta
2026-04-13 19:20:12 | Process-5 | ERROR | asyncio | Exception in callback _ProactorBasePipeTransport._call_connection_lost(None)
handle: <Handle _ProactorBasePipeTransport._call_connection_lost(None)>
Traceback (most recent call last):
  File "C:\Users\Hyperbook\miniconda3\Lib\asyncio\events.py", line 88, in _run
    self._context.run(self._callback, *self._args)
  File "C:\Users\Hyperbook\miniconda3\Lib\asyncio\proactor_events.py", line 165, in _call_connection_lost
    self._sock.shutdown(socket.SHUT_RDWR)
ConnectionResetError: [WinError 10054] Istniejące połączenie zostało gwałtownie zamknięte przez zdalnego hosta
2026-04-13 19:20:16 | Process-5 | ERROR | asyncio | Exception in callback _ProactorBasePipeTransport._call_connection_lost(None)
handle: <Handle _ProactorBasePipeTransport._call_connection_lost(None)>
Traceback (most recent call last):
  File "C:\Users\Hyperbook\miniconda3\Lib\asyncio\events.py", line 88, in _run
    self._context.run(self._callback, *self._args)
  File "C:\Users\Hyperbook\miniconda3\Lib\asyncio\proactor_events.py", line 165, in _call_connection_lost
    self._sock.shutdown(socket.SHUT_RDWR)
ConnectionResetError: [WinError 10054] Istniejące połączenie zostało gwałtownie zamknięte przez zdalnego hosta
2026-04-13 19:20:17 | Process-5 | ERROR | asyncio | Exception in callback _ProactorBasePipeTransport._call_connection_lost(None)
handle: <Handle _ProactorBasePipeTransport._call_connection_lost(None)>
Traceback (most recent call last):
  File "C:\Users\Hyperbook\miniconda3\Lib\asyncio\events.py", line 88, in _run
    self._context.run(self._callback, *self._args)
  File "C:\Users\Hyperbook\miniconda3\Lib\asyncio\proactor_events.py", line 165, in _call_connection_lost
    self._sock.shutdown(socket.SHUT_RDWR)
ConnectionResetError: [WinError 10054] Istniejące połączenie zostało gwałtownie zamknięte przez zdalnego hosta
2026-04-13 19:20:21 | Process-5 | ERROR | asyncio | Exception in callback _ProactorBasePipeTransport._call_connection_lost(None)
handle: <Handle _ProactorBasePipeTransport._call_connection_lost(None)>
Traceback (most recent call last):
  File "C:\Users\Hyperbook\miniconda3\Lib\asyncio\events.py", line 88, in _run
    self._context.run(self._callback, *self._args)
  File "C:\Users\Hyperbook\miniconda3\Lib\asyncio\proactor_events.py", line 165, in _call_connection_lost
    self._sock.shutdown(socket.SHUT_RDWR)
ConnectionResetError: [WinError 10054] Istniejące połączenie zostało gwałtownie zamknięte przez zdalnego hosta
2026-04-13 19:20:21 | Process-5 | ERROR | asyncio | Exception in callback _ProactorBasePipeTransport._call_connection_lost(None)
handle: <Handle _ProactorBasePipeTransport._call_connection_lost(None)>
Traceback (most recent call last):
  File "C:\Users\Hyperbook\miniconda3\Lib\asyncio\events.py", line 88, in _run
    self._context.run(self._callback, *self._args)
  File "C:\Users\Hyperbook\miniconda3\Lib\asyncio\proactor_events.py", line 165, in _call_connection_lost
    self._sock.shutdown(socket.SHUT_RDWR)
ConnectionResetError: [WinError 10054] Istniejące połączenie zostało gwałtownie zamknięte przez zdalnego hosta
2026-04-13 19:20:25 | Process-5 | ERROR | asyncio | Exception in callback _ProactorBasePipeTransport._call_connection_lost(None)
handle: <Handle _ProactorBasePipeTransport._call_connection_lost(None)>
Traceback (most recent call last):
  File "C:\Users\Hyperbook\miniconda3\Lib\asyncio\events.py", line 88, in _run
    self._context.run(self._callback, *self._args)
  File "C:\Users\Hyperbook\miniconda3\Lib\asyncio\proactor_events.py", line 165, in _call_connection_lost
    self._sock.shutdown(socket.SHUT_RDWR)
ConnectionResetError: [WinError 10054] Istniejące połączenie zostało gwałtownie zamknięte przez zdalnego hosta
2026-04-13 19:20:27 | Process-5 | ERROR | asyncio | Exception in callback _ProactorBasePipeTransport._call_connection_lost(None)
handle: <Handle _ProactorBasePipeTransport._call_connection_lost(None)>
Traceback (most recent call last):
  File "C:\Users\Hyperbook\miniconda3\Lib\asyncio\events.py", line 88, in _run
    self._context.run(self._callback, *self._args)
  File "C:\Users\Hyperbook\miniconda3\Lib\asyncio\proactor_events.py", line 165, in _call_connection_lost
    self._sock.shutdown(socket.SHUT_RDWR)
ConnectionResetError: [WinError 10054] Istniejące połączenie zostało gwałtownie zamknięte przez zdalnego hosta
2026-04-13 19:20:27 | Process-5 | ERROR | asyncio | Exception in callback _ProactorBasePipeTransport._call_connection_lost(None)
handle: <Handle _ProactorBasePipeTransport._call_connection_lost(None)>
Traceback (most recent call last):
  File "C:\Users\Hyperbook\miniconda3\Lib\asyncio\events.py", line 88, in _run
    self._context.run(self._callback, *self._args)
  File "C:\Users\Hyperbook\miniconda3\Lib\asyncio\proactor_events.py", line 165, in _call_connection_lost
    self._sock.shutdown(socket.SHUT_RDWR)
ConnectionResetError: [WinError 10054] Istniejące połączenie zostało gwałtownie zamknięte przez zdalnego hosta
2026-04-13 19:20:29 | Process-5 | ERROR | asyncio | Exception in callback _ProactorBasePipeTransport._call_connection_lost(None)
handle: <Handle _ProactorBasePipeTransport._call_connection_lost(None)>
Traceback (most recent call last):
  File "C:\Users\Hyperbook\miniconda3\Lib\asyncio\events.py", line 88, in _run
    self._context.run(self._callback, *self._args)
  File "C:\Users\Hyperbook\miniconda3\Lib\asyncio\proactor_events.py", line 165, in _call_connection_lost
    self._sock.shutdown(socket.SHUT_RDWR)
ConnectionResetError: [WinError 10054] Istniejące połączenie zostało gwałtownie zamknięte przez zdalnego hosta
2026-04-13 19:20:30 | Process-5 | ERROR | asyncio | Exception in callback _ProactorBasePipeTransport._call_connection_lost(None)
handle: <Handle _ProactorBasePipeTransport._call_connection_lost(None)>
Traceback (most recent call last):
  File "C:\Users\Hyperbook\miniconda3\Lib\asyncio\events.py", line 88, in _run
    self._context.run(self._callback, *self._args)
  File "C:\Users\Hyperbook\miniconda3\Lib\asyncio\proactor_events.py", line 165, in _call_connection_lost
    self._sock.shutdown(socket.SHUT_RDWR)
ConnectionResetError: [WinError 10054] Istniejące połączenie zostało gwałtownie zamknięte przez zdalnego hosta
2026-04-13 19:20:31 | Process-5 | ERROR | asyncio | Exception in callback _ProactorBasePipeTransport._call_connection_lost(None)
handle: <Handle _ProactorBasePipeTransport._call_connection_lost(None)>
Traceback (most recent call last):
  File "C:\Users\Hyperbook\miniconda3\Lib\asyncio\events.py", line 88, in _run
    self._context.run(self._callback, *self._args)
  File "C:\Users\Hyperbook\miniconda3\Lib\asyncio\proactor_events.py", line 165, in _call_connection_lost
    self._sock.shutdown(socket.SHUT_RDWR)
ConnectionResetError: [WinError 10054] Istniejące połączenie zostało gwałtownie zamknięte przez zdalnego hosta
2026-04-13 19:20:32 | Process-5 | ERROR | asyncio | Exception in callback _ProactorBasePipeTransport._call_connection_lost(None)
handle: <Handle _ProactorBasePipeTransport._call_connection_lost(None)>
Traceback (most recent call last):
  File "C:\Users\Hyperbook\miniconda3\Lib\asyncio\events.py", line 88, in _run
    self._context.run(self._callback, *self._args)
  File "C:\Users\Hyperbook\miniconda3\Lib\asyncio\proactor_events.py", line 165, in _call_connection_lost
    self._sock.shutdown(socket.SHUT_RDWR)
ConnectionResetError: [WinError 10054] Istniejące połączenie zostało gwałtownie zamknięte przez zdalnego hosta
2026-04-13 19:20:35 | Process-5 | ERROR | asyncio | Exception in callback _ProactorBasePipeTransport._call_connection_lost(None)
handle: <Handle _ProactorBasePipeTransport._call_connection_lost(None)>
Traceback (most recent call last):
  File "C:\Users\Hyperbook\miniconda3\Lib\asyncio\events.py", line 88, in _run
    self._context.run(self._callback, *self._args)
  File "C:\Users\Hyperbook\miniconda3\Lib\asyncio\proactor_events.py", line 165, in _call_connection_lost
    self._sock.shutdown(socket.SHUT_RDWR)
ConnectionResetError: [WinError 10054] Istniejące połączenie zostało gwałtownie zamknięte przez zdalnego hosta
2026-04-13 19:20:37 | Process-5 | ERROR | asyncio | Exception in callback _ProactorBasePipeTransport._call_connection_lost(None)
handle: <Handle _ProactorBasePipeTransport._call_connection_lost(None)>
Traceback (most recent call last):
  File "C:\Users\Hyperbook\miniconda3\Lib\asyncio\events.py", line 88, in _run
    self._context.run(self._callback, *self._args)
  File "C:\Users\Hyperbook\miniconda3\Lib\asyncio\proactor_events.py", line 165, in _call_connection_lost
    self._sock.shutdown(socket.SHUT_RDWR)
ConnectionResetError: [WinError 10054] Istniejące połączenie zostało gwałtownie zamknięte przez zdalnego hosta
2026-04-13 19:20:38 | Process-5 | ERROR | asyncio | Exception in callback _ProactorBasePipeTransport._call_connection_lost(None)
handle: <Handle _ProactorBasePipeTransport._call_connection_lost(None)>
Traceback (most recent call last):
  File "C:\Users\Hyperbook\miniconda3\Lib\asyncio\events.py", line 88, in _run
    self._context.run(self._callback, *self._args)
  File "C:\Users\Hyperbook\miniconda3\Lib\asyncio\proactor_events.py", line 165, in _call_connection_lost
    self._sock.shutdown(socket.SHUT_RDWR)
ConnectionResetError: [WinError 10054] Istniejące połączenie zostało gwałtownie zamknięte przez zdalnego hosta
2026-04-13 19:20:42 | Process-5 | ERROR | asyncio | Exception in callback _ProactorBasePipeTransport._call_connection_lost(None)
handle: <Handle _ProactorBasePipeTransport._call_connection_lost(None)>
Traceback (most recent call last):
  File "C:\Users\Hyperbook\miniconda3\Lib\asyncio\events.py", line 88, in _run
    self._context.run(self._callback, *self._args)
  File "C:\Users\Hyperbook\miniconda3\Lib\asyncio\proactor_events.py", line 165, in _call_connection_lost
    self._sock.shutdown(socket.SHUT_RDWR)
ConnectionResetError: [WinError 10054] Istniejące połączenie zostało gwałtownie zamknięte przez zdalnego hosta
2026-04-13 19:20:44 | Process-5 | ERROR | asyncio | Exception in callback _ProactorBasePipeTransport._call_connection_lost(None)
handle: <Handle _ProactorBasePipeTransport._call_connection_lost(None)>
Traceback (most recent call last):
  File "C:\Users\Hyperbook\miniconda3\Lib\asyncio\events.py", line 88, in _run
    self._context.run(self._callback, *self._args)
  File "C:\Users\Hyperbook\miniconda3\Lib\asyncio\proactor_events.py", line 165, in _call_connection_lost
    self._sock.shutdown(socket.SHUT_RDWR)
ConnectionResetError: [WinError 10054] Istniejące połączenie zostało gwałtownie zamknięte przez zdalnego hosta
2026-04-13 19:20:46 | Process-5 | ERROR | asyncio | Exception in callback _ProactorBasePipeTransport._call_connection_lost(None)
handle: <Handle _ProactorBasePipeTransport._call_connection_lost(None)>
Traceback (most recent call last):
  File "C:\Users\Hyperbook\miniconda3\Lib\asyncio\events.py", line 88, in _run
    self._context.run(self._callback, *self._args)
  File "C:\Users\Hyperbook\miniconda3\Lib\asyncio\proactor_events.py", line 165, in _call_connection_lost
    self._sock.shutdown(socket.SHUT_RDWR)
ConnectionResetError: [WinError 10054] Istniejące połączenie zostało gwałtownie zamknięte przez zdalnego hosta
2026-04-13 19:20:49 | Process-5 | ERROR | asyncio | Exception in callback _ProactorBasePipeTransport._call_connection_lost(None)
handle: <Handle _ProactorBasePipeTransport._call_connection_lost(None)>
Traceback (most recent call last):
  File "C:\Users\Hyperbook\miniconda3\Lib\asyncio\events.py", line 88, in _run
    self._context.run(self._callback, *self._args)
  File "C:\Users\Hyperbook\miniconda3\Lib\asyncio\proactor_events.py", line 165, in _call_connection_lost
    self._sock.shutdown(socket.SHUT_RDWR)
ConnectionResetError: [WinError 10054] Istniejące połączenie zostało gwałtownie zamknięte przez zdalnego hosta
2026-04-13 19:20:50 | Process-5 | ERROR | asyncio | Exception in callback _ProactorBasePipeTransport._call_connection_lost(None)
handle: <Handle _ProactorBasePipeTransport._call_connection_lost(None)>
Traceback (most recent call last):
  File "C:\Users\Hyperbook\miniconda3\Lib\asyncio\events.py", line 88, in _run
    self._context.run(self._callback, *self._args)
  File "C:\Users\Hyperbook\miniconda3\Lib\asyncio\proactor_events.py", line 165, in _call_connection_lost
    self._sock.shutdown(socket.SHUT_RDWR)
ConnectionResetError: [WinError 10054] Istniejące połączenie zostało gwałtownie zamknięte przez zdalnego hosta
2026-04-13 19:20:51 | Process-5 | ERROR | asyncio | Exception in callback _ProactorBasePipeTransport._call_connection_lost(None)
handle: <Handle _ProactorBasePipeTransport._call_connection_lost(None)>
Traceback (most recent call last):
  File "C:\Users\Hyperbook\miniconda3\Lib\asyncio\events.py", line 88, in _run
    self._context.run(self._callback, *self._args)
  File "C:\Users\Hyperbook\miniconda3\Lib\asyncio\proactor_events.py", line 165, in _call_connection_lost
    self._sock.shutdown(socket.SHUT_RDWR)
ConnectionResetError: [WinError 10054] Istniejące połączenie zostało gwałtownie zamknięte przez zdalnego hosta
2026-04-13 19:20:53 | Process-5 | ERROR | asyncio | Exception in callback _ProactorBasePipeTransport._call_connection_lost(None)
handle: <Handle _ProactorBasePipeTransport._call_connection_lost(None)>
Traceback (most recent call last):
  File "C:\Users\Hyperbook\miniconda3\Lib\asyncio\events.py", line 88, in _run
    self._context.run(self._callback, *self._args)
  File "C:\Users\Hyperbook\miniconda3\Lib\asyncio\proactor_events.py", line 165, in _call_connection_lost
    self._sock.shutdown(socket.SHUT_RDWR)
ConnectionResetError: [WinError 10054] Istniejące połączenie zostało gwałtownie zamknięte przez zdalnego hosta
2026-04-13 19:20:54 | Process-5 | ERROR | asyncio | Exception in callback _ProactorBasePipeTransport._call_connection_lost(None)
handle: <Handle _ProactorBasePipeTransport._call_connection_lost(None)>
Traceback (most recent call last):
  File "C:\Users\Hyperbook\miniconda3\Lib\asyncio\events.py", line 88, in _run
    self._context.run(self._callback, *self._args)
  File "C:\Users\Hyperbook\miniconda3\Lib\asyncio\proactor_events.py", line 165, in _call_connection_lost
    self._sock.shutdown(socket.SHUT_RDWR)
ConnectionResetError: [WinError 10054] Istniejące połączenie zostało gwałtownie zamknięte przez zdalnego hosta
2026-04-13 19:20:55 | Process-5 | ERROR | asyncio | Exception in callback _ProactorBasePipeTransport._call_connection_lost(None)
handle: <Handle _ProactorBasePipeTransport._call_connection_lost(None)>
Traceback (most recent call last):
  File "C:\Users\Hyperbook\miniconda3\Lib\asyncio\events.py", line 88, in _run
    self._context.run(self._callback, *self._args)
  File "C:\Users\Hyperbook\miniconda3\Lib\asyncio\proactor_events.py", line 165, in _call_connection_lost
    self._sock.shutdown(socket.SHUT_RDWR)
ConnectionResetError: [WinError 10054] Istniejące połączenie zostało gwałtownie zamknięte przez zdalnego hosta
2026-04-13 19:20:58 | Process-5 | ERROR | asyncio | Exception in callback _ProactorBasePipeTransport._call_connection_lost(None)
handle: <Handle _ProactorBasePipeTransport._call_connection_lost(None)>
Traceback (most recent call last):
  File "C:\Users\Hyperbook\miniconda3\Lib\asyncio\events.py", line 88, in _run
    self._context.run(self._callback, *self._args)
  File "C:\Users\Hyperbook\miniconda3\Lib\asyncio\proactor_events.py", line 165, in _call_connection_lost
    self._sock.shutdown(socket.SHUT_RDWR)
ConnectionResetError: [WinError 10054] Istniejące połączenie zostało gwałtownie zamknięte przez zdalnego hosta
2026-04-13 19:20:59 | Process-5 | ERROR | asyncio | Exception in callback _ProactorBasePipeTransport._call_connection_lost(None)
handle: <Handle _ProactorBasePipeTransport._call_connection_lost(None)>
Traceback (most recent call last):
  File "C:\Users\Hyperbook\miniconda3\Lib\asyncio\events.py", line 88, in _run
    self._context.run(self._callback, *self._args)
  File "C:\Users\Hyperbook\miniconda3\Lib\asyncio\proactor_events.py", line 165, in _call_connection_lost
    self._sock.shutdown(socket.SHUT_RDWR)
ConnectionResetError: [WinError 10054] Istniejące połączenie zostało gwałtownie zamknięte przez zdalnego hosta
2026-04-13 19:20:59 | Process-5 | ERROR | asyncio | Exception in callback _ProactorBasePipeTransport._call_connection_lost(None)
handle: <Handle _ProactorBasePipeTransport._call_connection_lost(None)>
Traceback (most recent call last):
  File "C:\Users\Hyperbook\miniconda3\Lib\asyncio\events.py", line 88, in _run
    self._context.run(self._callback, *self._args)
  File "C:\Users\Hyperbook\miniconda3\Lib\asyncio\proactor_events.py", line 165, in _call_connection_lost
    self._sock.shutdown(socket.SHUT_RDWR)
ConnectionResetError: [WinError 10054] Istniejące połączenie zostało gwałtownie zamknięte przez zdalnego hosta
2026-04-13 19:21:00 | Process-5 | ERROR | asyncio | Exception in callback _ProactorBasePipeTransport._call_connection_lost(None)
handle: <Handle _ProactorBasePipeTransport._call_connection_lost(None)>
Traceback (most recent call last):
  File "C:\Users\Hyperbook\miniconda3\Lib\asyncio\events.py", line 88, in _run
    self._context.run(self._callback, *self._args)
  File "C:\Users\Hyperbook\miniconda3\Lib\asyncio\proactor_events.py", line 165, in _call_connection_lost
    self._sock.shutdown(socket.SHUT_RDWR)
ConnectionResetError: [WinError 10054] Istniejące połączenie zostało gwałtownie zamknięte przez zdalnego hosta
2026-04-13 19:21:02 | Process-5 | ERROR | asyncio | Exception in callback _ProactorBasePipeTransport._call_connection_lost(None)
handle: <Handle _ProactorBasePipeTransport._call_connection_lost(None)>
Traceback (most recent call last):
  File "C:\Users\Hyperbook\miniconda3\Lib\asyncio\events.py", line 88, in _run
    self._context.run(self._callback, *self._args)
  File "C:\Users\Hyperbook\miniconda3\Lib\asyncio\proactor_events.py", line 165, in _call_connection_lost
    self._sock.shutdown(socket.SHUT_RDWR)
ConnectionResetError: [WinError 10054] Istniejące połączenie zostało gwałtownie zamknięte przez zdalnego hosta
2026-04-13 19:21:02 | Process-5 | ERROR | asyncio | Exception in callback _ProactorBasePipeTransport._call_connection_lost(None)
handle: <Handle _ProactorBasePipeTransport._call_connection_lost(None)>
Traceback (most recent call last):
  File "C:\Users\Hyperbook\miniconda3\Lib\asyncio\events.py", line 88, in _run
    self._context.run(self._callback, *self._args)
  File "C:\Users\Hyperbook\miniconda3\Lib\asyncio\proactor_events.py", line 165, in _call_connection_lost
    self._sock.shutdown(socket.SHUT_RDWR)
ConnectionResetError: [WinError 10054] Istniejące połączenie zostało gwałtownie zamknięte przez zdalnego hosta
2026-04-13 19:21:03 | Process-5 | ERROR | asyncio | Exception in callback _ProactorBasePipeTransport._call_connection_lost(None)
handle: <Handle _ProactorBasePipeTransport._call_connection_lost(None)>
Traceback (most recent call last):
  File "C:\Users\Hyperbook\miniconda3\Lib\asyncio\events.py", line 88, in _run
    self._context.run(self._callback, *self._args)
  File "C:\Users\Hyperbook\miniconda3\Lib\asyncio\proactor_events.py", line 165, in _call_connection_lost
    self._sock.shutdown(socket.SHUT_RDWR)
ConnectionResetError: [WinError 10054] Istniejące połączenie zostało gwałtownie zamknięte przez zdalnego hosta
2026-04-13 19:21:04 | Process-5 | ERROR | asyncio | Exception in callback _ProactorBasePipeTransport._call_connection_lost(None)
handle: <Handle _ProactorBasePipeTransport._call_connection_lost(None)>
Traceback (most recent call last):
  File "C:\Users\Hyperbook\miniconda3\Lib\asyncio\events.py", line 88, in _run
    self._context.run(self._callback, *self._args)
  File "C:\Users\Hyperbook\miniconda3\Lib\asyncio\proactor_events.py", line 165, in _call_connection_lost
    self._sock.shutdown(socket.SHUT_RDWR)
ConnectionResetError: [WinError 10054] Istniejące połączenie zostało gwałtownie zamknięte przez zdalnego hosta
2026-04-13 19:21:04 | Process-5 | ERROR | asyncio | Exception in callback _ProactorBasePipeTransport._call_connection_lost(None)
handle: <Handle _ProactorBasePipeTransport._call_connection_lost(None)>
Traceback (most recent call last):
  File "C:\Users\Hyperbook\miniconda3\Lib\asyncio\events.py", line 88, in _run
    self._context.run(self._callback, *self._args)
  File "C:\Users\Hyperbook\miniconda3\Lib\asyncio\proactor_events.py", line 165, in _call_connection_lost
    self._sock.shutdown(socket.SHUT_RDWR)
ConnectionResetError: [WinError 10054] Istniejące połączenie zostało gwałtownie zamknięte przez zdalnego hosta
2026-04-13 19:21:06 | Process-5 | ERROR | asyncio | Exception in callback _ProactorBasePipeTransport._call_connection_lost(None)
handle: <Handle _ProactorBasePipeTransport._call_connection_lost(None)>
Traceback (most recent call last):
  File "C:\Users\Hyperbook\miniconda3\Lib\asyncio\events.py", line 88, in _run
    self._context.run(self._callback, *self._args)
  File "C:\Users\Hyperbook\miniconda3\Lib\asyncio\proactor_events.py", line 165, in _call_connection_lost
    self._sock.shutdown(socket.SHUT_RDWR)
ConnectionResetError: [WinError 10054] Istniejące połączenie zostało gwałtownie zamknięte przez zdalnego hosta
2026-04-13 19:21:08 | Process-5 | ERROR | asyncio | Exception in callback _ProactorBasePipeTransport._call_connection_lost(None)
handle: <Handle _ProactorBasePipeTransport._call_connection_lost(None)>
Traceback (most recent call last):
  File "C:\Users\Hyperbook\miniconda3\Lib\asyncio\events.py", line 88, in _run
    self._context.run(self._callback, *self._args)
  File "C:\Users\Hyperbook\miniconda3\Lib\asyncio\proactor_events.py", line 165, in _call_connection_lost
    self._sock.shutdown(socket.SHUT_RDWR)
ConnectionResetError: [WinError 10054] Istniejące połączenie zostało gwałtownie zamknięte przez zdalnego hosta
2026-04-13 19:21:08 | Process-5 | ERROR | asyncio | Exception in callback _ProactorBasePipeTransport._call_connection_lost(None)
handle: <Handle _ProactorBasePipeTransport._call_connection_lost(None)>
Traceback (most recent call last):
  File "C:\Users\Hyperbook\miniconda3\Lib\asyncio\events.py", line 88, in _run
    self._context.run(self._callback, *self._args)
  File "C:\Users\Hyperbook\miniconda3\Lib\asyncio\proactor_events.py", line 165, in _call_connection_lost
    self._sock.shutdown(socket.SHUT_RDWR)
ConnectionResetError: [WinError 10054] Istniejące połączenie zostało gwałtownie zamknięte przez zdalnego hosta
2026-04-13 19:21:09 | Process-5 | ERROR | asyncio | Exception in callback _ProactorBasePipeTransport._call_connection_lost(None)
handle: <Handle _ProactorBasePipeTransport._call_connection_lost(None)>
Traceback (most recent call last):
  File "C:\Users\Hyperbook\miniconda3\Lib\asyncio\events.py", line 88, in _run
    self._context.run(self._callback, *self._args)
  File "C:\Users\Hyperbook\miniconda3\Lib\asyncio\proactor_events.py", line 165, in _call_connection_lost
    self._sock.shutdown(socket.SHUT_RDWR)
ConnectionResetError: [WinError 10054] Istniejące połączenie zostało gwałtownie zamknięte przez zdalnego hosta
2026-04-13 19:21:12 | Process-5 | ERROR | asyncio | Exception in callback _ProactorBasePipeTransport._call_connection_lost(None)
handle: <Handle _ProactorBasePipeTransport._call_connection_lost(None)>
Traceback (most recent call last):
  File "C:\Users\Hyperbook\miniconda3\Lib\asyncio\events.py", line 88, in _run
    self._context.run(self._callback, *self._args)
  File "C:\Users\Hyperbook\miniconda3\Lib\asyncio\proactor_events.py", line 165, in _call_connection_lost
    self._sock.shutdown(socket.SHUT_RDWR)
ConnectionResetError: [WinError 10054] Istniejące połączenie zostało gwałtownie zamknięte przez zdalnego hosta
2026-04-13 19:21:13 | Process-5 | ERROR | asyncio | Exception in callback _ProactorBasePipeTransport._call_connection_lost(None)
handle: <Handle _ProactorBasePipeTransport._call_connection_lost(None)>
Traceback (most recent call last):
  File "C:\Users\Hyperbook\miniconda3\Lib\asyncio\events.py", line 88, in _run
    self._context.run(self._callback, *self._args)
  File "C:\Users\Hyperbook\miniconda3\Lib\asyncio\proactor_events.py", line 165, in _call_connection_lost
    self._sock.shutdown(socket.SHUT_RDWR)
ConnectionResetError: [WinError 10054] Istniejące połączenie zostało gwałtownie zamknięte przez zdalnego hosta
2026-04-13 19:21:13 | Process-5 | ERROR | asyncio | Exception in callback _ProactorBasePipeTransport._call_connection_lost(None)
handle: <Handle _ProactorBasePipeTransport._call_connection_lost(None)>
Traceback (most recent call last):
  File "C:\Users\Hyperbook\miniconda3\Lib\asyncio\events.py", line 88, in _run
    self._context.run(self._callback, *self._args)
  File "C:\Users\Hyperbook\miniconda3\Lib\asyncio\proactor_events.py", line 165, in _call_connection_lost
    self._sock.shutdown(socket.SHUT_RDWR)
ConnectionResetError: [WinError 10054] Istniejące połączenie zostało gwałtownie zamknięte przez zdalnego hosta
2026-04-13 19:21:16 | Process-5 | ERROR | asyncio | Exception in callback _ProactorBasePipeTransport._call_connection_lost(None)
handle: <Handle _ProactorBasePipeTransport._call_connection_lost(None)>
Traceback (most recent call last):
  File "C:\Users\Hyperbook\miniconda3\Lib\asyncio\events.py", line 88, in _run
    self._context.run(self._callback, *self._args)
  File "C:\Users\Hyperbook\miniconda3\Lib\asyncio\proactor_events.py", line 165, in _call_connection_lost
    self._sock.shutdown(socket.SHUT_RDWR)
ConnectionResetError: [WinError 10054] Istniejące połączenie zostało gwałtownie zamknięte przez zdalnego hosta
2026-04-13 19:21:17 | Process-5 | ERROR | asyncio | Exception in callback _ProactorBasePipeTransport._call_connection_lost(None)
handle: <Handle _ProactorBasePipeTransport._call_connection_lost(None)>
Traceback (most recent call last):
  File "C:\Users\Hyperbook\miniconda3\Lib\asyncio\events.py", line 88, in _run
    self._context.run(self._callback, *self._args)
  File "C:\Users\Hyperbook\miniconda3\Lib\asyncio\proactor_events.py", line 165, in _call_connection_lost
    self._sock.shutdown(socket.SHUT_RDWR)
ConnectionResetError: [WinError 10054] Istniejące połączenie zostało gwałtownie zamknięte przez zdalnego hosta
2026-04-13 19:21:17 | Process-5 | ERROR | asyncio | Exception in callback _ProactorBasePipeTransport._call_connection_lost(None)
handle: <Handle _ProactorBasePipeTransport._call_connection_lost(None)>
Traceback (most recent call last):
  File "C:\Users\Hyperbook\miniconda3\Lib\asyncio\events.py", line 88, in _run
    self._context.run(self._callback, *self._args)
  File "C:\Users\Hyperbook\miniconda3\Lib\asyncio\proactor_events.py", line 165, in _call_connection_lost
    self._sock.shutdown(socket.SHUT_RDWR)
ConnectionResetError: [WinError 10054] Istniejące połączenie zostało gwałtownie zamknięte przez zdalnego hosta
2026-04-13 19:21:18 | Process-5 | ERROR | asyncio | Exception in callback _ProactorBasePipeTransport._call_connection_lost(None)
handle: <Handle _ProactorBasePipeTransport._call_connection_lost(None)>
Traceback (most recent call last):
  File "C:\Users\Hyperbook\miniconda3\Lib\asyncio\events.py", line 88, in _run
    self._context.run(self._callback, *self._args)
  File "C:\Users\Hyperbook\miniconda3\Lib\asyncio\proactor_events.py", line 165, in _call_connection_lost
    self._sock.shutdown(socket.SHUT_RDWR)
ConnectionResetError: [WinError 10054] Istniejące połączenie zostało gwałtownie zamknięte przez zdalnego hosta
2026-04-13 19:21:20 | Process-5 | ERROR | asyncio | Exception in callback _ProactorBasePipeTransport._call_connection_lost(None)
handle: <Handle _ProactorBasePipeTransport._call_connection_lost(None)>
Traceback (most recent call last):
  File "C:\Users\Hyperbook\miniconda3\Lib\asyncio\events.py", line 88, in _run
    self._context.run(self._callback, *self._args)
  File "C:\Users\Hyperbook\miniconda3\Lib\asyncio\proactor_events.py", line 165, in _call_connection_lost
    self._sock.shutdown(socket.SHUT_RDWR)
ConnectionResetError: [WinError 10054] Istniejące połączenie zostało gwałtownie zamknięte przez zdalnego hosta
2026-04-13 19:21:21 | Process-5 | ERROR | asyncio | Exception in callback _ProactorBasePipeTransport._call_connection_lost(None)
handle: <Handle _ProactorBasePipeTransport._call_connection_lost(None)>
Traceback (most recent call last):
  File "C:\Users\Hyperbook\miniconda3\Lib\asyncio\events.py", line 88, in _run
    self._context.run(self._callback, *self._args)
  File "C:\Users\Hyperbook\miniconda3\Lib\asyncio\proactor_events.py", line 165, in _call_connection_lost
    self._sock.shutdown(socket.SHUT_RDWR)
ConnectionResetError: [WinError 10054] Istniejące połączenie zostało gwałtownie zamknięte przez zdalnego hosta
2026-04-13 19:21:21 | Process-5 | ERROR | asyncio | Exception in callback _ProactorBasePipeTransport._call_connection_lost(None)
handle: <Handle _ProactorBasePipeTransport._call_connection_lost(None)>
Traceback (most recent call last):
  File "C:\Users\Hyperbook\miniconda3\Lib\asyncio\events.py", line 88, in _run
    self._context.run(self._callback, *self._args)
  File "C:\Users\Hyperbook\miniconda3\Lib\asyncio\proactor_events.py", line 165, in _call_connection_lost
    self._sock.shutdown(socket.SHUT_RDWR)
ConnectionResetError: [WinError 10054] Istniejące połączenie zostało gwałtownie zamknięte przez zdalnego hosta
2026-04-13 19:21:22 | Process-5 | ERROR | asyncio | Exception in callback _ProactorBasePipeTransport._call_connection_lost(None)
handle: <Handle _ProactorBasePipeTransport._call_connection_lost(None)>
Traceback (most recent call last):
  File "C:\Users\Hyperbook\miniconda3\Lib\asyncio\events.py", line 88, in _run
    self._context.run(self._callback, *self._args)
  File "C:\Users\Hyperbook\miniconda3\Lib\asyncio\proactor_events.py", line 165, in _call_connection_lost
    self._sock.shutdown(socket.SHUT_RDWR)
ConnectionResetError: [WinError 10054] Istniejące połączenie zostało gwałtownie zamknięte przez zdalnego hosta
2026-04-13 19:21:23 | Process-5 | ERROR | asyncio | Exception in callback _ProactorBasePipeTransport._call_connection_lost(None)
handle: <Handle _ProactorBasePipeTransport._call_connection_lost(None)>
Traceback (most recent call last):
  File "C:\Users\Hyperbook\miniconda3\Lib\asyncio\events.py", line 88, in _run
    self._context.run(self._callback, *self._args)
  File "C:\Users\Hyperbook\miniconda3\Lib\asyncio\proactor_events.py", line 165, in _call_connection_lost
    self._sock.shutdown(socket.SHUT_RDWR)
ConnectionResetError: [WinError 10054] Istniejące połączenie zostało gwałtownie zamknięte przez zdalnego hosta
2026-04-13 19:21:23 | Process-5 | ERROR | asyncio | Exception in callback _ProactorBasePipeTransport._call_connection_lost(None)
handle: <Handle _ProactorBasePipeTransport._call_connection_lost(None)>
Traceback (most recent call last):
  File "C:\Users\Hyperbook\miniconda3\Lib\asyncio\events.py", line 88, in _run
    self._context.run(self._callback, *self._args)
  File "C:\Users\Hyperbook\miniconda3\Lib\asyncio\proactor_events.py", line 165, in _call_connection_lost
    self._sock.shutdown(socket.SHUT_RDWR)
ConnectionResetError: [WinError 10054] Istniejące połączenie zostało gwałtownie zamknięte przez zdalnego hosta
2026-04-13 19:21:24 | Process-5 | ERROR | asyncio | Exception in callback _ProactorBasePipeTransport._call_connection_lost(None)
handle: <Handle _ProactorBasePipeTransport._call_connection_lost(None)>
Traceback (most recent call last):
  File "C:\Users\Hyperbook\miniconda3\Lib\asyncio\events.py", line 88, in _run
    self._context.run(self._callback, *self._args)
  File "C:\Users\Hyperbook\miniconda3\Lib\asyncio\proactor_events.py", line 165, in _call_connection_lost
    self._sock.shutdown(socket.SHUT_RDWR)
ConnectionResetError: [WinError 10054] Istniejące połączenie zostało gwałtownie zamknięte przez zdalnego hosta
2026-04-13 19:21:24 | Process-5 | ERROR | asyncio | Exception in callback _ProactorBasePipeTransport._call_connection_lost(None)
handle: <Handle _ProactorBasePipeTransport._call_connection_lost(None)>
Traceback (most recent call last):
  File "C:\Users\Hyperbook\miniconda3\Lib\asyncio\events.py", line 88, in _run
    self._context.run(self._callback, *self._args)
  File "C:\Users\Hyperbook\miniconda3\Lib\asyncio\proactor_events.py", line 165, in _call_connection_lost
    self._sock.shutdown(socket.SHUT_RDWR)
ConnectionResetError: [WinError 10054] Istniejące połączenie zostało gwałtownie zamknięte przez zdalnego hosta
2026-04-13 19:21:25 | Process-5 | ERROR | asyncio | Exception in callback _ProactorBasePipeTransport._call_connection_lost(None)
handle: <Handle _ProactorBasePipeTransport._call_connection_lost(None)>
Traceback (most recent call last):
  File "C:\Users\Hyperbook\miniconda3\Lib\asyncio\events.py", line 88, in _run
    self._context.run(self._callback, *self._args)
  File "C:\Users\Hyperbook\miniconda3\Lib\asyncio\proactor_events.py", line 165, in _call_connection_lost
    self._sock.shutdown(socket.SHUT_RDWR)
ConnectionResetError: [WinError 10054] Istniejące połączenie zostało gwałtownie zamknięte przez zdalnego hosta
2026-04-13 19:21:27 | Process-5 | ERROR | asyncio | Exception in callback _ProactorBasePipeTransport._call_connection_lost(None)
handle: <Handle _ProactorBasePipeTransport._call_connection_lost(None)>
Traceback (most recent call last):
  File "C:\Users\Hyperbook\miniconda3\Lib\asyncio\events.py", line 88, in _run
    self._context.run(self._callback, *self._args)
  File "C:\Users\Hyperbook\miniconda3\Lib\asyncio\proactor_events.py", line 165, in _call_connection_lost
    self._sock.shutdown(socket.SHUT_RDWR)
ConnectionResetError: [WinError 10054] Istniejące połączenie zostało gwałtownie zamknięte przez zdalnego hosta
2026-04-13 19:21:27 | Process-5 | ERROR | asyncio | Exception in callback _ProactorBasePipeTransport._call_connection_lost(None)
handle: <Handle _ProactorBasePipeTransport._call_connection_lost(None)>
Traceback (most recent call last):
  File "C:\Users\Hyperbook\miniconda3\Lib\asyncio\events.py", line 88, in _run
    self._context.run(self._callback, *self._args)
  File "C:\Users\Hyperbook\miniconda3\Lib\asyncio\proactor_events.py", line 165, in _call_connection_lost
    self._sock.shutdown(socket.SHUT_RDWR)
ConnectionResetError: [WinError 10054] Istniejące połączenie zostało gwałtownie zamknięte przez zdalnego hosta
2026-04-13 19:21:28 | Process-5 | ERROR | asyncio | Exception in callback _ProactorBasePipeTransport._call_connection_lost(None)
handle: <Handle _ProactorBasePipeTransport._call_connection_lost(None)>
Traceback (most recent call last):
  File "C:\Users\Hyperbook\miniconda3\Lib\asyncio\events.py", line 88, in _run
    self._context.run(self._callback, *self._args)
  File "C:\Users\Hyperbook\miniconda3\Lib\asyncio\proactor_events.py", line 165, in _call_connection_lost
    self._sock.shutdown(socket.SHUT_RDWR)
ConnectionResetError: [WinError 10054] Istniejące połączenie zostało gwałtownie zamknięte przez zdalnego hosta
2026-04-13 19:21:29 | Process-5 | ERROR | asyncio | Exception in callback _ProactorBasePipeTransport._call_connection_lost(None)
handle: <Handle _ProactorBasePipeTransport._call_connection_lost(None)>
Traceback (most recent call last):
  File "C:\Users\Hyperbook\miniconda3\Lib\asyncio\events.py", line 88, in _run
    self._context.run(self._callback, *self._args)
  File "C:\Users\Hyperbook\miniconda3\Lib\asyncio\proactor_events.py", line 165, in _call_connection_lost
    self._sock.shutdown(socket.SHUT_RDWR)
ConnectionResetError: [WinError 10054] Istniejące połączenie zostało gwałtownie zamknięte przez zdalnego hosta
2026-04-13 19:21:29 | Process-5 | ERROR | asyncio | Exception in callback _ProactorBasePipeTransport._call_connection_lost(None)
handle: <Handle _ProactorBasePipeTransport._call_connection_lost(None)>
Traceback (most recent call last):
  File "C:\Users\Hyperbook\miniconda3\Lib\asyncio\events.py", line 88, in _run
    self._context.run(self._callback, *self._args)
  File "C:\Users\Hyperbook\miniconda3\Lib\asyncio\proactor_events.py", line 165, in _call_connection_lost
    self._sock.shutdown(socket.SHUT_RDWR)
ConnectionResetError: [WinError 10054] Istniejące połączenie zostało gwałtownie zamknięte przez zdalnego hosta
2026-04-13 19:21:30 | Process-5 | ERROR | asyncio | Exception in callback _ProactorBasePipeTransport._call_connection_lost(None)
handle: <Handle _ProactorBasePipeTransport._call_connection_lost(None)>
Traceback (most recent call last):
  File "C:\Users\Hyperbook\miniconda3\Lib\asyncio\events.py", line 88, in _run
    self._context.run(self._callback, *self._args)
  File "C:\Users\Hyperbook\miniconda3\Lib\asyncio\proactor_events.py", line 165, in _call_connection_lost
    self._sock.shutdown(socket.SHUT_RDWR)
ConnectionResetError: [WinError 10054] Istniejące połączenie zostało gwałtownie zamknięte przez zdalnego hosta
2026-04-13 19:21:32 | Process-5 | ERROR | asyncio | Exception in callback _ProactorBasePipeTransport._call_connection_lost(None)
handle: <Handle _ProactorBasePipeTransport._call_connection_lost(None)>
Traceback (most recent call last):
  File "C:\Users\Hyperbook\miniconda3\Lib\asyncio\events.py", line 88, in _run
    self._context.run(self._callback, *self._args)
  File "C:\Users\Hyperbook\miniconda3\Lib\asyncio\proactor_events.py", line 165, in _call_connection_lost
    self._sock.shutdown(socket.SHUT_RDWR)
ConnectionResetError: [WinError 10054] Istniejące połączenie zostało gwałtownie zamknięte przez zdalnego hosta
2026-04-13 19:21:33 | Process-5 | ERROR | asyncio | Exception in callback _ProactorBasePipeTransport._call_connection_lost(None)
handle: <Handle _ProactorBasePipeTransport._call_connection_lost(None)>
Traceback (most recent call last):
  File "C:\Users\Hyperbook\miniconda3\Lib\asyncio\events.py", line 88, in _run
    self._context.run(self._callback, *self._args)
  File "C:\Users\Hyperbook\miniconda3\Lib\asyncio\proactor_events.py", line 165, in _call_connection_lost
    self._sock.shutdown(socket.SHUT_RDWR)
ConnectionResetError: [WinError 10054] Istniejące połączenie zostało gwałtownie zamknięte przez zdalnego hosta
2026-04-13 19:21:38 | Process-5 | ERROR | asyncio | Exception in callback _ProactorBasePipeTransport._call_connection_lost(None)
handle: <Handle _ProactorBasePipeTransport._call_connection_lost(None)>
Traceback (most recent call last):
  File "C:\Users\Hyperbook\miniconda3\Lib\asyncio\events.py", line 88, in _run
    self._context.run(self._callback, *self._args)
  File "C:\Users\Hyperbook\miniconda3\Lib\asyncio\proactor_events.py", line 165, in _call_connection_lost
    self._sock.shutdown(socket.SHUT_RDWR)
ConnectionResetError: [WinError 10054] Istniejące połączenie zostało gwałtownie zamknięte przez zdalnego hosta
2026-04-13 19:21:39 | Process-5 | ERROR | asyncio | Exception in callback _ProactorBasePipeTransport._call_connection_lost(None)
handle: <Handle _ProactorBasePipeTransport._call_connection_lost(None)>
Traceback (most recent call last):
  File "C:\Users\Hyperbook\miniconda3\Lib\asyncio\events.py", line 88, in _run
    self._context.run(self._callback, *self._args)
  File "C:\Users\Hyperbook\miniconda3\Lib\asyncio\proactor_events.py", line 165, in _call_connection_lost
    self._sock.shutdown(socket.SHUT_RDWR)
ConnectionResetError: [WinError 10054] Istniejące połączenie zostało gwałtownie zamknięte przez zdalnego hosta
2026-04-13 19:21:44 | Process-5 | ERROR | asyncio | Exception in callback _ProactorBasePipeTransport._call_connection_lost(None)
handle: <Handle _ProactorBasePipeTransport._call_connection_lost(None)>
Traceback (most recent call last):
  File "C:\Users\Hyperbook\miniconda3\Lib\asyncio\events.py", line 88, in _run
    self._context.run(self._callback, *self._args)
  File "C:\Users\Hyperbook\miniconda3\Lib\asyncio\proactor_events.py", line 165, in _call_connection_lost
    self._sock.shutdown(socket.SHUT_RDWR)
ConnectionResetError: [WinError 10054] Istniejące połączenie zostało gwałtownie zamknięte przez zdalnego hosta
2026-04-13 19:21:46 | Process-5 | ERROR | asyncio | Exception in callback _ProactorBasePipeTransport._call_connection_lost(None)
handle: <Handle _ProactorBasePipeTransport._call_connection_lost(None)>
Traceback (most recent call last):
  File "C:\Users\Hyperbook\miniconda3\Lib\asyncio\events.py", line 88, in _run
    self._context.run(self._callback, *self._args)
  File "C:\Users\Hyperbook\miniconda3\Lib\asyncio\proactor_events.py", line 165, in _call_connection_lost
    self._sock.shutdown(socket.SHUT_RDWR)
ConnectionResetError: [WinError 10054] Istniejące połączenie zostało gwałtownie zamknięte przez zdalnego hosta
2026-04-13 19:21:46 | Process-5 | ERROR | asyncio | Exception in callback _ProactorBasePipeTransport._call_connection_lost(None)
handle: <Handle _ProactorBasePipeTransport._call_connection_lost(None)>
Traceback (most recent call last):
  File "C:\Users\Hyperbook\miniconda3\Lib\asyncio\events.py", line 88, in _run
    self._context.run(self._callback, *self._args)
  File "C:\Users\Hyperbook\miniconda3\Lib\asyncio\proactor_events.py", line 165, in _call_connection_lost
    self._sock.shutdown(socket.SHUT_RDWR)
ConnectionResetError: [WinError 10054] Istniejące połączenie zostało gwałtownie zamknięte przez zdalnego hosta
2026-04-13 19:21:48 | Process-5 | ERROR | asyncio | Exception in callback _ProactorBasePipeTransport._call_connection_lost(None)
handle: <Handle _ProactorBasePipeTransport._call_connection_lost(None)>
Traceback (most recent call last):
  File "C:\Users\Hyperbook\miniconda3\Lib\asyncio\events.py", line 88, in _run
    self._context.run(self._callback, *self._args)
  File "C:\Users\Hyperbook\miniconda3\Lib\asyncio\proactor_events.py", line 165, in _call_connection_lost
    self._sock.shutdown(socket.SHUT_RDWR)
ConnectionResetError: [WinError 10054] Istniejące połączenie zostało gwałtownie zamknięte przez zdalnego hosta
2026-04-13 19:21:49 | Process-5 | ERROR | asyncio | Exception in callback _ProactorBasePipeTransport._call_connection_lost(None)
handle: <Handle _ProactorBasePipeTransport._call_connection_lost(None)>
Traceback (most recent call last):
  File "C:\Users\Hyperbook\miniconda3\Lib\asyncio\events.py", line 88, in _run
    self._context.run(self._callback, *self._args)
  File "C:\Users\Hyperbook\miniconda3\Lib\asyncio\proactor_events.py", line 165, in _call_connection_lost
    self._sock.shutdown(socket.SHUT_RDWR)
ConnectionResetError: [WinError 10054] Istniejące połączenie zostało gwałtownie zamknięte przez zdalnego hosta
2026-04-13 19:21:50 | Process-5 | ERROR | asyncio | Exception in callback _ProactorBasePipeTransport._call_connection_lost(None)
handle: <Handle _ProactorBasePipeTransport._call_connection_lost(None)>
Traceback (most recent call last):
  File "C:\Users\Hyperbook\miniconda3\Lib\asyncio\events.py", line 88, in _run
    self._context.run(self._callback, *self._args)
  File "C:\Users\Hyperbook\miniconda3\Lib\asyncio\proactor_events.py", line 165, in _call_connection_lost
    self._sock.shutdown(socket.SHUT_RDWR)
ConnectionResetError: [WinError 10054] Istniejące połączenie zostało gwałtownie zamknięte przez zdalnego hosta
2026-04-13 19:21:54 | Process-5 | ERROR | asyncio | Exception in callback _ProactorBasePipeTransport._call_connection_lost(None)
handle: <Handle _ProactorBasePipeTransport._call_connection_lost(None)>
Traceback (most recent call last):
  File "C:\Users\Hyperbook\miniconda3\Lib\asyncio\events.py", line 88, in _run
    self._context.run(self._callback, *self._args)
  File "C:\Users\Hyperbook\miniconda3\Lib\asyncio\proactor_events.py", line 165, in _call_connection_lost
    self._sock.shutdown(socket.SHUT_RDWR)
ConnectionResetError: [WinError 10054] Istniejące połączenie zostało gwałtownie zamknięte przez zdalnego hosta
2026-04-13 19:21:59 | Process-5 | ERROR | asyncio | Exception in callback _ProactorBasePipeTransport._call_connection_lost(None)
handle: <Handle _ProactorBasePipeTransport._call_connection_lost(None)>
Traceback (most recent call last):
  File "C:\Users\Hyperbook\miniconda3\Lib\asyncio\events.py", line 88, in _run
    self._context.run(self._callback, *self._args)
  File "C:\Users\Hyperbook\miniconda3\Lib\asyncio\proactor_events.py", line 165, in _call_connection_lost
    self._sock.shutdown(socket.SHUT_RDWR)
ConnectionResetError: [WinError 10054] Istniejące połączenie zostało gwałtownie zamknięte przez zdalnego hosta
2026-04-13 19:22:04 | Process-5 | ERROR | asyncio | Exception in callback _ProactorBasePipeTransport._call_connection_lost(None)
handle: <Handle _ProactorBasePipeTransport._call_connection_lost(None)>
Traceback (most recent call last):
  File "C:\Users\Hyperbook\miniconda3\Lib\asyncio\events.py", line 88, in _run
    self._context.run(self._callback, *self._args)
  File "C:\Users\Hyperbook\miniconda3\Lib\asyncio\proactor_events.py", line 165, in _call_connection_lost
    self._sock.shutdown(socket.SHUT_RDWR)
ConnectionResetError: [WinError 10054] Istniejące połączenie zostało gwałtownie zamknięte przez zdalnego hosta
2026-04-13 19:22:04 | Process-5 | ERROR | asyncio | Exception in callback _ProactorBasePipeTransport._call_connection_lost(None)
handle: <Handle _ProactorBasePipeTransport._call_connection_lost(None)>
Traceback (most recent call last):
  File "C:\Users\Hyperbook\miniconda3\Lib\asyncio\events.py", line 88, in _run
    self._context.run(self._callback, *self._args)
  File "C:\Users\Hyperbook\miniconda3\Lib\asyncio\proactor_events.py", line 165, in _call_connection_lost
    self._sock.shutdown(socket.SHUT_RDWR)
ConnectionResetError: [WinError 10054] Istniejące połączenie zostało gwałtownie zamknięte przez zdalnego hosta
2026-04-13 19:22:04 | Process-5 | ERROR | asyncio | Exception in callback _ProactorBasePipeTransport._call_connection_lost(None)
handle: <Handle _ProactorBasePipeTransport._call_connection_lost(None)>
Traceback (most recent call last):
  File "C:\Users\Hyperbook\miniconda3\Lib\asyncio\events.py", line 88, in _run
    self._context.run(self._callback, *self._args)
  File "C:\Users\Hyperbook\miniconda3\Lib\asyncio\proactor_events.py", line 165, in _call_connection_lost
    self._sock.shutdown(socket.SHUT_RDWR)
ConnectionResetError: [WinError 10054] Istniejące połączenie zostało gwałtownie zamknięte przez zdalnego hosta
2026-04-13 19:22:05 | Process-5 | ERROR | asyncio | Exception in callback _ProactorBasePipeTransport._call_connection_lost(None)
handle: <Handle _ProactorBasePipeTransport._call_connection_lost(None)>
Traceback (most recent call last):
  File "C:\Users\Hyperbook\miniconda3\Lib\asyncio\events.py", line 88, in _run
    self._context.run(self._callback, *self._args)
  File "C:\Users\Hyperbook\miniconda3\Lib\asyncio\proactor_events.py", line 165, in _call_connection_lost
    self._sock.shutdown(socket.SHUT_RDWR)
ConnectionResetError: [WinError 10054] Istniejące połączenie zostało gwałtownie zamknięte przez zdalnego hosta
2026-04-13 19:22:05 | Process-5 | ERROR | asyncio | Exception in callback _ProactorBasePipeTransport._call_connection_lost(None)
handle: <Handle _ProactorBasePipeTransport._call_connection_lost(None)>
Traceback (most recent call last):
  File "C:\Users\Hyperbook\miniconda3\Lib\asyncio\events.py", line 88, in _run
    self._context.run(self._callback, *self._args)
  File "C:\Users\Hyperbook\miniconda3\Lib\asyncio\proactor_events.py", line 165, in _call_connection_lost
    self._sock.shutdown(socket.SHUT_RDWR)
ConnectionResetError: [WinError 10054] Istniejące połączenie zostało gwałtownie zamknięte przez zdalnego hosta
2026-04-13 19:22:11 | Process-5 | ERROR | asyncio | Exception in callback _ProactorBasePipeTransport._call_connection_lost(None)
handle: <Handle _ProactorBasePipeTransport._call_connection_lost(None)>
Traceback (most recent call last):
  File "C:\Users\Hyperbook\miniconda3\Lib\asyncio\events.py", line 88, in _run
    self._context.run(self._callback, *self._args)
  File "C:\Users\Hyperbook\miniconda3\Lib\asyncio\proactor_events.py", line 165, in _call_connection_lost
    self._sock.shutdown(socket.SHUT_RDWR)
ConnectionResetError: [WinError 10054] Istniejące połączenie zostało gwałtownie zamknięte przez zdalnego hosta
2026-04-13 19:22:11 | Process-5 | ERROR | asyncio | Exception in callback _ProactorBasePipeTransport._call_connection_lost(None)
handle: <Handle _ProactorBasePipeTransport._call_connection_lost(None)>
Traceback (most recent call last):
  File "C:\Users\Hyperbook\miniconda3\Lib\asyncio\events.py", line 88, in _run
    self._context.run(self._callback, *self._args)
  File "C:\Users\Hyperbook\miniconda3\Lib\asyncio\proactor_events.py", line 165, in _call_connection_lost
    self._sock.shutdown(socket.SHUT_RDWR)
ConnectionResetError: [WinError 10054] Istniejące połączenie zostało gwałtownie zamknięte przez zdalnego hosta
2026-04-13 19:22:12 | Process-5 | ERROR | asyncio | Exception in callback _ProactorBasePipeTransport._call_connection_lost(None)
handle: <Handle _ProactorBasePipeTransport._call_connection_lost(None)>
Traceback (most recent call last):
  File "C:\Users\Hyperbook\miniconda3\Lib\asyncio\events.py", line 88, in _run
    self._context.run(self._callback, *self._args)
  File "C:\Users\Hyperbook\miniconda3\Lib\asyncio\proactor_events.py", line 165, in _call_connection_lost
    self._sock.shutdown(socket.SHUT_RDWR)
ConnectionResetError: [WinError 10054] Istniejące połączenie zostało gwałtownie zamknięte przez zdalnego hosta
2026-04-13 19:22:12 | Process-5 | ERROR | asyncio | Exception in callback _ProactorBasePipeTransport._call_connection_lost(None)
handle: <Handle _ProactorBasePipeTransport._call_connection_lost(None)>
Traceback (most recent call last):
  File "C:\Users\Hyperbook\miniconda3\Lib\asyncio\events.py", line 88, in _run
    self._context.run(self._callback, *self._args)
  File "C:\Users\Hyperbook\miniconda3\Lib\asyncio\proactor_events.py", line 165, in _call_connection_lost
    self._sock.shutdown(socket.SHUT_RDWR)
ConnectionResetError: [WinError 10054] Istniejące połączenie zostało gwałtownie zamknięte przez zdalnego hosta
2026-04-13 19:22:12 | Process-5 | ERROR | asyncio | Exception in callback _ProactorBasePipeTransport._call_connection_lost(None)
handle: <Handle _ProactorBasePipeTransport._call_connection_lost(None)>
Traceback (most recent call last):
  File "C:\Users\Hyperbook\miniconda3\Lib\asyncio\events.py", line 88, in _run
    self._context.run(self._callback, *self._args)
  File "C:\Users\Hyperbook\miniconda3\Lib\asyncio\proactor_events.py", line 165, in _call_connection_lost
    self._sock.shutdown(socket.SHUT_RDWR)
ConnectionResetError: [WinError 10054] Istniejące połączenie zostało gwałtownie zamknięte przez zdalnego hosta
2026-04-13 19:22:12 | Process-5 | ERROR | asyncio | Exception in callback _ProactorBasePipeTransport._call_connection_lost(None)
handle: <Handle _ProactorBasePipeTransport._call_connection_lost(None)>
Traceback (most recent call last):
  File "C:\Users\Hyperbook\miniconda3\Lib\asyncio\events.py", line 88, in _run
    self._context.run(self._callback, *self._args)
  File "C:\Users\Hyperbook\miniconda3\Lib\asyncio\proactor_events.py", line 165, in _call_connection_lost
    self._sock.shutdown(socket.SHUT_RDWR)
ConnectionResetError: [WinError 10054] Istniejące połączenie zostało gwałtownie zamknięte przez zdalnego hosta
2026-04-13 19:22:17 | Process-5 | ERROR | asyncio | Exception in callback _ProactorBasePipeTransport._call_connection_lost(None)
handle: <Handle _ProactorBasePipeTransport._call_connection_lost(None)>
Traceback (most recent call last):
  File "C:\Users\Hyperbook\miniconda3\Lib\asyncio\events.py", line 88, in _run
    self._context.run(self._callback, *self._args)
  File "C:\Users\Hyperbook\miniconda3\Lib\asyncio\proactor_events.py", line 165, in _call_connection_lost
    self._sock.shutdown(socket.SHUT_RDWR)
ConnectionResetError: [WinError 10054] Istniejące połączenie zostało gwałtownie zamknięte przez zdalnego hosta
2026-04-13 19:22:18 | Process-5 | ERROR | asyncio | Exception in callback _ProactorBasePipeTransport._call_connection_lost(None)
handle: <Handle _ProactorBasePipeTransport._call_connection_lost(None)>
Traceback (most recent call last):
  File "C:\Users\Hyperbook\miniconda3\Lib\asyncio\events.py", line 88, in _run
    self._context.run(self._callback, *self._args)
  File "C:\Users\Hyperbook\miniconda3\Lib\asyncio\proactor_events.py", line 165, in _call_connection_lost
    self._sock.shutdown(socket.SHUT_RDWR)
ConnectionResetError: [WinError 10054] Istniejące połączenie zostało gwałtownie zamknięte przez zdalnego hosta
2026-04-13 19:22:18 | Process-5 | ERROR | asyncio | Exception in callback _ProactorBasePipeTransport._call_connection_lost(None)
handle: <Handle _ProactorBasePipeTransport._call_connection_lost(None)>
Traceback (most recent call last):
  File "C:\Users\Hyperbook\miniconda3\Lib\asyncio\events.py", line 88, in _run
    self._context.run(self._callback, *self._args)
  File "C:\Users\Hyperbook\miniconda3\Lib\asyncio\proactor_events.py", line 165, in _call_connection_lost
    self._sock.shutdown(socket.SHUT_RDWR)
ConnectionResetError: [WinError 10054] Istniejące połączenie zostało gwałtownie zamknięte przez zdalnego hosta
2026-04-13 19:22:19 | Process-5 | ERROR | asyncio | Exception in callback _ProactorBasePipeTransport._call_connection_lost(None)
handle: <Handle _ProactorBasePipeTransport._call_connection_lost(None)>
Traceback (most recent call last):
  File "C:\Users\Hyperbook\miniconda3\Lib\asyncio\events.py", line 88, in _run
    self._context.run(self._callback, *self._args)
  File "C:\Users\Hyperbook\miniconda3\Lib\asyncio\proactor_events.py", line 165, in _call_connection_lost
    self._sock.shutdown(socket.SHUT_RDWR)
ConnectionResetError: [WinError 10054] Istniejące połączenie zostało gwałtownie zamknięte przez zdalnego hosta
2026-04-13 19:22:20 | Process-5 | ERROR | asyncio | Exception in callback _ProactorBasePipeTransport._call_connection_lost(None)
handle: <Handle _ProactorBasePipeTransport._call_connection_lost(None)>
Traceback (most recent call last):
  File "C:\Users\Hyperbook\miniconda3\Lib\asyncio\events.py", line 88, in _run
    self._context.run(self._callback, *self._args)
  File "C:\Users\Hyperbook\miniconda3\Lib\asyncio\proactor_events.py", line 165, in _call_connection_lost
    self._sock.shutdown(socket.SHUT_RDWR)
ConnectionResetError: [WinError 10054] Istniejące połączenie zostało gwałtownie zamknięte przez zdalnego hosta
2026-04-13 19:22:20 | Process-5 | ERROR | asyncio | Exception in callback _ProactorBasePipeTransport._call_connection_lost(None)
handle: <Handle _ProactorBasePipeTransport._call_connection_lost(None)>
Traceback (most recent call last):
  File "C:\Users\Hyperbook\miniconda3\Lib\asyncio\events.py", line 88, in _run
    self._context.run(self._callback, *self._args)
  File "C:\Users\Hyperbook\miniconda3\Lib\asyncio\proactor_events.py", line 165, in _call_connection_lost
    self._sock.shutdown(socket.SHUT_RDWR)
ConnectionResetError: [WinError 10054] Istniejące połączenie zostało gwałtownie zamknięte przez zdalnego hosta
2026-04-13 19:22:23 | Process-5 | ERROR | asyncio | Exception in callback _ProactorBasePipeTransport._call_connection_lost(None)
handle: <Handle _ProactorBasePipeTransport._call_connection_lost(None)>
Traceback (most recent call last):
  File "C:\Users\Hyperbook\miniconda3\Lib\asyncio\events.py", line 88, in _run
    self._context.run(self._callback, *self._args)
  File "C:\Users\Hyperbook\miniconda3\Lib\asyncio\proactor_events.py", line 165, in _call_connection_lost
    self._sock.shutdown(socket.SHUT_RDWR)
ConnectionResetError: [WinError 10054] Istniejące połączenie zostało gwałtownie zamknięte przez zdalnego hosta
2026-04-13 19:22:24 | Process-5 | ERROR | asyncio | Exception in callback _ProactorBasePipeTransport._call_connection_lost(None)
handle: <Handle _ProactorBasePipeTransport._call_connection_lost(None)>
Traceback (most recent call last):
  File "C:\Users\Hyperbook\miniconda3\Lib\asyncio\events.py", line 88, in _run
    self._context.run(self._callback, *self._args)
  File "C:\Users\Hyperbook\miniconda3\Lib\asyncio\proactor_events.py", line 165, in _call_connection_lost
    self._sock.shutdown(socket.SHUT_RDWR)
ConnectionResetError: [WinError 10054] Istniejące połączenie zostało gwałtownie zamknięte przez zdalnego hosta
2026-04-13 19:22:25 | Process-5 | ERROR | asyncio | Exception in callback _ProactorBasePipeTransport._call_connection_lost(None)
handle: <Handle _ProactorBasePipeTransport._call_connection_lost(None)>
Traceback (most recent call last):
  File "C:\Users\Hyperbook\miniconda3\Lib\asyncio\events.py", line 88, in _run
    self._context.run(self._callback, *self._args)
  File "C:\Users\Hyperbook\miniconda3\Lib\asyncio\proactor_events.py", line 165, in _call_connection_lost
    self._sock.shutdown(socket.SHUT_RDWR)
ConnectionResetError: [WinError 10054] Istniejące połączenie zostało gwałtownie zamknięte przez zdalnego hosta
2026-04-13 19:22:27 | Process-5 | ERROR | asyncio | Exception in callback _ProactorBasePipeTransport._call_connection_lost(None)
handle: <Handle _ProactorBasePipeTransport._call_connection_lost(None)>
Traceback (most recent call last):
  File "C:\Users\Hyperbook\miniconda3\Lib\asyncio\events.py", line 88, in _run
    self._context.run(self._callback, *self._args)
  File "C:\Users\Hyperbook\miniconda3\Lib\asyncio\proactor_events.py", line 165, in _call_connection_lost
    self._sock.shutdown(socket.SHUT_RDWR)
ConnectionResetError: [WinError 10054] Istniejące połączenie zostało gwałtownie zamknięte przez zdalnego hosta
2026-04-13 19:22:29 | Process-5 | ERROR | asyncio | Exception in callback _ProactorBasePipeTransport._call_connection_lost(None)
handle: <Handle _ProactorBasePipeTransport._call_connection_lost(None)>
Traceback (most recent call last):
  File "C:\Users\Hyperbook\miniconda3\Lib\asyncio\events.py", line 88, in _run
    self._context.run(self._callback, *self._args)
  File "C:\Users\Hyperbook\miniconda3\Lib\asyncio\proactor_events.py", line 165, in _call_connection_lost
    self._sock.shutdown(socket.SHUT_RDWR)
ConnectionResetError: [WinError 10054] Istniejące połączenie zostało gwałtownie zamknięte przez zdalnego hosta
2026-04-13 19:22:33 | Process-5 | ERROR | asyncio | Exception in callback _ProactorBasePipeTransport._call_connection_lost(None)
handle: <Handle _ProactorBasePipeTransport._call_connection_lost(None)>
Traceback (most recent call last):
  File "C:\Users\Hyperbook\miniconda3\Lib\asyncio\events.py", line 88, in _run
    self._context.run(self._callback, *self._args)
  File "C:\Users\Hyperbook\miniconda3\Lib\asyncio\proactor_events.py", line 165, in _call_connection_lost
    self._sock.shutdown(socket.SHUT_RDWR)
ConnectionResetError: [WinError 10054] Istniejące połączenie zostało gwałtownie zamknięte przez zdalnego hosta
2026-04-13 19:22:35 | Process-5 | ERROR | asyncio | Exception in callback _ProactorBasePipeTransport._call_connection_lost(None)
handle: <Handle _ProactorBasePipeTransport._call_connection_lost(None)>
Traceback (most recent call last):
  File "C:\Users\Hyperbook\miniconda3\Lib\asyncio\events.py", line 88, in _run
    self._context.run(self._callback, *self._args)
  File "C:\Users\Hyperbook\miniconda3\Lib\asyncio\proactor_events.py", line 165, in _call_connection_lost
    self._sock.shutdown(socket.SHUT_RDWR)
ConnectionResetError: [WinError 10054] Istniejące połączenie zostało gwałtownie zamknięte przez zdalnego hosta
2026-04-13 19:22:36 | Process-5 | ERROR | asyncio | Exception in callback _ProactorBasePipeTransport._call_connection_lost(None)
handle: <Handle _ProactorBasePipeTransport._call_connection_lost(None)>
Traceback (most recent call last):
  File "C:\Users\Hyperbook\miniconda3\Lib\asyncio\events.py", line 88, in _run
    self._context.run(self._callback, *self._args)
  File "C:\Users\Hyperbook\miniconda3\Lib\asyncio\proactor_events.py", line 165, in _call_connection_lost
    self._sock.shutdown(socket.SHUT_RDWR)
ConnectionResetError: [WinError 10054] Istniejące połączenie zostało gwałtownie zamknięte przez zdalnego hosta
2026-04-13 19:22:37 | Process-5 | ERROR | asyncio | Exception in callback _ProactorBasePipeTransport._call_connection_lost(None)
handle: <Handle _ProactorBasePipeTransport._call_connection_lost(None)>
Traceback (most recent call last):
  File "C:\Users\Hyperbook\miniconda3\Lib\asyncio\events.py", line 88, in _run
    self._context.run(self._callback, *self._args)
  File "C:\Users\Hyperbook\miniconda3\Lib\asyncio\proactor_events.py", line 165, in _call_connection_lost
    self._sock.shutdown(socket.SHUT_RDWR)
ConnectionResetError: [WinError 10054] Istniejące połączenie zostało gwałtownie zamknięte przez zdalnego hosta
2026-04-13 19:22:38 | Process-5 | ERROR | asyncio | Exception in callback _ProactorBasePipeTransport._call_connection_lost(None)
handle: <Handle _ProactorBasePipeTransport._call_connection_lost(None)>
Traceback (most recent call last):
  File "C:\Users\Hyperbook\miniconda3\Lib\asyncio\events.py", line 88, in _run
    self._context.run(self._callback, *self._args)
  File "C:\Users\Hyperbook\miniconda3\Lib\asyncio\proactor_events.py", line 165, in _call_connection_lost
    self._sock.shutdown(socket.SHUT_RDWR)
ConnectionResetError: [WinError 10054] Istniejące połączenie zostało gwałtownie zamknięte przez zdalnego hosta
2026-04-13 19:22:39 | Process-5 | ERROR | asyncio | Exception in callback _ProactorBasePipeTransport._call_connection_lost(None)
handle: <Handle _ProactorBasePipeTransport._call_connection_lost(None)>
Traceback (most recent call last):
  File "C:\Users\Hyperbook\miniconda3\Lib\asyncio\events.py", line 88, in _run
    self._context.run(self._callback, *self._args)
  File "C:\Users\Hyperbook\miniconda3\Lib\asyncio\proactor_events.py", line 165, in _call_connection_lost
    self._sock.shutdown(socket.SHUT_RDWR)
ConnectionResetError: [WinError 10054] Istniejące połączenie zostało gwałtownie zamknięte przez zdalnego hosta
2026-04-13 19:22:40 | Process-5 | ERROR | asyncio | Exception in callback _ProactorBasePipeTransport._call_connection_lost(None)
handle: <Handle _ProactorBasePipeTransport._call_connection_lost(None)>
Traceback (most recent call last):
  File "C:\Users\Hyperbook\miniconda3\Lib\asyncio\events.py", line 88, in _run
    self._context.run(self._callback, *self._args)
  File "C:\Users\Hyperbook\miniconda3\Lib\asyncio\proactor_events.py", line 165, in _call_connection_lost
    self._sock.shutdown(socket.SHUT_RDWR)
ConnectionResetError: [WinError 10054] Istniejące połączenie zostało gwałtownie zamknięte przez zdalnego hosta
2026-04-13 19:22:41 | Process-5 | ERROR | asyncio | Exception in callback _ProactorBasePipeTransport._call_connection_lost(None)
handle: <Handle _ProactorBasePipeTransport._call_connection_lost(None)>
Traceback (most recent call last):
  File "C:\Users\Hyperbook\miniconda3\Lib\asyncio\events.py", line 88, in _run
    self._context.run(self._callback, *self._args)
  File "C:\Users\Hyperbook\miniconda3\Lib\asyncio\proactor_events.py", line 165, in _call_connection_lost
    self._sock.shutdown(socket.SHUT_RDWR)
ConnectionResetError: [WinError 10054] Istniejące połączenie zostało gwałtownie zamknięte przez zdalnego hosta
2026-04-13 19:22:41 | Process-5 | ERROR | asyncio | Exception in callback _ProactorBasePipeTransport._call_connection_lost(None)
handle: <Handle _ProactorBasePipeTransport._call_connection_lost(None)>
Traceback (most recent call last):
  File "C:\Users\Hyperbook\miniconda3\Lib\asyncio\events.py", line 88, in _run
    self._context.run(self._callback, *self._args)
  File "C:\Users\Hyperbook\miniconda3\Lib\asyncio\proactor_events.py", line 165, in _call_connection_lost
    self._sock.shutdown(socket.SHUT_RDWR)
ConnectionResetError: [WinError 10054] Istniejące połączenie zostało gwałtownie zamknięte przez zdalnego hosta
2026-04-13 19:22:43 | Process-5 | ERROR | asyncio | Exception in callback _ProactorBasePipeTransport._call_connection_lost(None)
handle: <Handle _ProactorBasePipeTransport._call_connection_lost(None)>
Traceback (most recent call last):
  File "C:\Users\Hyperbook\miniconda3\Lib\asyncio\events.py", line 88, in _run
    self._context.run(self._callback, *self._args)
  File "C:\Users\Hyperbook\miniconda3\Lib\asyncio\proactor_events.py", line 165, in _call_connection_lost
    self._sock.shutdown(socket.SHUT_RDWR)
ConnectionResetError: [WinError 10054] Istniejące połączenie zostało gwałtownie zamknięte przez zdalnego hosta
2026-04-13 19:22:44 | Process-5 | ERROR | asyncio | Exception in callback _ProactorBasePipeTransport._call_connection_lost(None)
handle: <Handle _ProactorBasePipeTransport._call_connection_lost(None)>
Traceback (most recent call last):
  File "C:\Users\Hyperbook\miniconda3\Lib\asyncio\events.py", line 88, in _run
    self._context.run(self._callback, *self._args)
  File "C:\Users\Hyperbook\miniconda3\Lib\asyncio\proactor_events.py", line 165, in _call_connection_lost
    self._sock.shutdown(socket.SHUT_RDWR)
ConnectionResetError: [WinError 10054] Istniejące połączenie zostało gwałtownie zamknięte przez zdalnego hosta
2026-04-13 19:22:48 | Process-5 | ERROR | asyncio | Exception in callback _ProactorBasePipeTransport._call_connection_lost(None)
handle: <Handle _ProactorBasePipeTransport._call_connection_lost(None)>
Traceback (most recent call last):
  File "C:\Users\Hyperbook\miniconda3\Lib\asyncio\events.py", line 88, in _run
    self._context.run(self._callback, *self._args)
  File "C:\Users\Hyperbook\miniconda3\Lib\asyncio\proactor_events.py", line 165, in _call_connection_lost
    self._sock.shutdown(socket.SHUT_RDWR)
ConnectionResetError: [WinError 10054] Istniejące połączenie zostało gwałtownie zamknięte przez zdalnego hosta
2026-04-13 19:22:48 | Process-5 | ERROR | asyncio | Exception in callback _ProactorBasePipeTransport._call_connection_lost(None)
handle: <Handle _ProactorBasePipeTransport._call_connection_lost(None)>
Traceback (most recent call last):
  File "C:\Users\Hyperbook\miniconda3\Lib\asyncio\events.py", line 88, in _run
    self._context.run(self._callback, *self._args)
  File "C:\Users\Hyperbook\miniconda3\Lib\asyncio\proactor_events.py", line 165, in _call_connection_lost
    self._sock.shutdown(socket.SHUT_RDWR)
ConnectionResetError: [WinError 10054] Istniejące połączenie zostało gwałtownie zamknięte przez zdalnego hosta
2026-04-13 19:22:49 | Process-5 | ERROR | asyncio | Exception in callback _ProactorBasePipeTransport._call_connection_lost(None)
handle: <Handle _ProactorBasePipeTransport._call_connection_lost(None)>
Traceback (most recent call last):
  File "C:\Users\Hyperbook\miniconda3\Lib\asyncio\events.py", line 88, in _run
    self._context.run(self._callback, *self._args)
  File "C:\Users\Hyperbook\miniconda3\Lib\asyncio\proactor_events.py", line 165, in _call_connection_lost
    self._sock.shutdown(socket.SHUT_RDWR)
ConnectionResetError: [WinError 10054] Istniejące połączenie zostało gwałtownie zamknięte przez zdalnego hosta
2026-04-13 19:22:50 | Process-5 | ERROR | asyncio | Exception in callback _ProactorBasePipeTransport._call_connection_lost(None)
handle: <Handle _ProactorBasePipeTransport._call_connection_lost(None)>
Traceback (most recent call last):
  File "C:\Users\Hyperbook\miniconda3\Lib\asyncio\events.py", line 88, in _run
    self._context.run(self._callback, *self._args)
  File "C:\Users\Hyperbook\miniconda3\Lib\asyncio\proactor_events.py", line 165, in _call_connection_lost
    self._sock.shutdown(socket.SHUT_RDWR)
ConnectionResetError: [WinError 10054] Istniejące połączenie zostało gwałtownie zamknięte przez zdalnego hosta
2026-04-13 19:22:50 | Process-5 | ERROR | asyncio | Exception in callback _ProactorBasePipeTransport._call_connection_lost(None)
handle: <Handle _ProactorBasePipeTransport._call_connection_lost(None)>
Traceback (most recent call last):
  File "C:\Users\Hyperbook\miniconda3\Lib\asyncio\events.py", line 88, in _run
    self._context.run(self._callback, *self._args)
  File "C:\Users\Hyperbook\miniconda3\Lib\asyncio\proactor_events.py", line 165, in _call_connection_lost
    self._sock.shutdown(socket.SHUT_RDWR)
ConnectionResetError: [WinError 10054] Istniejące połączenie zostało gwałtownie zamknięte przez zdalnego hosta
2026-04-13 19:22:52 | Process-5 | ERROR | asyncio | Exception in callback _ProactorBasePipeTransport._call_connection_lost(None)
handle: <Handle _ProactorBasePipeTransport._call_connection_lost(None)>
Traceback (most recent call last):
  File "C:\Users\Hyperbook\miniconda3\Lib\asyncio\events.py", line 88, in _run
    self._context.run(self._callback, *self._args)
  File "C:\Users\Hyperbook\miniconda3\Lib\asyncio\proactor_events.py", line 165, in _call_connection_lost
    self._sock.shutdown(socket.SHUT_RDWR)
ConnectionResetError: [WinError 10054] Istniejące połączenie zostało gwałtownie zamknięte przez zdalnego hosta
2026-04-13 19:22:52 | Process-5 | ERROR | asyncio | Exception in callback _ProactorBasePipeTransport._call_connection_lost(None)
handle: <Handle _ProactorBasePipeTransport._call_connection_lost(None)>
Traceback (most recent call last):
  File "C:\Users\Hyperbook\miniconda3\Lib\asyncio\events.py", line 88, in _run
    self._context.run(self._callback, *self._args)
  File "C:\Users\Hyperbook\miniconda3\Lib\asyncio\proactor_events.py", line 165, in _call_connection_lost
    self._sock.shutdown(socket.SHUT_RDWR)
ConnectionResetError: [WinError 10054] Istniejące połączenie zostało gwałtownie zamknięte przez zdalnego hosta
2026-04-13 19:22:53 | Process-5 | ERROR | asyncio | Exception in callback _ProactorBasePipeTransport._call_connection_lost(None)
handle: <Handle _ProactorBasePipeTransport._call_connection_lost(None)>
Traceback (most recent call last):
  File "C:\Users\Hyperbook\miniconda3\Lib\asyncio\events.py", line 88, in _run
    self._context.run(self._callback, *self._args)
  File "C:\Users\Hyperbook\miniconda3\Lib\asyncio\proactor_events.py", line 165, in _call_connection_lost
    self._sock.shutdown(socket.SHUT_RDWR)
ConnectionResetError: [WinError 10054] Istniejące połączenie zostało gwałtownie zamknięte przez zdalnego hosta
2026-04-13 19:22:54 | Process-5 | ERROR | asyncio | Exception in callback _ProactorBasePipeTransport._call_connection_lost(None)
handle: <Handle _ProactorBasePipeTransport._call_connection_lost(None)>
Traceback (most recent call last):
  File "C:\Users\Hyperbook\miniconda3\Lib\asyncio\events.py", line 88, in _run
    self._context.run(self._callback, *self._args)
  File "C:\Users\Hyperbook\miniconda3\Lib\asyncio\proactor_events.py", line 165, in _call_connection_lost
    self._sock.shutdown(socket.SHUT_RDWR)
ConnectionResetError: [WinError 10054] Istniejące połączenie zostało gwałtownie zamknięte przez zdalnego hosta
2026-04-13 19:22:56 | Process-5 | ERROR | asyncio | Exception in callback _ProactorBasePipeTransport._call_connection_lost(None)
handle: <Handle _ProactorBasePipeTransport._call_connection_lost(None)>
Traceback (most recent call last):
  File "C:\Users\Hyperbook\miniconda3\Lib\asyncio\events.py", line 88, in _run
    self._context.run(self._callback, *self._args)
  File "C:\Users\Hyperbook\miniconda3\Lib\asyncio\proactor_events.py", line 165, in _call_connection_lost
    self._sock.shutdown(socket.SHUT_RDWR)
ConnectionResetError: [WinError 10054] Istniejące połączenie zostało gwałtownie zamknięte przez zdalnego hosta
2026-04-13 19:22:56 | Process-5 | ERROR | asyncio | Exception in callback _ProactorBasePipeTransport._call_connection_lost(None)
handle: <Handle _ProactorBasePipeTransport._call_connection_lost(None)>
Traceback (most recent call last):
  File "C:\Users\Hyperbook\miniconda3\Lib\asyncio\events.py", line 88, in _run
    self._context.run(self._callback, *self._args)
  File "C:\Users\Hyperbook\miniconda3\Lib\asyncio\proactor_events.py", line 165, in _call_connection_lost
    self._sock.shutdown(socket.SHUT_RDWR)
ConnectionResetError: [WinError 10054] Istniejące połączenie zostało gwałtownie zamknięte przez zdalnego hosta
2026-04-13 19:22:56 | Process-5 | ERROR | asyncio | Exception in callback _ProactorBasePipeTransport._call_connection_lost(None)
handle: <Handle _ProactorBasePipeTransport._call_connection_lost(None)>
Traceback (most recent call last):
  File "C:\Users\Hyperbook\miniconda3\Lib\asyncio\events.py", line 88, in _run
    self._context.run(self._callback, *self._args)
  File "C:\Users\Hyperbook\miniconda3\Lib\asyncio\proactor_events.py", line 165, in _call_connection_lost
    self._sock.shutdown(socket.SHUT_RDWR)
ConnectionResetError: [WinError 10054] Istniejące połączenie zostało gwałtownie zamknięte przez zdalnego hosta
2026-04-13 19:22:58 | Process-5 | ERROR | asyncio | Exception in callback _ProactorBasePipeTransport._call_connection_lost(None)
handle: <Handle _ProactorBasePipeTransport._call_connection_lost(None)>
Traceback (most recent call last):
  File "C:\Users\Hyperbook\miniconda3\Lib\asyncio\events.py", line 88, in _run
    self._context.run(self._callback, *self._args)
  File "C:\Users\Hyperbook\miniconda3\Lib\asyncio\proactor_events.py", line 165, in _call_connection_lost
    self._sock.shutdown(socket.SHUT_RDWR)
ConnectionResetError: [WinError 10054] Istniejące połączenie zostało gwałtownie zamknięte przez zdalnego hosta
2026-04-13 19:23:00 | Process-5 | ERROR | asyncio | Exception in callback _ProactorBasePipeTransport._call_connection_lost(None)
handle: <Handle _ProactorBasePipeTransport._call_connection_lost(None)>
Traceback (most recent call last):
  File "C:\Users\Hyperbook\miniconda3\Lib\asyncio\events.py", line 88, in _run
    self._context.run(self._callback, *self._args)
  File "C:\Users\Hyperbook\miniconda3\Lib\asyncio\proactor_events.py", line 165, in _call_connection_lost
    self._sock.shutdown(socket.SHUT_RDWR)
ConnectionResetError: [WinError 10054] Istniejące połączenie zostało gwałtownie zamknięte przez zdalnego hosta
2026-04-13 19:23:01 | Process-5 | ERROR | asyncio | Exception in callback _ProactorBasePipeTransport._call_connection_lost(None)
handle: <Handle _ProactorBasePipeTransport._call_connection_lost(None)>
Traceback (most recent call last):
  File "C:\Users\Hyperbook\miniconda3\Lib\asyncio\events.py", line 88, in _run
    self._context.run(self._callback, *self._args)
  File "C:\Users\Hyperbook\miniconda3\Lib\asyncio\proactor_events.py", line 165, in _call_connection_lost
    self._sock.shutdown(socket.SHUT_RDWR)
ConnectionResetError: [WinError 10054] Istniejące połączenie zostało gwałtownie zamknięte przez zdalnego hosta
2026-04-13 19:23:01 | Process-5 | ERROR | asyncio | Exception in callback _ProactorBasePipeTransport._call_connection_lost(None)
handle: <Handle _ProactorBasePipeTransport._call_connection_lost(None)>
Traceback (most recent call last):
  File "C:\Users\Hyperbook\miniconda3\Lib\asyncio\events.py", line 88, in _run
    self._context.run(self._callback, *self._args)
  File "C:\Users\Hyperbook\miniconda3\Lib\asyncio\proactor_events.py", line 165, in _call_connection_lost
    self._sock.shutdown(socket.SHUT_RDWR)
ConnectionResetError: [WinError 10054] Istniejące połączenie zostało gwałtownie zamknięte przez zdalnego hosta
2026-04-13 19:23:03 | Process-5 | ERROR | asyncio | Exception in callback _ProactorBasePipeTransport._call_connection_lost(None)
handle: <Handle _ProactorBasePipeTransport._call_connection_lost(None)>
Traceback (most recent call last):
  File "C:\Users\Hyperbook\miniconda3\Lib\asyncio\events.py", line 88, in _run
    self._context.run(self._callback, *self._args)
  File "C:\Users\Hyperbook\miniconda3\Lib\asyncio\proactor_events.py", line 165, in _call_connection_lost
    self._sock.shutdown(socket.SHUT_RDWR)
ConnectionResetError: [WinError 10054] Istniejące połączenie zostało gwałtownie zamknięte przez zdalnego hosta
2026-04-13 19:23:05 | Process-5 | ERROR | asyncio | Exception in callback _ProactorBasePipeTransport._call_connection_lost(None)
handle: <Handle _ProactorBasePipeTransport._call_connection_lost(None)>
Traceback (most recent call last):
  File "C:\Users\Hyperbook\miniconda3\Lib\asyncio\events.py", line 88, in _run
    self._context.run(self._callback, *self._args)
  File "C:\Users\Hyperbook\miniconda3\Lib\asyncio\proactor_events.py", line 165, in _call_connection_lost
    self._sock.shutdown(socket.SHUT_RDWR)
ConnectionResetError: [WinError 10054] Istniejące połączenie zostało gwałtownie zamknięte przez zdalnego hosta
2026-04-13 19:23:05 | Process-5 | ERROR | asyncio | Exception in callback _ProactorBasePipeTransport._call_connection_lost(None)
handle: <Handle _ProactorBasePipeTransport._call_connection_lost(None)>
Traceback (most recent call last):
  File "C:\Users\Hyperbook\miniconda3\Lib\asyncio\events.py", line 88, in _run
    self._context.run(self._callback, *self._args)
  File "C:\Users\Hyperbook\miniconda3\Lib\asyncio\proactor_events.py", line 165, in _call_connection_lost
    self._sock.shutdown(socket.SHUT_RDWR)
ConnectionResetError: [WinError 10054] Istniejące połączenie zostało gwałtownie zamknięte przez zdalnego hosta
2026-04-13 19:23:06 | Process-5 | ERROR | asyncio | Exception in callback _ProactorBasePipeTransport._call_connection_lost(None)
handle: <Handle _ProactorBasePipeTransport._call_connection_lost(None)>
Traceback (most recent call last):
  File "C:\Users\Hyperbook\miniconda3\Lib\asyncio\events.py", line 88, in _run
    self._context.run(self._callback, *self._args)
  File "C:\Users\Hyperbook\miniconda3\Lib\asyncio\proactor_events.py", line 165, in _call_connection_lost
    self._sock.shutdown(socket.SHUT_RDWR)
ConnectionResetError: [WinError 10054] Istniejące połączenie zostało gwałtownie zamknięte przez zdalnego hosta
2026-04-13 19:23:07 | Process-5 | ERROR | asyncio | Exception in callback _ProactorBasePipeTransport._call_connection_lost(None)
handle: <Handle _ProactorBasePipeTransport._call_connection_lost(None)>
Traceback (most recent call last):
  File "C:\Users\Hyperbook\miniconda3\Lib\asyncio\events.py", line 88, in _run
    self._context.run(self._callback, *self._args)
  File "C:\Users\Hyperbook\miniconda3\Lib\asyncio\proactor_events.py", line 165, in _call_connection_lost
    self._sock.shutdown(socket.SHUT_RDWR)
ConnectionResetError: [WinError 10054] Istniejące połączenie zostało gwałtownie zamknięte przez zdalnego hosta
2026-04-13 19:23:09 | Process-5 | ERROR | asyncio | Exception in callback _ProactorBasePipeTransport._call_connection_lost(None)
handle: <Handle _ProactorBasePipeTransport._call_connection_lost(None)>
Traceback (most recent call last):
  File "C:\Users\Hyperbook\miniconda3\Lib\asyncio\events.py", line 88, in _run
    self._context.run(self._callback, *self._args)
  File "C:\Users\Hyperbook\miniconda3\Lib\asyncio\proactor_events.py", line 165, in _call_connection_lost
    self._sock.shutdown(socket.SHUT_RDWR)
ConnectionResetError: [WinError 10054] Istniejące połączenie zostało gwałtownie zamknięte przez zdalnego hosta
2026-04-13 19:23:09 | Process-5 | ERROR | asyncio | Exception in callback _ProactorBasePipeTransport._call_connection_lost(None)
handle: <Handle _ProactorBasePipeTransport._call_connection_lost(None)>
Traceback (most recent call last):
  File "C:\Users\Hyperbook\miniconda3\Lib\asyncio\events.py", line 88, in _run
    self._context.run(self._callback, *self._args)
  File "C:\Users\Hyperbook\miniconda3\Lib\asyncio\proactor_events.py", line 165, in _call_connection_lost
    self._sock.shutdown(socket.SHUT_RDWR)
ConnectionResetError: [WinError 10054] Istniejące połączenie zostało gwałtownie zamknięte przez zdalnego hosta
2026-04-13 19:23:09 | Process-5 | ERROR | asyncio | Exception in callback _ProactorBasePipeTransport._call_connection_lost(None)
handle: <Handle _ProactorBasePipeTransport._call_connection_lost(None)>
Traceback (most recent call last):
  File "C:\Users\Hyperbook\miniconda3\Lib\asyncio\events.py", line 88, in _run
    self._context.run(self._callback, *self._args)
  File "C:\Users\Hyperbook\miniconda3\Lib\asyncio\proactor_events.py", line 165, in _call_connection_lost
    self._sock.shutdown(socket.SHUT_RDWR)
ConnectionResetError: [WinError 10054] Istniejące połączenie zostało gwałtownie zamknięte przez zdalnego hosta
2026-04-13 19:23:10 | Process-5 | ERROR | asyncio | Exception in callback _ProactorBasePipeTransport._call_connection_lost(None)
handle: <Handle _ProactorBasePipeTransport._call_connection_lost(None)>
Traceback (most recent call last):
  File "C:\Users\Hyperbook\miniconda3\Lib\asyncio\events.py", line 88, in _run
    self._context.run(self._callback, *self._args)
  File "C:\Users\Hyperbook\miniconda3\Lib\asyncio\proactor_events.py", line 165, in _call_connection_lost
    self._sock.shutdown(socket.SHUT_RDWR)
ConnectionResetError: [WinError 10054] Istniejące połączenie zostało gwałtownie zamknięte przez zdalnego hosta
2026-04-13 19:23:11 | Process-5 | ERROR | asyncio | Exception in callback _ProactorBasePipeTransport._call_connection_lost(None)
handle: <Handle _ProactorBasePipeTransport._call_connection_lost(None)>
Traceback (most recent call last):
  File "C:\Users\Hyperbook\miniconda3\Lib\asyncio\events.py", line 88, in _run
    self._context.run(self._callback, *self._args)
  File "C:\Users\Hyperbook\miniconda3\Lib\asyncio\proactor_events.py", line 165, in _call_connection_lost
    self._sock.shutdown(socket.SHUT_RDWR)
ConnectionResetError: [WinError 10054] Istniejące połączenie zostało gwałtownie zamknięte przez zdalnego hosta
2026-04-13 19:23:12 | Process-5 | ERROR | asyncio | Exception in callback _ProactorBasePipeTransport._call_connection_lost(None)
handle: <Handle _ProactorBasePipeTransport._call_connection_lost(None)>
Traceback (most recent call last):
  File "C:\Users\Hyperbook\miniconda3\Lib\asyncio\events.py", line 88, in _run
    self._context.run(self._callback, *self._args)
  File "C:\Users\Hyperbook\miniconda3\Lib\asyncio\proactor_events.py", line 165, in _call_connection_lost
    self._sock.shutdown(socket.SHUT_RDWR)
ConnectionResetError: [WinError 10054] Istniejące połączenie zostało gwałtownie zamknięte przez zdalnego hosta
2026-04-13 19:23:14 | Process-5 | ERROR | asyncio | Exception in callback _ProactorBasePipeTransport._call_connection_lost(None)
handle: <Handle _ProactorBasePipeTransport._call_connection_lost(None)>
Traceback (most recent call last):
  File "C:\Users\Hyperbook\miniconda3\Lib\asyncio\events.py", line 88, in _run
    self._context.run(self._callback, *self._args)
  File "C:\Users\Hyperbook\miniconda3\Lib\asyncio\proactor_events.py", line 165, in _call_connection_lost
    self._sock.shutdown(socket.SHUT_RDWR)
ConnectionResetError: [WinError 10054] Istniejące połączenie zostało gwałtownie zamknięte przez zdalnego hosta
2026-04-13 19:23:14 | Process-5 | ERROR | asyncio | Exception in callback _ProactorBasePipeTransport._call_connection_lost(None)
handle: <Handle _ProactorBasePipeTransport._call_connection_lost(None)>
Traceback (most recent call last):
  File "C:\Users\Hyperbook\miniconda3\Lib\asyncio\events.py", line 88, in _run
    self._context.run(self._callback, *self._args)
  File "C:\Users\Hyperbook\miniconda3\Lib\asyncio\proactor_events.py", line 165, in _call_connection_lost
    self._sock.shutdown(socket.SHUT_RDWR)
ConnectionResetError: [WinError 10054] Istniejące połączenie zostało gwałtownie zamknięte przez zdalnego hosta
2026-04-13 19:23:15 | Process-5 | ERROR | asyncio | Exception in callback _ProactorBasePipeTransport._call_connection_lost(None)
handle: <Handle _ProactorBasePipeTransport._call_connection_lost(None)>
Traceback (most recent call last):
  File "C:\Users\Hyperbook\miniconda3\Lib\asyncio\events.py", line 88, in _run
    self._context.run(self._callback, *self._args)
  File "C:\Users\Hyperbook\miniconda3\Lib\asyncio\proactor_events.py", line 165, in _call_connection_lost
    self._sock.shutdown(socket.SHUT_RDWR)
ConnectionResetError: [WinError 10054] Istniejące połączenie zostało gwałtownie zamknięte przez zdalnego hosta
2026-04-13 19:23:15 | Process-5 | ERROR | asyncio | Exception in callback _ProactorBasePipeTransport._call_connection_lost(None)
handle: <Handle _ProactorBasePipeTransport._call_connection_lost(None)>
Traceback (most recent call last):
  File "C:\Users\Hyperbook\miniconda3\Lib\asyncio\events.py", line 88, in _run
    self._context.run(self._callback, *self._args)
  File "C:\Users\Hyperbook\miniconda3\Lib\asyncio\proactor_events.py", line 165, in _call_connection_lost
    self._sock.shutdown(socket.SHUT_RDWR)
ConnectionResetError: [WinError 10054] Istniejące połączenie zostało gwałtownie zamknięte przez zdalnego hosta
2026-04-13 19:23:16 | Process-5 | ERROR | asyncio | Exception in callback _ProactorBasePipeTransport._call_connection_lost(None)
handle: <Handle _ProactorBasePipeTransport._call_connection_lost(None)>
Traceback (most recent call last):
  File "C:\Users\Hyperbook\miniconda3\Lib\asyncio\events.py", line 88, in _run
    self._context.run(self._callback, *self._args)
  File "C:\Users\Hyperbook\miniconda3\Lib\asyncio\proactor_events.py", line 165, in _call_connection_lost
    self._sock.shutdown(socket.SHUT_RDWR)
ConnectionResetError: [WinError 10054] Istniejące połączenie zostało gwałtownie zamknięte przez zdalnego hosta
2026-04-13 19:23:17 | Process-5 | ERROR | asyncio | Exception in callback _ProactorBasePipeTransport._call_connection_lost(None)
handle: <Handle _ProactorBasePipeTransport._call_connection_lost(None)>
Traceback (most recent call last):
  File "C:\Users\Hyperbook\miniconda3\Lib\asyncio\events.py", line 88, in _run
    self._context.run(self._callback, *self._args)
  File "C:\Users\Hyperbook\miniconda3\Lib\asyncio\proactor_events.py", line 165, in _call_connection_lost
    self._sock.shutdown(socket.SHUT_RDWR)
ConnectionResetError: [WinError 10054] Istniejące połączenie zostało gwałtownie zamknięte przez zdalnego hosta
2026-04-13 19:23:18 | Process-5 | ERROR | asyncio | Exception in callback _ProactorBasePipeTransport._call_connection_lost(None)
handle: <Handle _ProactorBasePipeTransport._call_connection_lost(None)>
Traceback (most recent call last):
  File "C:\Users\Hyperbook\miniconda3\Lib\asyncio\events.py", line 88, in _run
    self._context.run(self._callback, *self._args)
  File "C:\Users\Hyperbook\miniconda3\Lib\asyncio\proactor_events.py", line 165, in _call_connection_lost
    self._sock.shutdown(socket.SHUT_RDWR)
ConnectionResetError: [WinError 10054] Istniejące połączenie zostało gwałtownie zamknięte przez zdalnego hosta
2026-04-13 19:23:20 | Process-5 | ERROR | asyncio | Exception in callback _ProactorBasePipeTransport._call_connection_lost(None)
handle: <Handle _ProactorBasePipeTransport._call_connection_lost(None)>
Traceback (most recent call last):
  File "C:\Users\Hyperbook\miniconda3\Lib\asyncio\events.py", line 88, in _run
    self._context.run(self._callback, *self._args)
  File "C:\Users\Hyperbook\miniconda3\Lib\asyncio\proactor_events.py", line 165, in _call_connection_lost
    self._sock.shutdown(socket.SHUT_RDWR)
ConnectionResetError: [WinError 10054] Istniejące połączenie zostało gwałtownie zamknięte przez zdalnego hosta
2026-04-13 19:23:21 | Process-5 | ERROR | asyncio | Exception in callback _ProactorBasePipeTransport._call_connection_lost(None)
handle: <Handle _ProactorBasePipeTransport._call_connection_lost(None)>
Traceback (most recent call last):
  File "C:\Users\Hyperbook\miniconda3\Lib\asyncio\events.py", line 88, in _run
    self._context.run(self._callback, *self._args)
  File "C:\Users\Hyperbook\miniconda3\Lib\asyncio\proactor_events.py", line 165, in _call_connection_lost
    self._sock.shutdown(socket.SHUT_RDWR)
ConnectionResetError: [WinError 10054] Istniejące połączenie zostało gwałtownie zamknięte przez zdalnego hosta
2026-04-13 19:23:21 | Process-5 | ERROR | asyncio | Exception in callback _ProactorBasePipeTransport._call_connection_lost(None)
handle: <Handle _ProactorBasePipeTransport._call_connection_lost(None)>
Traceback (most recent call last):
  File "C:\Users\Hyperbook\miniconda3\Lib\asyncio\events.py", line 88, in _run
    self._context.run(self._callback, *self._args)
  File "C:\Users\Hyperbook\miniconda3\Lib\asyncio\proactor_events.py", line 165, in _call_connection_lost
    self._sock.shutdown(socket.SHUT_RDWR)
ConnectionResetError: [WinError 10054] Istniejące połączenie zostało gwałtownie zamknięte przez zdalnego hosta
2026-04-13 19:23:22 | Process-5 | ERROR | asyncio | Exception in callback _ProactorBasePipeTransport._call_connection_lost(None)
handle: <Handle _ProactorBasePipeTransport._call_connection_lost(None)>
Traceback (most recent call last):
  File "C:\Users\Hyperbook\miniconda3\Lib\asyncio\events.py", line 88, in _run
    self._context.run(self._callback, *self._args)
  File "C:\Users\Hyperbook\miniconda3\Lib\asyncio\proactor_events.py", line 165, in _call_connection_lost
    self._sock.shutdown(socket.SHUT_RDWR)
ConnectionResetError: [WinError 10054] Istniejące połączenie zostało gwałtownie zamknięte przez zdalnego hosta
2026-04-13 19:23:22 | Process-5 | ERROR | asyncio | Exception in callback _ProactorBasePipeTransport._call_connection_lost(None)
handle: <Handle _ProactorBasePipeTransport._call_connection_lost(None)>
Traceback (most recent call last):
  File "C:\Users\Hyperbook\miniconda3\Lib\asyncio\events.py", line 88, in _run
    self._context.run(self._callback, *self._args)
  File "C:\Users\Hyperbook\miniconda3\Lib\asyncio\proactor_events.py", line 165, in _call_connection_lost
    self._sock.shutdown(socket.SHUT_RDWR)
ConnectionResetError: [WinError 10054] Istniejące połączenie zostało gwałtownie zamknięte przez zdalnego hosta
2026-04-13 19:23:22 | Process-5 | ERROR | asyncio | Exception in callback _ProactorBasePipeTransport._call_connection_lost(None)
handle: <Handle _ProactorBasePipeTransport._call_connection_lost(None)>
Traceback (most recent call last):
  File "C:\Users\Hyperbook\miniconda3\Lib\asyncio\events.py", line 88, in _run
    self._context.run(self._callback, *self._args)
  File "C:\Users\Hyperbook\miniconda3\Lib\asyncio\proactor_events.py", line 165, in _call_connection_lost
    self._sock.shutdown(socket.SHUT_RDWR)
ConnectionResetError: [WinError 10054] Istniejące połączenie zostało gwałtownie zamknięte przez zdalnego hosta
2026-04-13 19:23:23 | Process-5 | ERROR | asyncio | Exception in callback _ProactorBasePipeTransport._call_connection_lost(None)
handle: <Handle _ProactorBasePipeTransport._call_connection_lost(None)>
Traceback (most recent call last):
  File "C:\Users\Hyperbook\miniconda3\Lib\asyncio\events.py", line 88, in _run
    self._context.run(self._callback, *self._args)
  File "C:\Users\Hyperbook\miniconda3\Lib\asyncio\proactor_events.py", line 165, in _call_connection_lost
    self._sock.shutdown(socket.SHUT_RDWR)
ConnectionResetError: [WinError 10054] Istniejące połączenie zostało gwałtownie zamknięte przez zdalnego hosta
2026-04-13 19:23:24 | Process-5 | ERROR | asyncio | Exception in callback _ProactorBasePipeTransport._call_connection_lost(None)
handle: <Handle _ProactorBasePipeTransport._call_connection_lost(None)>
Traceback (most recent call last):
  File "C:\Users\Hyperbook\miniconda3\Lib\asyncio\events.py", line 88, in _run
    self._context.run(self._callback, *self._args)
  File "C:\Users\Hyperbook\miniconda3\Lib\asyncio\proactor_events.py", line 165, in _call_connection_lost
    self._sock.shutdown(socket.SHUT_RDWR)
ConnectionResetError: [WinError 10054] Istniejące połączenie zostało gwałtownie zamknięte przez zdalnego hosta
2026-04-13 19:23:24 | Process-5 | ERROR | asyncio | Exception in callback _ProactorBasePipeTransport._call_connection_lost(None)
handle: <Handle _ProactorBasePipeTransport._call_connection_lost(None)>
Traceback (most recent call last):
  File "C:\Users\Hyperbook\miniconda3\Lib\asyncio\events.py", line 88, in _run
    self._context.run(self._callback, *self._args)
  File "C:\Users\Hyperbook\miniconda3\Lib\asyncio\proactor_events.py", line 165, in _call_connection_lost
    self._sock.shutdown(socket.SHUT_RDWR)
ConnectionResetError: [WinError 10054] Istniejące połączenie zostało gwałtownie zamknięte przez zdalnego hosta
2026-04-13 19:23:24 | Process-5 | ERROR | asyncio | Exception in callback _ProactorBasePipeTransport._call_connection_lost(None)
handle: <Handle _ProactorBasePipeTransport._call_connection_lost(None)>
Traceback (most recent call last):
  File "C:\Users\Hyperbook\miniconda3\Lib\asyncio\events.py", line 88, in _run
    self._context.run(self._callback, *self._args)
  File "C:\Users\Hyperbook\miniconda3\Lib\asyncio\proactor_events.py", line 165, in _call_connection_lost
    self._sock.shutdown(socket.SHUT_RDWR)
ConnectionResetError: [WinError 10054] Istniejące połączenie zostało gwałtownie zamknięte przez zdalnego hosta
2026-04-13 19:23:25 | Process-5 | ERROR | asyncio | Exception in callback _ProactorBasePipeTransport._call_connection_lost(None)
handle: <Handle _ProactorBasePipeTransport._call_connection_lost(None)>
Traceback (most recent call last):
  File "C:\Users\Hyperbook\miniconda3\Lib\asyncio\events.py", line 88, in _run
    self._context.run(self._callback, *self._args)
  File "C:\Users\Hyperbook\miniconda3\Lib\asyncio\proactor_events.py", line 165, in _call_connection_lost
    self._sock.shutdown(socket.SHUT_RDWR)
ConnectionResetError: [WinError 10054] Istniejące połączenie zostało gwałtownie zamknięte przez zdalnego hosta
2026-04-13 19:23:26 | Process-5 | ERROR | asyncio | Exception in callback _ProactorBasePipeTransport._call_connection_lost(None)
handle: <Handle _ProactorBasePipeTransport._call_connection_lost(None)>
Traceback (most recent call last):
  File "C:\Users\Hyperbook\miniconda3\Lib\asyncio\events.py", line 88, in _run
    self._context.run(self._callback, *self._args)
  File "C:\Users\Hyperbook\miniconda3\Lib\asyncio\proactor_events.py", line 165, in _call_connection_lost
    self._sock.shutdown(socket.SHUT_RDWR)
ConnectionResetError: [WinError 10054] Istniejące połączenie zostało gwałtownie zamknięte przez zdalnego hosta
2026-04-13 19:23:28 | Process-5 | ERROR | asyncio | Exception in callback _ProactorBasePipeTransport._call_connection_lost(None)
handle: <Handle _ProactorBasePipeTransport._call_connection_lost(None)>
Traceback (most recent call last):
  File "C:\Users\Hyperbook\miniconda3\Lib\asyncio\events.py", line 88, in _run
    self._context.run(self._callback, *self._args)
  File "C:\Users\Hyperbook\miniconda3\Lib\asyncio\proactor_events.py", line 165, in _call_connection_lost
    self._sock.shutdown(socket.SHUT_RDWR)
ConnectionResetError: [WinError 10054] Istniejące połączenie zostało gwałtownie zamknięte przez zdalnego hosta
2026-04-13 19:23:30 | Process-5 | ERROR | asyncio | Exception in callback _ProactorBasePipeTransport._call_connection_lost(None)
handle: <Handle _ProactorBasePipeTransport._call_connection_lost(None)>
Traceback (most recent call last):
  File "C:\Users\Hyperbook\miniconda3\Lib\asyncio\events.py", line 88, in _run
    self._context.run(self._callback, *self._args)
  File "C:\Users\Hyperbook\miniconda3\Lib\asyncio\proactor_events.py", line 165, in _call_connection_lost
    self._sock.shutdown(socket.SHUT_RDWR)
ConnectionResetError: [WinError 10054] Istniejące połączenie zostało gwałtownie zamknięte przez zdalnego hosta
2026-04-13 19:23:30 | Process-5 | ERROR | asyncio | Exception in callback _ProactorBasePipeTransport._call_connection_lost(None)
handle: <Handle _ProactorBasePipeTransport._call_connection_lost(None)>
Traceback (most recent call last):
  File "C:\Users\Hyperbook\miniconda3\Lib\asyncio\events.py", line 88, in _run
    self._context.run(self._callback, *self._args)
  File "C:\Users\Hyperbook\miniconda3\Lib\asyncio\proactor_events.py", line 165, in _call_connection_lost
    self._sock.shutdown(socket.SHUT_RDWR)
ConnectionResetError: [WinError 10054] Istniejące połączenie zostało gwałtownie zamknięte przez zdalnego hosta
2026-04-13 19:23:32 | Process-5 | ERROR | asyncio | Exception in callback _ProactorBasePipeTransport._call_connection_lost(None)
handle: <Handle _ProactorBasePipeTransport._call_connection_lost(None)>
Traceback (most recent call last):
  File "C:\Users\Hyperbook\miniconda3\Lib\asyncio\events.py", line 88, in _run
    self._context.run(self._callback, *self._args)
  File "C:\Users\Hyperbook\miniconda3\Lib\asyncio\proactor_events.py", line 165, in _call_connection_lost
    self._sock.shutdown(socket.SHUT_RDWR)
ConnectionResetError: [WinError 10054] Istniejące połączenie zostało gwałtownie zamknięte przez zdalnego hosta
2026-04-13 19:23:32 | Process-5 | ERROR | asyncio | Exception in callback _ProactorBasePipeTransport._call_connection_lost(None)
handle: <Handle _ProactorBasePipeTransport._call_connection_lost(None)>
Traceback (most recent call last):
  File "C:\Users\Hyperbook\miniconda3\Lib\asyncio\events.py", line 88, in _run
    self._context.run(self._callback, *self._args)
  File "C:\Users\Hyperbook\miniconda3\Lib\asyncio\proactor_events.py", line 165, in _call_connection_lost
    self._sock.shutdown(socket.SHUT_RDWR)
ConnectionResetError: [WinError 10054] Istniejące połączenie zostało gwałtownie zamknięte przez zdalnego hosta
2026-04-13 19:23:32 | Process-5 | ERROR | asyncio | Exception in callback _ProactorBasePipeTransport._call_connection_lost(None)
handle: <Handle _ProactorBasePipeTransport._call_connection_lost(None)>
Traceback (most recent call last):
  File "C:\Users\Hyperbook\miniconda3\Lib\asyncio\events.py", line 88, in _run
    self._context.run(self._callback, *self._args)
  File "C:\Users\Hyperbook\miniconda3\Lib\asyncio\proactor_events.py", line 165, in _call_connection_lost
    self._sock.shutdown(socket.SHUT_RDWR)
ConnectionResetError: [WinError 10054] Istniejące połączenie zostało gwałtownie zamknięte przez zdalnego hosta
2026-04-13 19:23:32 | Process-5 | ERROR | asyncio | Exception in callback _ProactorBasePipeTransport._call_connection_lost(None)
handle: <Handle _ProactorBasePipeTransport._call_connection_lost(None)>
Traceback (most recent call last):
  File "C:\Users\Hyperbook\miniconda3\Lib\asyncio\events.py", line 88, in _run
    self._context.run(self._callback, *self._args)
  File "C:\Users\Hyperbook\miniconda3\Lib\asyncio\proactor_events.py", line 165, in _call_connection_lost
    self._sock.shutdown(socket.SHUT_RDWR)
ConnectionResetError: [WinError 10054] Istniejące połączenie zostało gwałtownie zamknięte przez zdalnego hosta
2026-04-13 19:23:33 | Process-5 | ERROR | asyncio | Exception in callback _ProactorBasePipeTransport._call_connection_lost(None)
handle: <Handle _ProactorBasePipeTransport._call_connection_lost(None)>
Traceback (most recent call last):
  File "C:\Users\Hyperbook\miniconda3\Lib\asyncio\events.py", line 88, in _run
    self._context.run(self._callback, *self._args)
  File "C:\Users\Hyperbook\miniconda3\Lib\asyncio\proactor_events.py", line 165, in _call_connection_lost
    self._sock.shutdown(socket.SHUT_RDWR)
ConnectionResetError: [WinError 10054] Istniejące połączenie zostało gwałtownie zamknięte przez zdalnego hosta
2026-04-13 19:23:34 | Process-5 | ERROR | asyncio | Exception in callback _ProactorBasePipeTransport._call_connection_lost(None)
handle: <Handle _ProactorBasePipeTransport._call_connection_lost(None)>
Traceback (most recent call last):
  File "C:\Users\Hyperbook\miniconda3\Lib\asyncio\events.py", line 88, in _run
    self._context.run(self._callback, *self._args)
  File "C:\Users\Hyperbook\miniconda3\Lib\asyncio\proactor_events.py", line 165, in _call_connection_lost
    self._sock.shutdown(socket.SHUT_RDWR)
ConnectionResetError: [WinError 10054] Istniejące połączenie zostało gwałtownie zamknięte przez zdalnego hosta
2026-04-13 19:23:35 | Process-5 | ERROR | asyncio | Exception in callback _ProactorBasePipeTransport._call_connection_lost(None)
handle: <Handle _ProactorBasePipeTransport._call_connection_lost(None)>
Traceback (most recent call last):
  File "C:\Users\Hyperbook\miniconda3\Lib\asyncio\events.py", line 88, in _run
    self._context.run(self._callback, *self._args)
  File "C:\Users\Hyperbook\miniconda3\Lib\asyncio\proactor_events.py", line 165, in _call_connection_lost
    self._sock.shutdown(socket.SHUT_RDWR)
ConnectionResetError: [WinError 10054] Istniejące połączenie zostało gwałtownie zamknięte przez zdalnego hosta
2026-04-13 19:23:35 | Process-5 | ERROR | asyncio | Exception in callback _ProactorBasePipeTransport._call_connection_lost(None)
handle: <Handle _ProactorBasePipeTransport._call_connection_lost(None)>
Traceback (most recent call last):
  File "C:\Users\Hyperbook\miniconda3\Lib\asyncio\events.py", line 88, in _run
    self._context.run(self._callback, *self._args)
  File "C:\Users\Hyperbook\miniconda3\Lib\asyncio\proactor_events.py", line 165, in _call_connection_lost
    self._sock.shutdown(socket.SHUT_RDWR)
ConnectionResetError: [WinError 10054] Istniejące połączenie zostało gwałtownie zamknięte przez zdalnego hosta
2026-04-13 19:23:37 | Process-5 | ERROR | asyncio | Exception in callback _ProactorBasePipeTransport._call_connection_lost(None)
handle: <Handle _ProactorBasePipeTransport._call_connection_lost(None)>
Traceback (most recent call last):
  File "C:\Users\Hyperbook\miniconda3\Lib\asyncio\events.py", line 88, in _run
    self._context.run(self._callback, *self._args)
  File "C:\Users\Hyperbook\miniconda3\Lib\asyncio\proactor_events.py", line 165, in _call_connection_lost
    self._sock.shutdown(socket.SHUT_RDWR)
ConnectionResetError: [WinError 10054] Istniejące połączenie zostało gwałtownie zamknięte przez zdalnego hosta
2026-04-13 19:23:38 | Process-5 | ERROR | asyncio | Exception in callback _ProactorBasePipeTransport._call_connection_lost(None)
handle: <Handle _ProactorBasePipeTransport._call_connection_lost(None)>
Traceback (most recent call last):
  File "C:\Users\Hyperbook\miniconda3\Lib\asyncio\events.py", line 88, in _run
    self._context.run(self._callback, *self._args)
  File "C:\Users\Hyperbook\miniconda3\Lib\asyncio\proactor_events.py", line 165, in _call_connection_lost
    self._sock.shutdown(socket.SHUT_RDWR)
ConnectionResetError: [WinError 10054] Istniejące połączenie zostało gwałtownie zamknięte przez zdalnego hosta
2026-04-13 19:23:39 | Process-5 | ERROR | asyncio | Exception in callback _ProactorBasePipeTransport._call_connection_lost(None)
handle: <Handle _ProactorBasePipeTransport._call_connection_lost(None)>
Traceback (most recent call last):
  File "C:\Users\Hyperbook\miniconda3\Lib\asyncio\events.py", line 88, in _run
    self._context.run(self._callback, *self._args)
  File "C:\Users\Hyperbook\miniconda3\Lib\asyncio\proactor_events.py", line 165, in _call_connection_lost
    self._sock.shutdown(socket.SHUT_RDWR)
ConnectionResetError: [WinError 10054] Istniejące połączenie zostało gwałtownie zamknięte przez zdalnego hosta
2026-04-13 19:23:39 | Process-5 | ERROR | asyncio | Exception in callback _ProactorBasePipeTransport._call_connection_lost(None)
handle: <Handle _ProactorBasePipeTransport._call_connection_lost(None)>
Traceback (most recent call last):
  File "C:\Users\Hyperbook\miniconda3\Lib\asyncio\events.py", line 88, in _run
    self._context.run(self._callback, *self._args)
  File "C:\Users\Hyperbook\miniconda3\Lib\asyncio\proactor_events.py", line 165, in _call_connection_lost
    self._sock.shutdown(socket.SHUT_RDWR)
ConnectionResetError: [WinError 10054] Istniejące połączenie zostało gwałtownie zamknięte przez zdalnego hosta
2026-04-13 19:23:42 | Process-5 | ERROR | asyncio | Exception in callback _ProactorBasePipeTransport._call_connection_lost(None)
handle: <Handle _ProactorBasePipeTransport._call_connection_lost(None)>
Traceback (most recent call last):
  File "C:\Users\Hyperbook\miniconda3\Lib\asyncio\events.py", line 88, in _run
    self._context.run(self._callback, *self._args)
  File "C:\Users\Hyperbook\miniconda3\Lib\asyncio\proactor_events.py", line 165, in _call_connection_lost
    self._sock.shutdown(socket.SHUT_RDWR)
ConnectionResetError: [WinError 10054] Istniejące połączenie zostało gwałtownie zamknięte przez zdalnego hosta
2026-04-13 19:23:42 | Process-5 | ERROR | asyncio | Exception in callback _ProactorBasePipeTransport._call_connection_lost(None)
handle: <Handle _ProactorBasePipeTransport._call_connection_lost(None)>
Traceback (most recent call last):
  File "C:\Users\Hyperbook\miniconda3\Lib\asyncio\events.py", line 88, in _run
    self._context.run(self._callback, *self._args)
  File "C:\Users\Hyperbook\miniconda3\Lib\asyncio\proactor_events.py", line 165, in _call_connection_lost
    self._sock.shutdown(socket.SHUT_RDWR)
ConnectionResetError: [WinError 10054] Istniejące połączenie zostało gwałtownie zamknięte przez zdalnego hosta
2026-04-13 19:23:42 | Process-5 | ERROR | asyncio | Exception in callback _ProactorBasePipeTransport._call_connection_lost(None)
handle: <Handle _ProactorBasePipeTransport._call_connection_lost(None)>
Traceback (most recent call last):
  File "C:\Users\Hyperbook\miniconda3\Lib\asyncio\events.py", line 88, in _run
    self._context.run(self._callback, *self._args)
  File "C:\Users\Hyperbook\miniconda3\Lib\asyncio\proactor_events.py", line 165, in _call_connection_lost
    self._sock.shutdown(socket.SHUT_RDWR)
ConnectionResetError: [WinError 10054] Istniejące połączenie zostało gwałtownie zamknięte przez zdalnego hosta
2026-04-13 19:23:44 | Process-5 | ERROR | asyncio | Exception in callback _ProactorBasePipeTransport._call_connection_lost(None)
handle: <Handle _ProactorBasePipeTransport._call_connection_lost(None)>
Traceback (most recent call last):
  File "C:\Users\Hyperbook\miniconda3\Lib\asyncio\events.py", line 88, in _run
    self._context.run(self._callback, *self._args)
  File "C:\Users\Hyperbook\miniconda3\Lib\asyncio\proactor_events.py", line 165, in _call_connection_lost
    self._sock.shutdown(socket.SHUT_RDWR)
ConnectionResetError: [WinError 10054] Istniejące połączenie zostało gwałtownie zamknięte przez zdalnego hosta
2026-04-13 19:23:44 | Process-5 | ERROR | asyncio | Exception in callback _ProactorBasePipeTransport._call_connection_lost(None)
handle: <Handle _ProactorBasePipeTransport._call_connection_lost(None)>
Traceback (most recent call last):
  File "C:\Users\Hyperbook\miniconda3\Lib\asyncio\events.py", line 88, in _run
    self._context.run(self._callback, *self._args)
  File "C:\Users\Hyperbook\miniconda3\Lib\asyncio\proactor_events.py", line 165, in _call_connection_lost
    self._sock.shutdown(socket.SHUT_RDWR)
ConnectionResetError: [WinError 10054] Istniejące połączenie zostało gwałtownie zamknięte przez zdalnego hosta
2026-04-13 19:23:45 | Process-5 | ERROR | asyncio | Exception in callback _ProactorBasePipeTransport._call_connection_lost(None)
handle: <Handle _ProactorBasePipeTransport._call_connection_lost(None)>
Traceback (most recent call last):
  File "C:\Users\Hyperbook\miniconda3\Lib\asyncio\events.py", line 88, in _run
    self._context.run(self._callback, *self._args)
  File "C:\Users\Hyperbook\miniconda3\Lib\asyncio\proactor_events.py", line 165, in _call_connection_lost
    self._sock.shutdown(socket.SHUT_RDWR)
ConnectionResetError: [WinError 10054] Istniejące połączenie zostało gwałtownie zamknięte przez zdalnego hosta
2026-04-13 19:23:45 | Process-5 | ERROR | asyncio | Exception in callback _ProactorBasePipeTransport._call_connection_lost(None)
handle: <Handle _ProactorBasePipeTransport._call_connection_lost(None)>
Traceback (most recent call last):
  File "C:\Users\Hyperbook\miniconda3\Lib\asyncio\events.py", line 88, in _run
    self._context.run(self._callback, *self._args)
  File "C:\Users\Hyperbook\miniconda3\Lib\asyncio\proactor_events.py", line 165, in _call_connection_lost
    self._sock.shutdown(socket.SHUT_RDWR)
ConnectionResetError: [WinError 10054] Istniejące połączenie zostało gwałtownie zamknięte przez zdalnego hosta
2026-04-13 19:23:46 | Process-5 | ERROR | asyncio | Exception in callback _ProactorBasePipeTransport._call_connection_lost(None)
handle: <Handle _ProactorBasePipeTransport._call_connection_lost(None)>
Traceback (most recent call last):
  File "C:\Users\Hyperbook\miniconda3\Lib\asyncio\events.py", line 88, in _run
    self._context.run(self._callback, *self._args)
  File "C:\Users\Hyperbook\miniconda3\Lib\asyncio\proactor_events.py", line 165, in _call_connection_lost
    self._sock.shutdown(socket.SHUT_RDWR)
ConnectionResetError: [WinError 10054] Istniejące połączenie zostało gwałtownie zamknięte przez zdalnego hosta
2026-04-13 19:23:46 | Process-5 | ERROR | asyncio | Exception in callback _ProactorBasePipeTransport._call_connection_lost(None)
handle: <Handle _ProactorBasePipeTransport._call_connection_lost(None)>
Traceback (most recent call last):
  File "C:\Users\Hyperbook\miniconda3\Lib\asyncio\events.py", line 88, in _run
    self._context.run(self._callback, *self._args)
  File "C:\Users\Hyperbook\miniconda3\Lib\asyncio\proactor_events.py", line 165, in _call_connection_lost
    self._sock.shutdown(socket.SHUT_RDWR)
ConnectionResetError: [WinError 10054] Istniejące połączenie zostało gwałtownie zamknięte przez zdalnego hosta
2026-04-13 19:23:48 | Process-5 | ERROR | asyncio | Exception in callback _ProactorBasePipeTransport._call_connection_lost(None)
handle: <Handle _ProactorBasePipeTransport._call_connection_lost(None)>
Traceback (most recent call last):
  File "C:\Users\Hyperbook\miniconda3\Lib\asyncio\events.py", line 88, in _run
    self._context.run(self._callback, *self._args)
  File "C:\Users\Hyperbook\miniconda3\Lib\asyncio\proactor_events.py", line 165, in _call_connection_lost
    self._sock.shutdown(socket.SHUT_RDWR)
ConnectionResetError: [WinError 10054] Istniejące połączenie zostało gwałtownie zamknięte przez zdalnego hosta
2026-04-13 19:23:49 | Process-5 | ERROR | asyncio | Exception in callback _ProactorBasePipeTransport._call_connection_lost(None)
handle: <Handle _ProactorBasePipeTransport._call_connection_lost(None)>
Traceback (most recent call last):
  File "C:\Users\Hyperbook\miniconda3\Lib\asyncio\events.py", line 88, in _run
    self._context.run(self._callback, *self._args)
  File "C:\Users\Hyperbook\miniconda3\Lib\asyncio\proactor_events.py", line 165, in _call_connection_lost
    self._sock.shutdown(socket.SHUT_RDWR)
ConnectionResetError: [WinError 10054] Istniejące połączenie zostało gwałtownie zamknięte przez zdalnego hosta
2026-04-13 19:23:51 | Process-5 | ERROR | asyncio | Exception in callback _ProactorBasePipeTransport._call_connection_lost(None)
handle: <Handle _ProactorBasePipeTransport._call_connection_lost(None)>
Traceback (most recent call last):
  File "C:\Users\Hyperbook\miniconda3\Lib\asyncio\events.py", line 88, in _run
    self._context.run(self._callback, *self._args)
  File "C:\Users\Hyperbook\miniconda3\Lib\asyncio\proactor_events.py", line 165, in _call_connection_lost
    self._sock.shutdown(socket.SHUT_RDWR)
ConnectionResetError: [WinError 10054] Istniejące połączenie zostało gwałtownie zamknięte przez zdalnego hosta
2026-04-13 19:23:52 | Process-5 | ERROR | asyncio | Exception in callback _ProactorBasePipeTransport._call_connection_lost(None)
handle: <Handle _ProactorBasePipeTransport._call_connection_lost(None)>
Traceback (most recent call last):
  File "C:\Users\Hyperbook\miniconda3\Lib\asyncio\events.py", line 88, in _run
    self._context.run(self._callback, *self._args)
  File "C:\Users\Hyperbook\miniconda3\Lib\asyncio\proactor_events.py", line 165, in _call_connection_lost
    self._sock.shutdown(socket.SHUT_RDWR)
ConnectionResetError: [WinError 10054] Istniejące połączenie zostało gwałtownie zamknięte przez zdalnego hosta
2026-04-13 19:23:52 | Process-5 | ERROR | asyncio | Exception in callback _ProactorBasePipeTransport._call_connection_lost(None)
handle: <Handle _ProactorBasePipeTransport._call_connection_lost(None)>
Traceback (most recent call last):
  File "C:\Users\Hyperbook\miniconda3\Lib\asyncio\events.py", line 88, in _run
    self._context.run(self._callback, *self._args)
  File "C:\Users\Hyperbook\miniconda3\Lib\asyncio\proactor_events.py", line 165, in _call_connection_lost
    self._sock.shutdown(socket.SHUT_RDWR)
ConnectionResetError: [WinError 10054] Istniejące połączenie zostało gwałtownie zamknięte przez zdalnego hosta
2026-04-13 19:23:53 | Process-5 | ERROR | asyncio | Exception in callback _ProactorBasePipeTransport._call_connection_lost(None)
handle: <Handle _ProactorBasePipeTransport._call_connection_lost(None)>
Traceback (most recent call last):
  File "C:\Users\Hyperbook\miniconda3\Lib\asyncio\events.py", line 88, in _run
    self._context.run(self._callback, *self._args)
  File "C:\Users\Hyperbook\miniconda3\Lib\asyncio\proactor_events.py", line 165, in _call_connection_lost
    self._sock.shutdown(socket.SHUT_RDWR)
ConnectionResetError: [WinError 10054] Istniejące połączenie zostało gwałtownie zamknięte przez zdalnego hosta
2026-04-13 19:23:53 | Process-5 | ERROR | asyncio | Exception in callback _ProactorBasePipeTransport._call_connection_lost(None)
handle: <Handle _ProactorBasePipeTransport._call_connection_lost(None)>
Traceback (most recent call last):
  File "C:\Users\Hyperbook\miniconda3\Lib\asyncio\events.py", line 88, in _run
    self._context.run(self._callback, *self._args)
  File "C:\Users\Hyperbook\miniconda3\Lib\asyncio\proactor_events.py", line 165, in _call_connection_lost
    self._sock.shutdown(socket.SHUT_RDWR)
ConnectionResetError: [WinError 10054] Istniejące połączenie zostało gwałtownie zamknięte przez zdalnego hosta
2026-04-13 19:23:57 | Process-5 | ERROR | asyncio | Exception in callback _ProactorBasePipeTransport._call_connection_lost(None)
handle: <Handle _ProactorBasePipeTransport._call_connection_lost(None)>
Traceback (most recent call last):
  File "C:\Users\Hyperbook\miniconda3\Lib\asyncio\events.py", line 88, in _run
    self._context.run(self._callback, *self._args)
  File "C:\Users\Hyperbook\miniconda3\Lib\asyncio\proactor_events.py", line 165, in _call_connection_lost
    self._sock.shutdown(socket.SHUT_RDWR)
ConnectionResetError: [WinError 10054] Istniejące połączenie zostało gwałtownie zamknięte przez zdalnego hosta
2026-04-13 19:23:58 | Process-5 | ERROR | asyncio | Exception in callback _ProactorBasePipeTransport._call_connection_lost(None)
handle: <Handle _ProactorBasePipeTransport._call_connection_lost(None)>
Traceback (most recent call last):
  File "C:\Users\Hyperbook\miniconda3\Lib\asyncio\events.py", line 88, in _run
    self._context.run(self._callback, *self._args)
  File "C:\Users\Hyperbook\miniconda3\Lib\asyncio\proactor_events.py", line 165, in _call_connection_lost
    self._sock.shutdown(socket.SHUT_RDWR)
ConnectionResetError: [WinError 10054] Istniejące połączenie zostało gwałtownie zamknięte przez zdalnego hosta
2026-04-13 19:23:59 | Process-5 | ERROR | asyncio | Exception in callback _ProactorBasePipeTransport._call_connection_lost(None)
handle: <Handle _ProactorBasePipeTransport._call_connection_lost(None)>
Traceback (most recent call last):
  File "C:\Users\Hyperbook\miniconda3\Lib\asyncio\events.py", line 88, in _run
    self._context.run(self._callback, *self._args)
  File "C:\Users\Hyperbook\miniconda3\Lib\asyncio\proactor_events.py", line 165, in _call_connection_lost
    self._sock.shutdown(socket.SHUT_RDWR)
ConnectionResetError: [WinError 10054] Istniejące połączenie zostało gwałtownie zamknięte przez zdalnego hosta
2026-04-13 19:24:00 | Process-5 | ERROR | asyncio | Exception in callback _ProactorBasePipeTransport._call_connection_lost(None)
handle: <Handle _ProactorBasePipeTransport._call_connection_lost(None)>
Traceback (most recent call last):
  File "C:\Users\Hyperbook\miniconda3\Lib\asyncio\events.py", line 88, in _run
    self._context.run(self._callback, *self._args)
  File "C:\Users\Hyperbook\miniconda3\Lib\asyncio\proactor_events.py", line 165, in _call_connection_lost
    self._sock.shutdown(socket.SHUT_RDWR)
ConnectionResetError: [WinError 10054] Istniejące połączenie zostało gwałtownie zamknięte przez zdalnego hosta
2026-04-13 19:24:00 | Process-5 | ERROR | asyncio | Exception in callback _ProactorBasePipeTransport._call_connection_lost(None)
handle: <Handle _ProactorBasePipeTransport._call_connection_lost(None)>
Traceback (most recent call last):
  File "C:\Users\Hyperbook\miniconda3\Lib\asyncio\events.py", line 88, in _run
    self._context.run(self._callback, *self._args)
  File "C:\Users\Hyperbook\miniconda3\Lib\asyncio\proactor_events.py", line 165, in _call_connection_lost
    self._sock.shutdown(socket.SHUT_RDWR)
ConnectionResetError: [WinError 10054] Istniejące połączenie zostało gwałtownie zamknięte przez zdalnego hosta
2026-04-13 19:24:01 | Process-5 | ERROR | asyncio | Exception in callback _ProactorBasePipeTransport._call_connection_lost(None)
handle: <Handle _ProactorBasePipeTransport._call_connection_lost(None)>
Traceback (most recent call last):
  File "C:\Users\Hyperbook\miniconda3\Lib\asyncio\events.py", line 88, in _run
    self._context.run(self._callback, *self._args)
  File "C:\Users\Hyperbook\miniconda3\Lib\asyncio\proactor_events.py", line 165, in _call_connection_lost
    self._sock.shutdown(socket.SHUT_RDWR)
ConnectionResetError: [WinError 10054] Istniejące połączenie zostało gwałtownie zamknięte przez zdalnego hosta
2026-04-13 19:24:02 | Process-5 | ERROR | asyncio | Exception in callback _ProactorBasePipeTransport._call_connection_lost(None)
handle: <Handle _ProactorBasePipeTransport._call_connection_lost(None)>
Traceback (most recent call last):
  File "C:\Users\Hyperbook\miniconda3\Lib\asyncio\events.py", line 88, in _run
    self._context.run(self._callback, *self._args)
  File "C:\Users\Hyperbook\miniconda3\Lib\asyncio\proactor_events.py", line 165, in _call_connection_lost
    self._sock.shutdown(socket.SHUT_RDWR)
ConnectionResetError: [WinError 10054] Istniejące połączenie zostało gwałtownie zamknięte przez zdalnego hosta
2026-04-13 19:24:03 | Process-5 | ERROR | asyncio | Exception in callback _ProactorBasePipeTransport._call_connection_lost(None)
handle: <Handle _ProactorBasePipeTransport._call_connection_lost(None)>
Traceback (most recent call last):
  File "C:\Users\Hyperbook\miniconda3\Lib\asyncio\events.py", line 88, in _run
    self._context.run(self._callback, *self._args)
  File "C:\Users\Hyperbook\miniconda3\Lib\asyncio\proactor_events.py", line 165, in _call_connection_lost
    self._sock.shutdown(socket.SHUT_RDWR)
ConnectionResetError: [WinError 10054] Istniejące połączenie zostało gwałtownie zamknięte przez zdalnego hosta
2026-04-13 19:24:06 | Process-5 | ERROR | asyncio | Exception in callback _ProactorBasePipeTransport._call_connection_lost(None)
handle: <Handle _ProactorBasePipeTransport._call_connection_lost(None)>
Traceback (most recent call last):
  File "C:\Users\Hyperbook\miniconda3\Lib\asyncio\events.py", line 88, in _run
    self._context.run(self._callback, *self._args)
  File "C:\Users\Hyperbook\miniconda3\Lib\asyncio\proactor_events.py", line 165, in _call_connection_lost
    self._sock.shutdown(socket.SHUT_RDWR)
ConnectionResetError: [WinError 10054] Istniejące połączenie zostało gwałtownie zamknięte przez zdalnego hosta
2026-04-13 19:24:06 | Process-5 | ERROR | asyncio | Exception in callback _ProactorBasePipeTransport._call_connection_lost(None)
handle: <Handle _ProactorBasePipeTransport._call_connection_lost(None)>
Traceback (most recent call last):
  File "C:\Users\Hyperbook\miniconda3\Lib\asyncio\events.py", line 88, in _run
    self._context.run(self._callback, *self._args)
  File "C:\Users\Hyperbook\miniconda3\Lib\asyncio\proactor_events.py", line 165, in _call_connection_lost
    self._sock.shutdown(socket.SHUT_RDWR)
ConnectionResetError: [WinError 10054] Istniejące połączenie zostało gwałtownie zamknięte przez zdalnego hosta
2026-04-13 19:24:06 | Process-5 | ERROR | asyncio | Exception in callback _ProactorBasePipeTransport._call_connection_lost(None)
handle: <Handle _ProactorBasePipeTransport._call_connection_lost(None)>
Traceback (most recent call last):
  File "C:\Users\Hyperbook\miniconda3\Lib\asyncio\events.py", line 88, in _run
    self._context.run(self._callback, *self._args)
  File "C:\Users\Hyperbook\miniconda3\Lib\asyncio\proactor_events.py", line 165, in _call_connection_lost
    self._sock.shutdown(socket.SHUT_RDWR)
ConnectionResetError: [WinError 10054] Istniejące połączenie zostało gwałtownie zamknięte przez zdalnego hosta
2026-04-13 19:24:07 | Process-5 | ERROR | asyncio | Exception in callback _ProactorBasePipeTransport._call_connection_lost(None)
handle: <Handle _ProactorBasePipeTransport._call_connection_lost(None)>
Traceback (most recent call last):
  File "C:\Users\Hyperbook\miniconda3\Lib\asyncio\events.py", line 88, in _run
    self._context.run(self._callback, *self._args)
  File "C:\Users\Hyperbook\miniconda3\Lib\asyncio\proactor_events.py", line 165, in _call_connection_lost
    self._sock.shutdown(socket.SHUT_RDWR)
ConnectionResetError: [WinError 10054] Istniejące połączenie zostało gwałtownie zamknięte przez zdalnego hosta
2026-04-13 19:24:08 | Process-5 | ERROR | asyncio | Exception in callback _ProactorBasePipeTransport._call_connection_lost(None)
handle: <Handle _ProactorBasePipeTransport._call_connection_lost(None)>
Traceback (most recent call last):
  File "C:\Users\Hyperbook\miniconda3\Lib\asyncio\events.py", line 88, in _run
    self._context.run(self._callback, *self._args)
  File "C:\Users\Hyperbook\miniconda3\Lib\asyncio\proactor_events.py", line 165, in _call_connection_lost
    self._sock.shutdown(socket.SHUT_RDWR)
ConnectionResetError: [WinError 10054] Istniejące połączenie zostało gwałtownie zamknięte przez zdalnego hosta
2026-04-13 19:24:08 | Process-5 | ERROR | asyncio | Exception in callback _ProactorBasePipeTransport._call_connection_lost(None)
handle: <Handle _ProactorBasePipeTransport._call_connection_lost(None)>
Traceback (most recent call last):
  File "C:\Users\Hyperbook\miniconda3\Lib\asyncio\events.py", line 88, in _run
    self._context.run(self._callback, *self._args)
  File "C:\Users\Hyperbook\miniconda3\Lib\asyncio\proactor_events.py", line 165, in _call_connection_lost
    self._sock.shutdown(socket.SHUT_RDWR)
ConnectionResetError: [WinError 10054] Istniejące połączenie zostało gwałtownie zamknięte przez zdalnego hosta
2026-04-13 19:24:10 | Process-5 | ERROR | asyncio | Exception in callback _ProactorBasePipeTransport._call_connection_lost(None)
handle: <Handle _ProactorBasePipeTransport._call_connection_lost(None)>
Traceback (most recent call last):
  File "C:\Users\Hyperbook\miniconda3\Lib\asyncio\events.py", line 88, in _run
    self._context.run(self._callback, *self._args)
  File "C:\Users\Hyperbook\miniconda3\Lib\asyncio\proactor_events.py", line 165, in _call_connection_lost
    self._sock.shutdown(socket.SHUT_RDWR)
ConnectionResetError: [WinError 10054] Istniejące połączenie zostało gwałtownie zamknięte przez zdalnego hosta
2026-04-13 19:24:11 | Process-5 | ERROR | asyncio | Exception in callback _ProactorBasePipeTransport._call_connection_lost(None)
handle: <Handle _ProactorBasePipeTransport._call_connection_lost(None)>
Traceback (most recent call last):
  File "C:\Users\Hyperbook\miniconda3\Lib\asyncio\events.py", line 88, in _run
    self._context.run(self._callback, *self._args)
  File "C:\Users\Hyperbook\miniconda3\Lib\asyncio\proactor_events.py", line 165, in _call_connection_lost
    self._sock.shutdown(socket.SHUT_RDWR)
ConnectionResetError: [WinError 10054] Istniejące połączenie zostało gwałtownie zamknięte przez zdalnego hosta
2026-04-13 19:24:11 | Process-5 | ERROR | asyncio | Exception in callback _ProactorBasePipeTransport._call_connection_lost(None)
handle: <Handle _ProactorBasePipeTransport._call_connection_lost(None)>
Traceback (most recent call last):
  File "C:\Users\Hyperbook\miniconda3\Lib\asyncio\events.py", line 88, in _run
    self._context.run(self._callback, *self._args)
  File "C:\Users\Hyperbook\miniconda3\Lib\asyncio\proactor_events.py", line 165, in _call_connection_lost
    self._sock.shutdown(socket.SHUT_RDWR)
ConnectionResetError: [WinError 10054] Istniejące połączenie zostało gwałtownie zamknięte przez zdalnego hosta
2026-04-13 19:24:11 | Process-5 | ERROR | asyncio | Exception in callback _ProactorBasePipeTransport._call_connection_lost(None)
handle: <Handle _ProactorBasePipeTransport._call_connection_lost(None)>
Traceback (most recent call last):
  File "C:\Users\Hyperbook\miniconda3\Lib\asyncio\events.py", line 88, in _run
    self._context.run(self._callback, *self._args)
  File "C:\Users\Hyperbook\miniconda3\Lib\asyncio\proactor_events.py", line 165, in _call_connection_lost
    self._sock.shutdown(socket.SHUT_RDWR)
ConnectionResetError: [WinError 10054] Istniejące połączenie zostało gwałtownie zamknięte przez zdalnego hosta
2026-04-13 19:24:12 | Process-5 | ERROR | asyncio | Exception in callback _ProactorBasePipeTransport._call_connection_lost(None)
handle: <Handle _ProactorBasePipeTransport._call_connection_lost(None)>
Traceback (most recent call last):
  File "C:\Users\Hyperbook\miniconda3\Lib\asyncio\events.py", line 88, in _run
    self._context.run(self._callback, *self._args)
  File "C:\Users\Hyperbook\miniconda3\Lib\asyncio\proactor_events.py", line 165, in _call_connection_lost
    self._sock.shutdown(socket.SHUT_RDWR)
ConnectionResetError: [WinError 10054] Istniejące połączenie zostało gwałtownie zamknięte przez zdalnego hosta
2026-04-13 19:24:13 | Process-5 | ERROR | asyncio | Exception in callback _ProactorBasePipeTransport._call_connection_lost(None)
handle: <Handle _ProactorBasePipeTransport._call_connection_lost(None)>
Traceback (most recent call last):
  File "C:\Users\Hyperbook\miniconda3\Lib\asyncio\events.py", line 88, in _run
    self._context.run(self._callback, *self._args)
  File "C:\Users\Hyperbook\miniconda3\Lib\asyncio\proactor_events.py", line 165, in _call_connection_lost
    self._sock.shutdown(socket.SHUT_RDWR)
ConnectionResetError: [WinError 10054] Istniejące połączenie zostało gwałtownie zamknięte przez zdalnego hosta
2026-04-13 19:24:13 | Process-5 | ERROR | asyncio | Exception in callback _ProactorBasePipeTransport._call_connection_lost(None)
handle: <Handle _ProactorBasePipeTransport._call_connection_lost(None)>
Traceback (most recent call last):
  File "C:\Users\Hyperbook\miniconda3\Lib\asyncio\events.py", line 88, in _run
    self._context.run(self._callback, *self._args)
  File "C:\Users\Hyperbook\miniconda3\Lib\asyncio\proactor_events.py", line 165, in _call_connection_lost
    self._sock.shutdown(socket.SHUT_RDWR)
ConnectionResetError: [WinError 10054] Istniejące połączenie zostało gwałtownie zamknięte przez zdalnego hosta
2026-04-13 19:24:13 | Process-5 | ERROR | asyncio | Exception in callback _ProactorBasePipeTransport._call_connection_lost(None)
handle: <Handle _ProactorBasePipeTransport._call_connection_lost(None)>
Traceback (most recent call last):
  File "C:\Users\Hyperbook\miniconda3\Lib\asyncio\events.py", line 88, in _run
    self._context.run(self._callback, *self._args)
  File "C:\Users\Hyperbook\miniconda3\Lib\asyncio\proactor_events.py", line 165, in _call_connection_lost
    self._sock.shutdown(socket.SHUT_RDWR)
ConnectionResetError: [WinError 10054] Istniejące połączenie zostało gwałtownie zamknięte przez zdalnego hosta
2026-04-13 19:24:13 | Process-5 | ERROR | asyncio | Exception in callback _ProactorBasePipeTransport._call_connection_lost(None)
handle: <Handle _ProactorBasePipeTransport._call_connection_lost(None)>
Traceback (most recent call last):
  File "C:\Users\Hyperbook\miniconda3\Lib\asyncio\events.py", line 88, in _run
    self._context.run(self._callback, *self._args)
  File "C:\Users\Hyperbook\miniconda3\Lib\asyncio\proactor_events.py", line 165, in _call_connection_lost
    self._sock.shutdown(socket.SHUT_RDWR)
ConnectionResetError: [WinError 10054] Istniejące połączenie zostało gwałtownie zamknięte przez zdalnego hosta
2026-04-13 19:24:16 | Process-5 | ERROR | asyncio | Exception in callback _ProactorBasePipeTransport._call_connection_lost(None)
handle: <Handle _ProactorBasePipeTransport._call_connection_lost(None)>
Traceback (most recent call last):
  File "C:\Users\Hyperbook\miniconda3\Lib\asyncio\events.py", line 88, in _run
    self._context.run(self._callback, *self._args)
  File "C:\Users\Hyperbook\miniconda3\Lib\asyncio\proactor_events.py", line 165, in _call_connection_lost
    self._sock.shutdown(socket.SHUT_RDWR)
ConnectionResetError: [WinError 10054] Istniejące połączenie zostało gwałtownie zamknięte przez zdalnego hosta
2026-04-13 19:24:16 | Process-5 | ERROR | asyncio | Exception in callback _ProactorBasePipeTransport._call_connection_lost(None)
handle: <Handle _ProactorBasePipeTransport._call_connection_lost(None)>
Traceback (most recent call last):
  File "C:\Users\Hyperbook\miniconda3\Lib\asyncio\events.py", line 88, in _run
    self._context.run(self._callback, *self._args)
  File "C:\Users\Hyperbook\miniconda3\Lib\asyncio\proactor_events.py", line 165, in _call_connection_lost
    self._sock.shutdown(socket.SHUT_RDWR)
ConnectionResetError: [WinError 10054] Istniejące połączenie zostało gwałtownie zamknięte przez zdalnego hosta
2026-04-13 19:24:16 | Process-5 | ERROR | asyncio | Exception in callback _ProactorBasePipeTransport._call_connection_lost(None)
handle: <Handle _ProactorBasePipeTransport._call_connection_lost(None)>
Traceback (most recent call last):
  File "C:\Users\Hyperbook\miniconda3\Lib\asyncio\events.py", line 88, in _run
    self._context.run(self._callback, *self._args)
  File "C:\Users\Hyperbook\miniconda3\Lib\asyncio\proactor_events.py", line 165, in _call_connection_lost
    self._sock.shutdown(socket.SHUT_RDWR)
ConnectionResetError: [WinError 10054] Istniejące połączenie zostało gwałtownie zamknięte przez zdalnego hosta
2026-04-13 19:24:17 | Process-5 | ERROR | asyncio | Exception in callback _ProactorBasePipeTransport._call_connection_lost(None)
handle: <Handle _ProactorBasePipeTransport._call_connection_lost(None)>
Traceback (most recent call last):
  File "C:\Users\Hyperbook\miniconda3\Lib\asyncio\events.py", line 88, in _run
    self._context.run(self._callback, *self._args)
  File "C:\Users\Hyperbook\miniconda3\Lib\asyncio\proactor_events.py", line 165, in _call_connection_lost
    self._sock.shutdown(socket.SHUT_RDWR)
ConnectionResetError: [WinError 10054] Istniejące połączenie zostało gwałtownie zamknięte przez zdalnego hosta
2026-04-13 19:24:20 | Process-5 | ERROR | asyncio | Exception in callback _ProactorBasePipeTransport._call_connection_lost(None)
handle: <Handle _ProactorBasePipeTransport._call_connection_lost(None)>
Traceback (most recent call last):
  File "C:\Users\Hyperbook\miniconda3\Lib\asyncio\events.py", line 88, in _run
    self._context.run(self._callback, *self._args)
  File "C:\Users\Hyperbook\miniconda3\Lib\asyncio\proactor_events.py", line 165, in _call_connection_lost
    self._sock.shutdown(socket.SHUT_RDWR)
ConnectionResetError: [WinError 10054] Istniejące połączenie zostało gwałtownie zamknięte przez zdalnego hosta
2026-04-13 19:24:21 | Process-5 | ERROR | asyncio | Exception in callback _ProactorBasePipeTransport._call_connection_lost(None)
handle: <Handle _ProactorBasePipeTransport._call_connection_lost(None)>
Traceback (most recent call last):
  File "C:\Users\Hyperbook\miniconda3\Lib\asyncio\events.py", line 88, in _run
    self._context.run(self._callback, *self._args)
  File "C:\Users\Hyperbook\miniconda3\Lib\asyncio\proactor_events.py", line 165, in _call_connection_lost
    self._sock.shutdown(socket.SHUT_RDWR)
ConnectionResetError: [WinError 10054] Istniejące połączenie zostało gwałtownie zamknięte przez zdalnego hosta
2026-04-13 19:24:22 | Process-5 | ERROR | asyncio | Exception in callback _ProactorBasePipeTransport._call_connection_lost(None)
handle: <Handle _ProactorBasePipeTransport._call_connection_lost(None)>
Traceback (most recent call last):
  File "C:\Users\Hyperbook\miniconda3\Lib\asyncio\events.py", line 88, in _run
    self._context.run(self._callback, *self._args)
  File "C:\Users\Hyperbook\miniconda3\Lib\asyncio\proactor_events.py", line 165, in _call_connection_lost
    self._sock.shutdown(socket.SHUT_RDWR)
ConnectionResetError: [WinError 10054] Istniejące połączenie zostało gwałtownie zamknięte przez zdalnego hosta
2026-04-13 19:24:23 | Process-5 | ERROR | asyncio | Exception in callback _ProactorBasePipeTransport._call_connection_lost(None)
handle: <Handle _ProactorBasePipeTransport._call_connection_lost(None)>
Traceback (most recent call last):
  File "C:\Users\Hyperbook\miniconda3\Lib\asyncio\events.py", line 88, in _run
    self._context.run(self._callback, *self._args)
  File "C:\Users\Hyperbook\miniconda3\Lib\asyncio\proactor_events.py", line 165, in _call_connection_lost
    self._sock.shutdown(socket.SHUT_RDWR)
ConnectionResetError: [WinError 10054] Istniejące połączenie zostało gwałtownie zamknięte przez zdalnego hosta
2026-04-13 19:24:25 | Process-5 | ERROR | asyncio | Exception in callback _ProactorBasePipeTransport._call_connection_lost(None)
handle: <Handle _ProactorBasePipeTransport._call_connection_lost(None)>
Traceback (most recent call last):
  File "C:\Users\Hyperbook\miniconda3\Lib\asyncio\events.py", line 88, in _run
    self._context.run(self._callback, *self._args)
  File "C:\Users\Hyperbook\miniconda3\Lib\asyncio\proactor_events.py", line 165, in _call_connection_lost
    self._sock.shutdown(socket.SHUT_RDWR)
ConnectionResetError: [WinError 10054] Istniejące połączenie zostało gwałtownie zamknięte przez zdalnego hosta
2026-04-13 19:24:26 | Process-5 | ERROR | asyncio | Exception in callback _ProactorBasePipeTransport._call_connection_lost(None)
handle: <Handle _ProactorBasePipeTransport._call_connection_lost(None)>
Traceback (most recent call last):
  File "C:\Users\Hyperbook\miniconda3\Lib\asyncio\events.py", line 88, in _run
    self._context.run(self._callback, *self._args)
  File "C:\Users\Hyperbook\miniconda3\Lib\asyncio\proactor_events.py", line 165, in _call_connection_lost
    self._sock.shutdown(socket.SHUT_RDWR)
ConnectionResetError: [WinError 10054] Istniejące połączenie zostało gwałtownie zamknięte przez zdalnego hosta
2026-04-13 19:24:27 | Process-5 | ERROR | asyncio | Exception in callback _ProactorBasePipeTransport._call_connection_lost(None)
handle: <Handle _ProactorBasePipeTransport._call_connection_lost(None)>
Traceback (most recent call last):
  File "C:\Users\Hyperbook\miniconda3\Lib\asyncio\events.py", line 88, in _run
    self._context.run(self._callback, *self._args)
  File "C:\Users\Hyperbook\miniconda3\Lib\asyncio\proactor_events.py", line 165, in _call_connection_lost
    self._sock.shutdown(socket.SHUT_RDWR)
ConnectionResetError: [WinError 10054] Istniejące połączenie zostało gwałtownie zamknięte przez zdalnego hosta
2026-04-13 19:24:30 | Process-5 | ERROR | asyncio | Exception in callback _ProactorBasePipeTransport._call_connection_lost(None)
handle: <Handle _ProactorBasePipeTransport._call_connection_lost(None)>
Traceback (most recent call last):
  File "C:\Users\Hyperbook\miniconda3\Lib\asyncio\events.py", line 88, in _run
    self._context.run(self._callback, *self._args)
  File "C:\Users\Hyperbook\miniconda3\Lib\asyncio\proactor_events.py", line 165, in _call_connection_lost
    self._sock.shutdown(socket.SHUT_RDWR)
ConnectionResetError: [WinError 10054] Istniejące połączenie zostało gwałtownie zamknięte przez zdalnego hosta
2026-04-13 19:24:32 | Process-5 | ERROR | asyncio | Exception in callback _ProactorBasePipeTransport._call_connection_lost(None)
handle: <Handle _ProactorBasePipeTransport._call_connection_lost(None)>
Traceback (most recent call last):
  File "C:\Users\Hyperbook\miniconda3\Lib\asyncio\events.py", line 88, in _run
    self._context.run(self._callback, *self._args)
  File "C:\Users\Hyperbook\miniconda3\Lib\asyncio\proactor_events.py", line 165, in _call_connection_lost
    self._sock.shutdown(socket.SHUT_RDWR)
ConnectionResetError: [WinError 10054] Istniejące połączenie zostało gwałtownie zamknięte przez zdalnego hosta
2026-04-13 19:24:34 | Process-5 | ERROR | asyncio | Exception in callback _ProactorBasePipeTransport._call_connection_lost(None)
handle: <Handle _ProactorBasePipeTransport._call_connection_lost(None)>
Traceback (most recent call last):
  File "C:\Users\Hyperbook\miniconda3\Lib\asyncio\events.py", line 88, in _run
    self._context.run(self._callback, *self._args)
  File "C:\Users\Hyperbook\miniconda3\Lib\asyncio\proactor_events.py", line 165, in _call_connection_lost
    self._sock.shutdown(socket.SHUT_RDWR)
ConnectionResetError: [WinError 10054] Istniejące połączenie zostało gwałtownie zamknięte przez zdalnego hosta
2026-04-13 19:24:34 | Process-5 | ERROR | asyncio | Exception in callback _ProactorBasePipeTransport._call_connection_lost(None)
handle: <Handle _ProactorBasePipeTransport._call_connection_lost(None)>
Traceback (most recent call last):
  File "C:\Users\Hyperbook\miniconda3\Lib\asyncio\events.py", line 88, in _run
    self._context.run(self._callback, *self._args)
  File "C:\Users\Hyperbook\miniconda3\Lib\asyncio\proactor_events.py", line 165, in _call_connection_lost
    self._sock.shutdown(socket.SHUT_RDWR)
ConnectionResetError: [WinError 10054] Istniejące połączenie zostało gwałtownie zamknięte przez zdalnego hosta
2026-04-13 19:24:35 | Process-5 | ERROR | asyncio | Exception in callback _ProactorBasePipeTransport._call_connection_lost(None)
handle: <Handle _ProactorBasePipeTransport._call_connection_lost(None)>
Traceback (most recent call last):
  File "C:\Users\Hyperbook\miniconda3\Lib\asyncio\events.py", line 88, in _run
    self._context.run(self._callback, *self._args)
  File "C:\Users\Hyperbook\miniconda3\Lib\asyncio\proactor_events.py", line 165, in _call_connection_lost
    self._sock.shutdown(socket.SHUT_RDWR)
ConnectionResetError: [WinError 10054] Istniejące połączenie zostało gwałtownie zamknięte przez zdalnego hosta
2026-04-13 19:24:40 | Process-5 | ERROR | asyncio | Exception in callback _ProactorBasePipeTransport._call_connection_lost(None)
handle: <Handle _ProactorBasePipeTransport._call_connection_lost(None)>
Traceback (most recent call last):
  File "C:\Users\Hyperbook\miniconda3\Lib\asyncio\events.py", line 88, in _run
    self._context.run(self._callback, *self._args)
  File "C:\Users\Hyperbook\miniconda3\Lib\asyncio\proactor_events.py", line 165, in _call_connection_lost
    self._sock.shutdown(socket.SHUT_RDWR)
ConnectionResetError: [WinError 10054] Istniejące połączenie zostało gwałtownie zamknięte przez zdalnego hosta
2026-04-13 19:24:44 | Process-5 | ERROR | asyncio | Exception in callback _ProactorBasePipeTransport._call_connection_lost(None)
handle: <Handle _ProactorBasePipeTransport._call_connection_lost(None)>
Traceback (most recent call last):
  File "C:\Users\Hyperbook\miniconda3\Lib\asyncio\events.py", line 88, in _run
    self._context.run(self._callback, *self._args)
  File "C:\Users\Hyperbook\miniconda3\Lib\asyncio\proactor_events.py", line 165, in _call_connection_lost
    self._sock.shutdown(socket.SHUT_RDWR)
ConnectionResetError: [WinError 10054] Istniejące połączenie zostało gwałtownie zamknięte przez zdalnego hosta
2026-04-13 19:24:44 | Process-5 | ERROR | asyncio | Exception in callback _ProactorBasePipeTransport._call_connection_lost(None)
handle: <Handle _ProactorBasePipeTransport._call_connection_lost(None)>
Traceback (most recent call last):
  File "C:\Users\Hyperbook\miniconda3\Lib\asyncio\events.py", line 88, in _run
    self._context.run(self._callback, *self._args)
  File "C:\Users\Hyperbook\miniconda3\Lib\asyncio\proactor_events.py", line 165, in _call_connection_lost
    self._sock.shutdown(socket.SHUT_RDWR)
ConnectionResetError: [WinError 10054] Istniejące połączenie zostało gwałtownie zamknięte przez zdalnego hosta
2026-04-13 19:24:45 | Process-5 | ERROR | asyncio | Exception in callback _ProactorBasePipeTransport._call_connection_lost(None)
handle: <Handle _ProactorBasePipeTransport._call_connection_lost(None)>
Traceback (most recent call last):
  File "C:\Users\Hyperbook\miniconda3\Lib\asyncio\events.py", line 88, in _run
    self._context.run(self._callback, *self._args)
  File "C:\Users\Hyperbook\miniconda3\Lib\asyncio\proactor_events.py", line 165, in _call_connection_lost
    self._sock.shutdown(socket.SHUT_RDWR)
ConnectionResetError: [WinError 10054] Istniejące połączenie zostało gwałtownie zamknięte przez zdalnego hosta
2026-04-13 19:24:46 | Process-5 | ERROR | asyncio | Exception in callback _ProactorBasePipeTransport._call_connection_lost(None)
handle: <Handle _ProactorBasePipeTransport._call_connection_lost(None)>
Traceback (most recent call last):
  File "C:\Users\Hyperbook\miniconda3\Lib\asyncio\events.py", line 88, in _run
    self._context.run(self._callback, *self._args)
  File "C:\Users\Hyperbook\miniconda3\Lib\asyncio\proactor_events.py", line 165, in _call_connection_lost
    self._sock.shutdown(socket.SHUT_RDWR)
ConnectionResetError: [WinError 10054] Istniejące połączenie zostało gwałtownie zamknięte przez zdalnego hosta
2026-04-13 19:24:47 | Process-5 | ERROR | asyncio | Exception in callback _ProactorBasePipeTransport._call_connection_lost(None)
handle: <Handle _ProactorBasePipeTransport._call_connection_lost(None)>
Traceback (most recent call last):
  File "C:\Users\Hyperbook\miniconda3\Lib\asyncio\events.py", line 88, in _run
    self._context.run(self._callback, *self._args)
  File "C:\Users\Hyperbook\miniconda3\Lib\asyncio\proactor_events.py", line 165, in _call_connection_lost
    self._sock.shutdown(socket.SHUT_RDWR)
ConnectionResetError: [WinError 10054] Istniejące połączenie zostało gwałtownie zamknięte przez zdalnego hosta
2026-04-13 19:24:53 | Process-5 | ERROR | asyncio | Exception in callback _ProactorBasePipeTransport._call_connection_lost(None)
handle: <Handle _ProactorBasePipeTransport._call_connection_lost(None)>
Traceback (most recent call last):
  File "C:\Users\Hyperbook\miniconda3\Lib\asyncio\events.py", line 88, in _run
    self._context.run(self._callback, *self._args)
  File "C:\Users\Hyperbook\miniconda3\Lib\asyncio\proactor_events.py", line 165, in _call_connection_lost
    self._sock.shutdown(socket.SHUT_RDWR)
ConnectionResetError: [WinError 10054] Istniejące połączenie zostało gwałtownie zamknięte przez zdalnego hosta
2026-04-13 19:24:55 | Process-5 | ERROR | asyncio | Exception in callback _ProactorBasePipeTransport._call_connection_lost(None)
handle: <Handle _ProactorBasePipeTransport._call_connection_lost(None)>
Traceback (most recent call last):
  File "C:\Users\Hyperbook\miniconda3\Lib\asyncio\events.py", line 88, in _run
    self._context.run(self._callback, *self._args)
  File "C:\Users\Hyperbook\miniconda3\Lib\asyncio\proactor_events.py", line 165, in _call_connection_lost
    self._sock.shutdown(socket.SHUT_RDWR)
ConnectionResetError: [WinError 10054] Istniejące połączenie zostało gwałtownie zamknięte przez zdalnego hosta
2026-04-13 19:24:59 | Process-5 | ERROR | asyncio | Exception in callback _ProactorBasePipeTransport._call_connection_lost(None)
handle: <Handle _ProactorBasePipeTransport._call_connection_lost(None)>
Traceback (most recent call last):
  File "C:\Users\Hyperbook\miniconda3\Lib\asyncio\events.py", line 88, in _run
    self._context.run(self._callback, *self._args)
  File "C:\Users\Hyperbook\miniconda3\Lib\asyncio\proactor_events.py", line 165, in _call_connection_lost
    self._sock.shutdown(socket.SHUT_RDWR)
ConnectionResetError: [WinError 10054] Istniejące połączenie zostało gwałtownie zamknięte przez zdalnego hosta
2026-04-13 19:25:03 | Process-5 | ERROR | asyncio | Exception in callback _ProactorBasePipeTransport._call_connection_lost(None)
handle: <Handle _ProactorBasePipeTransport._call_connection_lost(None)>
Traceback (most recent call last):
  File "C:\Users\Hyperbook\miniconda3\Lib\asyncio\events.py", line 88, in _run
    self._context.run(self._callback, *self._args)
  File "C:\Users\Hyperbook\miniconda3\Lib\asyncio\proactor_events.py", line 165, in _call_connection_lost
    self._sock.shutdown(socket.SHUT_RDWR)
ConnectionResetError: [WinError 10054] Istniejące połączenie zostało gwałtownie zamknięte przez zdalnego hosta
2026-04-13 19:25:03 | Process-5 | ERROR | asyncio | Exception in callback _ProactorBasePipeTransport._call_connection_lost(None)
handle: <Handle _ProactorBasePipeTransport._call_connection_lost(None)>
Traceback (most recent call last):
  File "C:\Users\Hyperbook\miniconda3\Lib\asyncio\events.py", line 88, in _run
    self._context.run(self._callback, *self._args)
  File "C:\Users\Hyperbook\miniconda3\Lib\asyncio\proactor_events.py", line 165, in _call_connection_lost
    self._sock.shutdown(socket.SHUT_RDWR)
ConnectionResetError: [WinError 10054] Istniejące połączenie zostało gwałtownie zamknięte przez zdalnego hosta
2026-04-13 19:25:04 | Process-5 | ERROR | asyncio | Exception in callback _ProactorBasePipeTransport._call_connection_lost(None)
handle: <Handle _ProactorBasePipeTransport._call_connection_lost(None)>
Traceback (most recent call last):
  File "C:\Users\Hyperbook\miniconda3\Lib\asyncio\events.py", line 88, in _run
    self._context.run(self._callback, *self._args)
  File "C:\Users\Hyperbook\miniconda3\Lib\asyncio\proactor_events.py", line 165, in _call_connection_lost
    self._sock.shutdown(socket.SHUT_RDWR)
ConnectionResetError: [WinError 10054] Istniejące połączenie zostało gwałtownie zamknięte przez zdalnego hosta
2026-04-13 19:25:04 | Process-5 | ERROR | asyncio | Exception in callback _ProactorBasePipeTransport._call_connection_lost(None)
handle: <Handle _ProactorBasePipeTransport._call_connection_lost(None)>
Traceback (most recent call last):
  File "C:\Users\Hyperbook\miniconda3\Lib\asyncio\events.py", line 88, in _run
    self._context.run(self._callback, *self._args)
  File "C:\Users\Hyperbook\miniconda3\Lib\asyncio\proactor_events.py", line 165, in _call_connection_lost
    self._sock.shutdown(socket.SHUT_RDWR)
ConnectionResetError: [WinError 10054] Istniejące połączenie zostało gwałtownie zamknięte przez zdalnego hosta
2026-04-13 19:25:07 | Process-5 | ERROR | asyncio | Exception in callback _ProactorBasePipeTransport._call_connection_lost(None)
handle: <Handle _ProactorBasePipeTransport._call_connection_lost(None)>
Traceback (most recent call last):
  File "C:\Users\Hyperbook\miniconda3\Lib\asyncio\events.py", line 88, in _run
    self._context.run(self._callback, *self._args)
  File "C:\Users\Hyperbook\miniconda3\Lib\asyncio\proactor_events.py", line 165, in _call_connection_lost
    self._sock.shutdown(socket.SHUT_RDWR)
ConnectionResetError: [WinError 10054] Istniejące połączenie zostało gwałtownie zamknięte przez zdalnego hosta
2026-04-13 19:25:09 | Process-5 | ERROR | asyncio | Exception in callback _ProactorBasePipeTransport._call_connection_lost(None)
handle: <Handle _ProactorBasePipeTransport._call_connection_lost(None)>
Traceback (most recent call last):
  File "C:\Users\Hyperbook\miniconda3\Lib\asyncio\events.py", line 88, in _run
    self._context.run(self._callback, *self._args)
  File "C:\Users\Hyperbook\miniconda3\Lib\asyncio\proactor_events.py", line 165, in _call_connection_lost
    self._sock.shutdown(socket.SHUT_RDWR)
ConnectionResetError: [WinError 10054] Istniejące połączenie zostało gwałtownie zamknięte przez zdalnego hosta
2026-04-13 19:25:10 | Process-5 | ERROR | asyncio | Exception in callback _ProactorBasePipeTransport._call_connection_lost(None)
handle: <Handle _ProactorBasePipeTransport._call_connection_lost(None)>
Traceback (most recent call last):
  File "C:\Users\Hyperbook\miniconda3\Lib\asyncio\events.py", line 88, in _run
    self._context.run(self._callback, *self._args)
  File "C:\Users\Hyperbook\miniconda3\Lib\asyncio\proactor_events.py", line 165, in _call_connection_lost
    self._sock.shutdown(socket.SHUT_RDWR)
ConnectionResetError: [WinError 10054] Istniejące połączenie zostało gwałtownie zamknięte przez zdalnego hosta
2026-04-13 19:25:15 | Process-5 | ERROR | asyncio | Exception in callback _ProactorBasePipeTransport._call_connection_lost(None)
handle: <Handle _ProactorBasePipeTransport._call_connection_lost(None)>
Traceback (most recent call last):
  File "C:\Users\Hyperbook\miniconda3\Lib\asyncio\events.py", line 88, in _run
    self._context.run(self._callback, *self._args)
  File "C:\Users\Hyperbook\miniconda3\Lib\asyncio\proactor_events.py", line 165, in _call_connection_lost
    self._sock.shutdown(socket.SHUT_RDWR)
ConnectionResetError: [WinError 10054] Istniejące połączenie zostało gwałtownie zamknięte przez zdalnego hosta
2026-04-13 19:25:17 | Process-5 | ERROR | asyncio | Exception in callback _ProactorBasePipeTransport._call_connection_lost(None)
handle: <Handle _ProactorBasePipeTransport._call_connection_lost(None)>
Traceback (most recent call last):
  File "C:\Users\Hyperbook\miniconda3\Lib\asyncio\events.py", line 88, in _run
    self._context.run(self._callback, *self._args)
  File "C:\Users\Hyperbook\miniconda3\Lib\asyncio\proactor_events.py", line 165, in _call_connection_lost
    self._sock.shutdown(socket.SHUT_RDWR)
ConnectionResetError: [WinError 10054] Istniejące połączenie zostało gwałtownie zamknięte przez zdalnego hosta
2026-04-13 19:25:19 | Process-5 | ERROR | asyncio | Exception in callback _ProactorBasePipeTransport._call_connection_lost(None)
handle: <Handle _ProactorBasePipeTransport._call_connection_lost(None)>
Traceback (most recent call last):
  File "C:\Users\Hyperbook\miniconda3\Lib\asyncio\events.py", line 88, in _run
    self._context.run(self._callback, *self._args)
  File "C:\Users\Hyperbook\miniconda3\Lib\asyncio\proactor_events.py", line 165, in _call_connection_lost
    self._sock.shutdown(socket.SHUT_RDWR)
ConnectionResetError: [WinError 10054] Istniejące połączenie zostało gwałtownie zamknięte przez zdalnego hosta
2026-04-13 19:25:19 | Process-5 | ERROR | asyncio | Exception in callback _ProactorBasePipeTransport._call_connection_lost(None)
handle: <Handle _ProactorBasePipeTransport._call_connection_lost(None)>
Traceback (most recent call last):
  File "C:\Users\Hyperbook\miniconda3\Lib\asyncio\events.py", line 88, in _run
    self._context.run(self._callback, *self._args)
  File "C:\Users\Hyperbook\miniconda3\Lib\asyncio\proactor_events.py", line 165, in _call_connection_lost
    self._sock.shutdown(socket.SHUT_RDWR)
ConnectionResetError: [WinError 10054] Istniejące połączenie zostało gwałtownie zamknięte przez zdalnego hosta
2026-04-13 19:25:20 | Process-5 | ERROR | asyncio | Exception in callback _ProactorBasePipeTransport._call_connection_lost(None)
handle: <Handle _ProactorBasePipeTransport._call_connection_lost(None)>
Traceback (most recent call last):
  File "C:\Users\Hyperbook\miniconda3\Lib\asyncio\events.py", line 88, in _run
    self._context.run(self._callback, *self._args)
  File "C:\Users\Hyperbook\miniconda3\Lib\asyncio\proactor_events.py", line 165, in _call_connection_lost
    self._sock.shutdown(socket.SHUT_RDWR)
ConnectionResetError: [WinError 10054] Istniejące połączenie zostało gwałtownie zamknięte przez zdalnego hosta
2026-04-13 19:25:21 | Process-5 | ERROR | asyncio | Exception in callback _ProactorBasePipeTransport._call_connection_lost(None)
handle: <Handle _ProactorBasePipeTransport._call_connection_lost(None)>
Traceback (most recent call last):
  File "C:\Users\Hyperbook\miniconda3\Lib\asyncio\events.py", line 88, in _run
    self._context.run(self._callback, *self._args)
  File "C:\Users\Hyperbook\miniconda3\Lib\asyncio\proactor_events.py", line 165, in _call_connection_lost
    self._sock.shutdown(socket.SHUT_RDWR)
ConnectionResetError: [WinError 10054] Istniejące połączenie zostało gwałtownie zamknięte przez zdalnego hosta
2026-04-13 19:25:21 | Process-5 | ERROR | asyncio | Exception in callback _ProactorBasePipeTransport._call_connection_lost(None)
handle: <Handle _ProactorBasePipeTransport._call_connection_lost(None)>
Traceback (most recent call last):
  File "C:\Users\Hyperbook\miniconda3\Lib\asyncio\events.py", line 88, in _run
    self._context.run(self._callback, *self._args)
  File "C:\Users\Hyperbook\miniconda3\Lib\asyncio\proactor_events.py", line 165, in _call_connection_lost
    self._sock.shutdown(socket.SHUT_RDWR)
ConnectionResetError: [WinError 10054] Istniejące połączenie zostało gwałtownie zamknięte przez zdalnego hosta
2026-04-13 19:25:22 | Process-5 | ERROR | asyncio | Exception in callback _ProactorBasePipeTransport._call_connection_lost(None)
handle: <Handle _ProactorBasePipeTransport._call_connection_lost(None)>
Traceback (most recent call last):
  File "C:\Users\Hyperbook\miniconda3\Lib\asyncio\events.py", line 88, in _run
    self._context.run(self._callback, *self._args)
  File "C:\Users\Hyperbook\miniconda3\Lib\asyncio\proactor_events.py", line 165, in _call_connection_lost
    self._sock.shutdown(socket.SHUT_RDWR)
ConnectionResetError: [WinError 10054] Istniejące połączenie zostało gwałtownie zamknięte przez zdalnego hosta
2026-04-13 19:25:23 | Process-5 | ERROR | asyncio | Exception in callback _ProactorBasePipeTransport._call_connection_lost(None)
handle: <Handle _ProactorBasePipeTransport._call_connection_lost(None)>
Traceback (most recent call last):
  File "C:\Users\Hyperbook\miniconda3\Lib\asyncio\events.py", line 88, in _run
    self._context.run(self._callback, *self._args)
  File "C:\Users\Hyperbook\miniconda3\Lib\asyncio\proactor_events.py", line 165, in _call_connection_lost
    self._sock.shutdown(socket.SHUT_RDWR)
ConnectionResetError: [WinError 10054] Istniejące połączenie zostało gwałtownie zamknięte przez zdalnego hosta
2026-04-13 19:25:24 | Process-5 | ERROR | asyncio | Exception in callback _ProactorBasePipeTransport._call_connection_lost(None)
handle: <Handle _ProactorBasePipeTransport._call_connection_lost(None)>
Traceback (most recent call last):
  File "C:\Users\Hyperbook\miniconda3\Lib\asyncio\events.py", line 88, in _run
    self._context.run(self._callback, *self._args)
  File "C:\Users\Hyperbook\miniconda3\Lib\asyncio\proactor_events.py", line 165, in _call_connection_lost
    self._sock.shutdown(socket.SHUT_RDWR)
ConnectionResetError: [WinError 10054] Istniejące połączenie zostało gwałtownie zamknięte przez zdalnego hosta
2026-04-13 19:25:24 | Process-5 | ERROR | asyncio | Exception in callback _ProactorBasePipeTransport._call_connection_lost(None)
handle: <Handle _ProactorBasePipeTransport._call_connection_lost(None)>
Traceback (most recent call last):
  File "C:\Users\Hyperbook\miniconda3\Lib\asyncio\events.py", line 88, in _run
    self._context.run(self._callback, *self._args)
  File "C:\Users\Hyperbook\miniconda3\Lib\asyncio\proactor_events.py", line 165, in _call_connection_lost
    self._sock.shutdown(socket.SHUT_RDWR)
ConnectionResetError: [WinError 10054] Istniejące połączenie zostało gwałtownie zamknięte przez zdalnego hosta
2026-04-13 19:25:28 | Process-5 | ERROR | asyncio | Exception in callback _ProactorBasePipeTransport._call_connection_lost(None)
handle: <Handle _ProactorBasePipeTransport._call_connection_lost(None)>
Traceback (most recent call last):
  File "C:\Users\Hyperbook\miniconda3\Lib\asyncio\events.py", line 88, in _run
    self._context.run(self._callback, *self._args)
  File "C:\Users\Hyperbook\miniconda3\Lib\asyncio\proactor_events.py", line 165, in _call_connection_lost
    self._sock.shutdown(socket.SHUT_RDWR)
ConnectionResetError: [WinError 10054] Istniejące połączenie zostało gwałtownie zamknięte przez zdalnego hosta
2026-04-13 19:25:30 | Process-5 | ERROR | asyncio | Exception in callback _ProactorBasePipeTransport._call_connection_lost(None)
handle: <Handle _ProactorBasePipeTransport._call_connection_lost(None)>
Traceback (most recent call last):
  File "C:\Users\Hyperbook\miniconda3\Lib\asyncio\events.py", line 88, in _run
    self._context.run(self._callback, *self._args)
  File "C:\Users\Hyperbook\miniconda3\Lib\asyncio\proactor_events.py", line 165, in _call_connection_lost
    self._sock.shutdown(socket.SHUT_RDWR)
ConnectionResetError: [WinError 10054] Istniejące połączenie zostało gwałtownie zamknięte przez zdalnego hosta
2026-04-13 19:25:30 | Process-5 | ERROR | asyncio | Exception in callback _ProactorBasePipeTransport._call_connection_lost(None)
handle: <Handle _ProactorBasePipeTransport._call_connection_lost(None)>
Traceback (most recent call last):
  File "C:\Users\Hyperbook\miniconda3\Lib\asyncio\events.py", line 88, in _run
    self._context.run(self._callback, *self._args)
  File "C:\Users\Hyperbook\miniconda3\Lib\asyncio\proactor_events.py", line 165, in _call_connection_lost
    self._sock.shutdown(socket.SHUT_RDWR)
ConnectionResetError: [WinError 10054] Istniejące połączenie zostało gwałtownie zamknięte przez zdalnego hosta
2026-04-13 19:25:30 | Process-5 | ERROR | asyncio | Exception in callback _ProactorBasePipeTransport._call_connection_lost(None)
handle: <Handle _ProactorBasePipeTransport._call_connection_lost(None)>
Traceback (most recent call last):
  File "C:\Users\Hyperbook\miniconda3\Lib\asyncio\events.py", line 88, in _run
    self._context.run(self._callback, *self._args)
  File "C:\Users\Hyperbook\miniconda3\Lib\asyncio\proactor_events.py", line 165, in _call_connection_lost
    self._sock.shutdown(socket.SHUT_RDWR)
ConnectionResetError: [WinError 10054] Istniejące połączenie zostało gwałtownie zamknięte przez zdalnego hosta
2026-04-13 19:25:30 | Process-5 | ERROR | asyncio | Exception in callback _ProactorBasePipeTransport._call_connection_lost(None)
handle: <Handle _ProactorBasePipeTransport._call_connection_lost(None)>
Traceback (most recent call last):
  File "C:\Users\Hyperbook\miniconda3\Lib\asyncio\events.py", line 88, in _run
    self._context.run(self._callback, *self._args)
  File "C:\Users\Hyperbook\miniconda3\Lib\asyncio\proactor_events.py", line 165, in _call_connection_lost
    self._sock.shutdown(socket.SHUT_RDWR)
ConnectionResetError: [WinError 10054] Istniejące połączenie zostało gwałtownie zamknięte przez zdalnego hosta
2026-04-13 19:25:30 | Process-5 | ERROR | asyncio | Exception in callback _ProactorBasePipeTransport._call_connection_lost(None)
handle: <Handle _ProactorBasePipeTransport._call_connection_lost(None)>
Traceback (most recent call last):
  File "C:\Users\Hyperbook\miniconda3\Lib\asyncio\events.py", line 88, in _run
    self._context.run(self._callback, *self._args)
  File "C:\Users\Hyperbook\miniconda3\Lib\asyncio\proactor_events.py", line 165, in _call_connection_lost
    self._sock.shutdown(socket.SHUT_RDWR)
ConnectionResetError: [WinError 10054] Istniejące połączenie zostało gwałtownie zamknięte przez zdalnego hosta
2026-04-13 19:25:30 | Process-5 | ERROR | asyncio | Exception in callback _ProactorBasePipeTransport._call_connection_lost(None)
handle: <Handle _ProactorBasePipeTransport._call_connection_lost(None)>
Traceback (most recent call last):
  File "C:\Users\Hyperbook\miniconda3\Lib\asyncio\events.py", line 88, in _run
    self._context.run(self._callback, *self._args)
  File "C:\Users\Hyperbook\miniconda3\Lib\asyncio\proactor_events.py", line 165, in _call_connection_lost
    self._sock.shutdown(socket.SHUT_RDWR)
ConnectionResetError: [WinError 10054] Istniejące połączenie zostało gwałtownie zamknięte przez zdalnego hosta
2026-04-13 19:25:31 | Process-5 | ERROR | asyncio | Exception in callback _ProactorBasePipeTransport._call_connection_lost(None)
handle: <Handle _ProactorBasePipeTransport._call_connection_lost(None)>
Traceback (most recent call last):
  File "C:\Users\Hyperbook\miniconda3\Lib\asyncio\events.py", line 88, in _run
    self._context.run(self._callback, *self._args)
  File "C:\Users\Hyperbook\miniconda3\Lib\asyncio\proactor_events.py", line 165, in _call_connection_lost
    self._sock.shutdown(socket.SHUT_RDWR)
ConnectionResetError: [WinError 10054] Istniejące połączenie zostało gwałtownie zamknięte przez zdalnego hosta
2026-04-13 19:25:33 | Process-5 | ERROR | asyncio | Exception in callback _ProactorBasePipeTransport._call_connection_lost(None)
handle: <Handle _ProactorBasePipeTransport._call_connection_lost(None)>
Traceback (most recent call last):
  File "C:\Users\Hyperbook\miniconda3\Lib\asyncio\events.py", line 88, in _run
    self._context.run(self._callback, *self._args)
  File "C:\Users\Hyperbook\miniconda3\Lib\asyncio\proactor_events.py", line 165, in _call_connection_lost
    self._sock.shutdown(socket.SHUT_RDWR)
ConnectionResetError: [WinError 10054] Istniejące połączenie zostało gwałtownie zamknięte przez zdalnego hosta
2026-04-13 19:25:36 | Process-5 | ERROR | asyncio | Exception in callback _ProactorBasePipeTransport._call_connection_lost(None)
handle: <Handle _ProactorBasePipeTransport._call_connection_lost(None)>
Traceback (most recent call last):
  File "C:\Users\Hyperbook\miniconda3\Lib\asyncio\events.py", line 88, in _run
    self._context.run(self._callback, *self._args)
  File "C:\Users\Hyperbook\miniconda3\Lib\asyncio\proactor_events.py", line 165, in _call_connection_lost
    self._sock.shutdown(socket.SHUT_RDWR)
ConnectionResetError: [WinError 10054] Istniejące połączenie zostało gwałtownie zamknięte przez zdalnego hosta
2026-04-13 19:25:38 | Process-5 | ERROR | asyncio | Exception in callback _ProactorBasePipeTransport._call_connection_lost(None)
handle: <Handle _ProactorBasePipeTransport._call_connection_lost(None)>
Traceback (most recent call last):
  File "C:\Users\Hyperbook\miniconda3\Lib\asyncio\events.py", line 88, in _run
    self._context.run(self._callback, *self._args)
  File "C:\Users\Hyperbook\miniconda3\Lib\asyncio\proactor_events.py", line 165, in _call_connection_lost
    self._sock.shutdown(socket.SHUT_RDWR)
ConnectionResetError: [WinError 10054] Istniejące połączenie zostało gwałtownie zamknięte przez zdalnego hosta
2026-04-13 19:25:38 | Process-5 | ERROR | asyncio | Exception in callback _ProactorBasePipeTransport._call_connection_lost(None)
handle: <Handle _ProactorBasePipeTransport._call_connection_lost(None)>
Traceback (most recent call last):
  File "C:\Users\Hyperbook\miniconda3\Lib\asyncio\events.py", line 88, in _run
    self._context.run(self._callback, *self._args)
  File "C:\Users\Hyperbook\miniconda3\Lib\asyncio\proactor_events.py", line 165, in _call_connection_lost
    self._sock.shutdown(socket.SHUT_RDWR)
ConnectionResetError: [WinError 10054] Istniejące połączenie zostało gwałtownie zamknięte przez zdalnego hosta
2026-04-13 19:25:39 | Process-5 | ERROR | asyncio | Exception in callback _ProactorBasePipeTransport._call_connection_lost(None)
handle: <Handle _ProactorBasePipeTransport._call_connection_lost(None)>
Traceback (most recent call last):
  File "C:\Users\Hyperbook\miniconda3\Lib\asyncio\events.py", line 88, in _run
    self._context.run(self._callback, *self._args)
  File "C:\Users\Hyperbook\miniconda3\Lib\asyncio\proactor_events.py", line 165, in _call_connection_lost
    self._sock.shutdown(socket.SHUT_RDWR)
ConnectionResetError: [WinError 10054] Istniejące połączenie zostało gwałtownie zamknięte przez zdalnego hosta
2026-04-13 19:25:40 | Process-5 | ERROR | asyncio | Exception in callback _ProactorBasePipeTransport._call_connection_lost(None)
handle: <Handle _ProactorBasePipeTransport._call_connection_lost(None)>
Traceback (most recent call last):
  File "C:\Users\Hyperbook\miniconda3\Lib\asyncio\events.py", line 88, in _run
    self._context.run(self._callback, *self._args)
  File "C:\Users\Hyperbook\miniconda3\Lib\asyncio\proactor_events.py", line 165, in _call_connection_lost
    self._sock.shutdown(socket.SHUT_RDWR)
ConnectionResetError: [WinError 10054] Istniejące połączenie zostało gwałtownie zamknięte przez zdalnego hosta
2026-04-13 19:25:41 | Process-5 | ERROR | asyncio | Exception in callback _ProactorBasePipeTransport._call_connection_lost(None)
handle: <Handle _ProactorBasePipeTransport._call_connection_lost(None)>
Traceback (most recent call last):
  File "C:\Users\Hyperbook\miniconda3\Lib\asyncio\events.py", line 88, in _run
    self._context.run(self._callback, *self._args)
  File "C:\Users\Hyperbook\miniconda3\Lib\asyncio\proactor_events.py", line 165, in _call_connection_lost
    self._sock.shutdown(socket.SHUT_RDWR)
ConnectionResetError: [WinError 10054] Istniejące połączenie zostało gwałtownie zamknięte przez zdalnego hosta
2026-04-13 19:25:42 | Process-5 | ERROR | asyncio | Exception in callback _ProactorBasePipeTransport._call_connection_lost(None)
handle: <Handle _ProactorBasePipeTransport._call_connection_lost(None)>
Traceback (most recent call last):
  File "C:\Users\Hyperbook\miniconda3\Lib\asyncio\events.py", line 88, in _run
    self._context.run(self._callback, *self._args)
  File "C:\Users\Hyperbook\miniconda3\Lib\asyncio\proactor_events.py", line 165, in _call_connection_lost
    self._sock.shutdown(socket.SHUT_RDWR)
ConnectionResetError: [WinError 10054] Istniejące połączenie zostało gwałtownie zamknięte przez zdalnego hosta
2026-04-13 19:25:44 | Process-5 | ERROR | asyncio | Exception in callback _ProactorBasePipeTransport._call_connection_lost(None)
handle: <Handle _ProactorBasePipeTransport._call_connection_lost(None)>
Traceback (most recent call last):
  File "C:\Users\Hyperbook\miniconda3\Lib\asyncio\events.py", line 88, in _run
    self._context.run(self._callback, *self._args)
  File "C:\Users\Hyperbook\miniconda3\Lib\asyncio\proactor_events.py", line 165, in _call_connection_lost
    self._sock.shutdown(socket.SHUT_RDWR)
ConnectionResetError: [WinError 10054] Istniejące połączenie zostało gwałtownie zamknięte przez zdalnego hosta
2026-04-13 19:25:44 | Process-5 | ERROR | asyncio | Exception in callback _ProactorBasePipeTransport._call_connection_lost(None)
handle: <Handle _ProactorBasePipeTransport._call_connection_lost(None)>
Traceback (most recent call last):
  File "C:\Users\Hyperbook\miniconda3\Lib\asyncio\events.py", line 88, in _run
    self._context.run(self._callback, *self._args)
  File "C:\Users\Hyperbook\miniconda3\Lib\asyncio\proactor_events.py", line 165, in _call_connection_lost
    self._sock.shutdown(socket.SHUT_RDWR)
ConnectionResetError: [WinError 10054] Istniejące połączenie zostało gwałtownie zamknięte przez zdalnego hosta
2026-04-13 19:25:46 | Process-5 | ERROR | asyncio | Exception in callback _ProactorBasePipeTransport._call_connection_lost(None)
handle: <Handle _ProactorBasePipeTransport._call_connection_lost(None)>
Traceback (most recent call last):
  File "C:\Users\Hyperbook\miniconda3\Lib\asyncio\events.py", line 88, in _run
    self._context.run(self._callback, *self._args)
  File "C:\Users\Hyperbook\miniconda3\Lib\asyncio\proactor_events.py", line 165, in _call_connection_lost
    self._sock.shutdown(socket.SHUT_RDWR)
ConnectionResetError: [WinError 10054] Istniejące połączenie zostało gwałtownie zamknięte przez zdalnego hosta
2026-04-13 19:25:46 | Process-5 | ERROR | asyncio | Exception in callback _ProactorBasePipeTransport._call_connection_lost(None)
handle: <Handle _ProactorBasePipeTransport._call_connection_lost(None)>
Traceback (most recent call last):
  File "C:\Users\Hyperbook\miniconda3\Lib\asyncio\events.py", line 88, in _run
    self._context.run(self._callback, *self._args)
  File "C:\Users\Hyperbook\miniconda3\Lib\asyncio\proactor_events.py", line 165, in _call_connection_lost
    self._sock.shutdown(socket.SHUT_RDWR)
ConnectionResetError: [WinError 10054] Istniejące połączenie zostało gwałtownie zamknięte przez zdalnego hosta
2026-04-13 19:25:48 | Process-5 | ERROR | asyncio | Exception in callback _ProactorBasePipeTransport._call_connection_lost(None)
handle: <Handle _ProactorBasePipeTransport._call_connection_lost(None)>
Traceback (most recent call last):
  File "C:\Users\Hyperbook\miniconda3\Lib\asyncio\events.py", line 88, in _run
    self._context.run(self._callback, *self._args)
  File "C:\Users\Hyperbook\miniconda3\Lib\asyncio\proactor_events.py", line 165, in _call_connection_lost
    self._sock.shutdown(socket.SHUT_RDWR)
ConnectionResetError: [WinError 10054] Istniejące połączenie zostało gwałtownie zamknięte przez zdalnego hosta
2026-04-13 19:25:52 | Process-5 | ERROR | asyncio | Exception in callback _ProactorBasePipeTransport._call_connection_lost(None)
handle: <Handle _ProactorBasePipeTransport._call_connection_lost(None)>
Traceback (most recent call last):
  File "C:\Users\Hyperbook\miniconda3\Lib\asyncio\events.py", line 88, in _run
    self._context.run(self._callback, *self._args)
  File "C:\Users\Hyperbook\miniconda3\Lib\asyncio\proactor_events.py", line 165, in _call_connection_lost
    self._sock.shutdown(socket.SHUT_RDWR)
ConnectionResetError: [WinError 10054] Istniejące połączenie zostało gwałtownie zamknięte przez zdalnego hosta
2026-04-13 19:25:52 | Process-5 | ERROR | asyncio | Exception in callback _ProactorBasePipeTransport._call_connection_lost(None)
handle: <Handle _ProactorBasePipeTransport._call_connection_lost(None)>
Traceback (most recent call last):
  File "C:\Users\Hyperbook\miniconda3\Lib\asyncio\events.py", line 88, in _run
    self._context.run(self._callback, *self._args)
  File "C:\Users\Hyperbook\miniconda3\Lib\asyncio\proactor_events.py", line 165, in _call_connection_lost
    self._sock.shutdown(socket.SHUT_RDWR)
ConnectionResetError: [WinError 10054] Istniejące połączenie zostało gwałtownie zamknięte przez zdalnego hosta
2026-04-13 19:25:52 | Process-5 | ERROR | asyncio | Exception in callback _ProactorBasePipeTransport._call_connection_lost(None)
handle: <Handle _ProactorBasePipeTransport._call_connection_lost(None)>
Traceback (most recent call last):
  File "C:\Users\Hyperbook\miniconda3\Lib\asyncio\events.py", line 88, in _run
    self._context.run(self._callback, *self._args)
  File "C:\Users\Hyperbook\miniconda3\Lib\asyncio\proactor_events.py", line 165, in _call_connection_lost
    self._sock.shutdown(socket.SHUT_RDWR)
ConnectionResetError: [WinError 10054] Istniejące połączenie zostało gwałtownie zamknięte przez zdalnego hosta
2026-04-13 19:25:53 | Process-5 | ERROR | asyncio | Exception in callback _ProactorBasePipeTransport._call_connection_lost(None)
handle: <Handle _ProactorBasePipeTransport._call_connection_lost(None)>
Traceback (most recent call last):
  File "C:\Users\Hyperbook\miniconda3\Lib\asyncio\events.py", line 88, in _run
    self._context.run(self._callback, *self._args)
  File "C:\Users\Hyperbook\miniconda3\Lib\asyncio\proactor_events.py", line 165, in _call_connection_lost
    self._sock.shutdown(socket.SHUT_RDWR)
ConnectionResetError: [WinError 10054] Istniejące połączenie zostało gwałtownie zamknięte przez zdalnego hosta
2026-04-13 19:25:54 | Process-5 | ERROR | asyncio | Exception in callback _ProactorBasePipeTransport._call_connection_lost(None)
handle: <Handle _ProactorBasePipeTransport._call_connection_lost(None)>
Traceback (most recent call last):
  File "C:\Users\Hyperbook\miniconda3\Lib\asyncio\events.py", line 88, in _run
    self._context.run(self._callback, *self._args)
  File "C:\Users\Hyperbook\miniconda3\Lib\asyncio\proactor_events.py", line 165, in _call_connection_lost
    self._sock.shutdown(socket.SHUT_RDWR)
ConnectionResetError: [WinError 10054] Istniejące połączenie zostało gwałtownie zamknięte przez zdalnego hosta
2026-04-13 19:25:54 | Process-5 | ERROR | asyncio | Exception in callback _ProactorBasePipeTransport._call_connection_lost(None)
handle: <Handle _ProactorBasePipeTransport._call_connection_lost(None)>
Traceback (most recent call last):
  File "C:\Users\Hyperbook\miniconda3\Lib\asyncio\events.py", line 88, in _run
    self._context.run(self._callback, *self._args)
  File "C:\Users\Hyperbook\miniconda3\Lib\asyncio\proactor_events.py", line 165, in _call_connection_lost
    self._sock.shutdown(socket.SHUT_RDWR)
ConnectionResetError: [WinError 10054] Istniejące połączenie zostało gwałtownie zamknięte przez zdalnego hosta
2026-04-13 19:25:54 | Process-5 | ERROR | asyncio | Exception in callback _ProactorBasePipeTransport._call_connection_lost(None)
handle: <Handle _ProactorBasePipeTransport._call_connection_lost(None)>
Traceback (most recent call last):
  File "C:\Users\Hyperbook\miniconda3\Lib\asyncio\events.py", line 88, in _run
    self._context.run(self._callback, *self._args)
  File "C:\Users\Hyperbook\miniconda3\Lib\asyncio\proactor_events.py", line 165, in _call_connection_lost
    self._sock.shutdown(socket.SHUT_RDWR)
ConnectionResetError: [WinError 10054] Istniejące połączenie zostało gwałtownie zamknięte przez zdalnego hosta
2026-04-13 19:25:57 | Process-5 | ERROR | asyncio | Exception in callback _ProactorBasePipeTransport._call_connection_lost(None)
handle: <Handle _ProactorBasePipeTransport._call_connection_lost(None)>
Traceback (most recent call last):
  File "C:\Users\Hyperbook\miniconda3\Lib\asyncio\events.py", line 88, in _run
    self._context.run(self._callback, *self._args)
  File "C:\Users\Hyperbook\miniconda3\Lib\asyncio\proactor_events.py", line 165, in _call_connection_lost
    self._sock.shutdown(socket.SHUT_RDWR)
ConnectionResetError: [WinError 10054] Istniejące połączenie zostało gwałtownie zamknięte przez zdalnego hosta
2026-04-13 19:26:00 | Process-5 | ERROR | asyncio | Exception in callback _ProactorBasePipeTransport._call_connection_lost(None)
handle: <Handle _ProactorBasePipeTransport._call_connection_lost(None)>
Traceback (most recent call last):
  File "C:\Users\Hyperbook\miniconda3\Lib\asyncio\events.py", line 88, in _run
    self._context.run(self._callback, *self._args)
  File "C:\Users\Hyperbook\miniconda3\Lib\asyncio\proactor_events.py", line 165, in _call_connection_lost
    self._sock.shutdown(socket.SHUT_RDWR)
ConnectionResetError: [WinError 10054] Istniejące połączenie zostało gwałtownie zamknięte przez zdalnego hosta
2026-04-13 19:26:00 | Process-5 | ERROR | asyncio | Exception in callback _ProactorBasePipeTransport._call_connection_lost(None)
handle: <Handle _ProactorBasePipeTransport._call_connection_lost(None)>
Traceback (most recent call last):
  File "C:\Users\Hyperbook\miniconda3\Lib\asyncio\events.py", line 88, in _run
    self._context.run(self._callback, *self._args)
  File "C:\Users\Hyperbook\miniconda3\Lib\asyncio\proactor_events.py", line 165, in _call_connection_lost
    self._sock.shutdown(socket.SHUT_RDWR)
ConnectionResetError: [WinError 10054] Istniejące połączenie zostało gwałtownie zamknięte przez zdalnego hosta
2026-04-13 19:26:05 | Process-5 | ERROR | asyncio | Exception in callback _ProactorBasePipeTransport._call_connection_lost(None)
handle: <Handle _ProactorBasePipeTransport._call_connection_lost(None)>
Traceback (most recent call last):
  File "C:\Users\Hyperbook\miniconda3\Lib\asyncio\events.py", line 88, in _run
    self._context.run(self._callback, *self._args)
  File "C:\Users\Hyperbook\miniconda3\Lib\asyncio\proactor_events.py", line 165, in _call_connection_lost
    self._sock.shutdown(socket.SHUT_RDWR)
ConnectionResetError: [WinError 10054] Istniejące połączenie zostało gwałtownie zamknięte przez zdalnego hosta
2026-04-13 19:26:06 | Process-5 | ERROR | asyncio | Exception in callback _ProactorBasePipeTransport._call_connection_lost(None)
handle: <Handle _ProactorBasePipeTransport._call_connection_lost(None)>
Traceback (most recent call last):
  File "C:\Users\Hyperbook\miniconda3\Lib\asyncio\events.py", line 88, in _run
    self._context.run(self._callback, *self._args)
  File "C:\Users\Hyperbook\miniconda3\Lib\asyncio\proactor_events.py", line 165, in _call_connection_lost
    self._sock.shutdown(socket.SHUT_RDWR)
ConnectionResetError: [WinError 10054] Istniejące połączenie zostało gwałtownie zamknięte przez zdalnego hosta
2026-04-13 19:26:08 | Process-5 | ERROR | asyncio | Exception in callback _ProactorBasePipeTransport._call_connection_lost(None)
handle: <Handle _ProactorBasePipeTransport._call_connection_lost(None)>
Traceback (most recent call last):
  File "C:\Users\Hyperbook\miniconda3\Lib\asyncio\events.py", line 88, in _run
    self._context.run(self._callback, *self._args)
  File "C:\Users\Hyperbook\miniconda3\Lib\asyncio\proactor_events.py", line 165, in _call_connection_lost
    self._sock.shutdown(socket.SHUT_RDWR)
ConnectionResetError: [WinError 10054] Istniejące połączenie zostało gwałtownie zamknięte przez zdalnego hosta
2026-04-13 19:26:09 | Process-5 | ERROR | asyncio | Exception in callback _ProactorBasePipeTransport._call_connection_lost(None)
handle: <Handle _ProactorBasePipeTransport._call_connection_lost(None)>
Traceback (most recent call last):
  File "C:\Users\Hyperbook\miniconda3\Lib\asyncio\events.py", line 88, in _run
    self._context.run(self._callback, *self._args)
  File "C:\Users\Hyperbook\miniconda3\Lib\asyncio\proactor_events.py", line 165, in _call_connection_lost
    self._sock.shutdown(socket.SHUT_RDWR)
ConnectionResetError: [WinError 10054] Istniejące połączenie zostało gwałtownie zamknięte przez zdalnego hosta
2026-04-13 19:26:12 | Process-5 | ERROR | asyncio | Exception in callback _ProactorBasePipeTransport._call_connection_lost(None)
handle: <Handle _ProactorBasePipeTransport._call_connection_lost(None)>
Traceback (most recent call last):
  File "C:\Users\Hyperbook\miniconda3\Lib\asyncio\events.py", line 88, in _run
    self._context.run(self._callback, *self._args)
  File "C:\Users\Hyperbook\miniconda3\Lib\asyncio\proactor_events.py", line 165, in _call_connection_lost
    self._sock.shutdown(socket.SHUT_RDWR)
ConnectionResetError: [WinError 10054] Istniejące połączenie zostało gwałtownie zamknięte przez zdalnego hosta
2026-04-13 19:26:16 | Process-5 | ERROR | asyncio | Exception in callback _ProactorBasePipeTransport._call_connection_lost(None)
handle: <Handle _ProactorBasePipeTransport._call_connection_lost(None)>
Traceback (most recent call last):
  File "C:\Users\Hyperbook\miniconda3\Lib\asyncio\events.py", line 88, in _run
    self._context.run(self._callback, *self._args)
  File "C:\Users\Hyperbook\miniconda3\Lib\asyncio\proactor_events.py", line 165, in _call_connection_lost
    self._sock.shutdown(socket.SHUT_RDWR)
ConnectionResetError: [WinError 10054] Istniejące połączenie zostało gwałtownie zamknięte przez zdalnego hosta
2026-04-13 19:26:16 | Process-5 | ERROR | asyncio | Exception in callback _ProactorBasePipeTransport._call_connection_lost(None)
handle: <Handle _ProactorBasePipeTransport._call_connection_lost(None)>
Traceback (most recent call last):
  File "C:\Users\Hyperbook\miniconda3\Lib\asyncio\events.py", line 88, in _run
    self._context.run(self._callback, *self._args)
  File "C:\Users\Hyperbook\miniconda3\Lib\asyncio\proactor_events.py", line 165, in _call_connection_lost
    self._sock.shutdown(socket.SHUT_RDWR)
ConnectionResetError: [WinError 10054] Istniejące połączenie zostało gwałtownie zamknięte przez zdalnego hosta
2026-04-13 19:26:17 | Process-5 | ERROR | asyncio | Exception in callback _ProactorBasePipeTransport._call_connection_lost(None)
handle: <Handle _ProactorBasePipeTransport._call_connection_lost(None)>
Traceback (most recent call last):
  File "C:\Users\Hyperbook\miniconda3\Lib\asyncio\events.py", line 88, in _run
    self._context.run(self._callback, *self._args)
  File "C:\Users\Hyperbook\miniconda3\Lib\asyncio\proactor_events.py", line 165, in _call_connection_lost
    self._sock.shutdown(socket.SHUT_RDWR)
ConnectionResetError: [WinError 10054] Istniejące połączenie zostało gwałtownie zamknięte przez zdalnego hosta
2026-04-13 19:26:19 | Process-5 | ERROR | asyncio | Exception in callback _ProactorBasePipeTransport._call_connection_lost(None)
handle: <Handle _ProactorBasePipeTransport._call_connection_lost(None)>
Traceback (most recent call last):
  File "C:\Users\Hyperbook\miniconda3\Lib\asyncio\events.py", line 88, in _run
    self._context.run(self._callback, *self._args)
  File "C:\Users\Hyperbook\miniconda3\Lib\asyncio\proactor_events.py", line 165, in _call_connection_lost
    self._sock.shutdown(socket.SHUT_RDWR)
ConnectionResetError: [WinError 10054] Istniejące połączenie zostało gwałtownie zamknięte przez zdalnego hosta
2026-04-13 19:26:19 | Process-5 | ERROR | asyncio | Exception in callback _ProactorBasePipeTransport._call_connection_lost(None)
handle: <Handle _ProactorBasePipeTransport._call_connection_lost(None)>
Traceback (most recent call last):
  File "C:\Users\Hyperbook\miniconda3\Lib\asyncio\events.py", line 88, in _run
    self._context.run(self._callback, *self._args)
  File "C:\Users\Hyperbook\miniconda3\Lib\asyncio\proactor_events.py", line 165, in _call_connection_lost
    self._sock.shutdown(socket.SHUT_RDWR)
ConnectionResetError: [WinError 10054] Istniejące połączenie zostało gwałtownie zamknięte przez zdalnego hosta
2026-04-13 19:26:19 | Process-5 | ERROR | asyncio | Exception in callback _ProactorBasePipeTransport._call_connection_lost(None)
handle: <Handle _ProactorBasePipeTransport._call_connection_lost(None)>
Traceback (most recent call last):
  File "C:\Users\Hyperbook\miniconda3\Lib\asyncio\events.py", line 88, in _run
    self._context.run(self._callback, *self._args)
  File "C:\Users\Hyperbook\miniconda3\Lib\asyncio\proactor_events.py", line 165, in _call_connection_lost
    self._sock.shutdown(socket.SHUT_RDWR)
ConnectionResetError: [WinError 10054] Istniejące połączenie zostało gwałtownie zamknięte przez zdalnego hosta
2026-04-13 19:26:22 | Process-5 | ERROR | asyncio | Exception in callback _ProactorBasePipeTransport._call_connection_lost(None)
handle: <Handle _ProactorBasePipeTransport._call_connection_lost(None)>
Traceback (most recent call last):
  File "C:\Users\Hyperbook\miniconda3\Lib\asyncio\events.py", line 88, in _run
    self._context.run(self._callback, *self._args)
  File "C:\Users\Hyperbook\miniconda3\Lib\asyncio\proactor_events.py", line 165, in _call_connection_lost
    self._sock.shutdown(socket.SHUT_RDWR)
ConnectionResetError: [WinError 10054] Istniejące połączenie zostało gwałtownie zamknięte przez zdalnego hosta
2026-04-13 19:26:23 | Process-5 | ERROR | asyncio | Exception in callback _ProactorBasePipeTransport._call_connection_lost(None)
handle: <Handle _ProactorBasePipeTransport._call_connection_lost(None)>
Traceback (most recent call last):
  File "C:\Users\Hyperbook\miniconda3\Lib\asyncio\events.py", line 88, in _run
    self._context.run(self._callback, *self._args)
  File "C:\Users\Hyperbook\miniconda3\Lib\asyncio\proactor_events.py", line 165, in _call_connection_lost
    self._sock.shutdown(socket.SHUT_RDWR)
ConnectionResetError: [WinError 10054] Istniejące połączenie zostało gwałtownie zamknięte przez zdalnego hosta
2026-04-13 19:26:32 | Process-5 | ERROR | asyncio | Exception in callback _ProactorBasePipeTransport._call_connection_lost(None)
handle: <Handle _ProactorBasePipeTransport._call_connection_lost(None)>
Traceback (most recent call last):
  File "C:\Users\Hyperbook\miniconda3\Lib\asyncio\events.py", line 88, in _run
    self._context.run(self._callback, *self._args)
  File "C:\Users\Hyperbook\miniconda3\Lib\asyncio\proactor_events.py", line 165, in _call_connection_lost
    self._sock.shutdown(socket.SHUT_RDWR)
ConnectionResetError: [WinError 10054] Istniejące połączenie zostało gwałtownie zamknięte przez zdalnego hosta
2026-04-13 19:26:34 | Process-5 | ERROR | asyncio | Exception in callback _ProactorBasePipeTransport._call_connection_lost(None)
handle: <Handle _ProactorBasePipeTransport._call_connection_lost(None)>
Traceback (most recent call last):
  File "C:\Users\Hyperbook\miniconda3\Lib\asyncio\events.py", line 88, in _run
    self._context.run(self._callback, *self._args)
  File "C:\Users\Hyperbook\miniconda3\Lib\asyncio\proactor_events.py", line 165, in _call_connection_lost
    self._sock.shutdown(socket.SHUT_RDWR)
ConnectionResetError: [WinError 10054] Istniejące połączenie zostało gwałtownie zamknięte przez zdalnego hosta
2026-04-13 19:26:35 | Process-5 | ERROR | asyncio | Exception in callback _ProactorBasePipeTransport._call_connection_lost(None)
handle: <Handle _ProactorBasePipeTransport._call_connection_lost(None)>
Traceback (most recent call last):
  File "C:\Users\Hyperbook\miniconda3\Lib\asyncio\events.py", line 88, in _run
    self._context.run(self._callback, *self._args)
  File "C:\Users\Hyperbook\miniconda3\Lib\asyncio\proactor_events.py", line 165, in _call_connection_lost
    self._sock.shutdown(socket.SHUT_RDWR)
ConnectionResetError: [WinError 10054] Istniejące połączenie zostało gwałtownie zamknięte przez zdalnego hosta
2026-04-13 19:26:36 | Process-5 | ERROR | asyncio | Exception in callback _ProactorBasePipeTransport._call_connection_lost(None)
handle: <Handle _ProactorBasePipeTransport._call_connection_lost(None)>
Traceback (most recent call last):
  File "C:\Users\Hyperbook\miniconda3\Lib\asyncio\events.py", line 88, in _run
    self._context.run(self._callback, *self._args)
  File "C:\Users\Hyperbook\miniconda3\Lib\asyncio\proactor_events.py", line 165, in _call_connection_lost
    self._sock.shutdown(socket.SHUT_RDWR)
ConnectionResetError: [WinError 10054] Istniejące połączenie zostało gwałtownie zamknięte przez zdalnego hosta
2026-04-13 19:26:38 | Process-5 | ERROR | asyncio | Exception in callback _ProactorBasePipeTransport._call_connection_lost(None)
handle: <Handle _ProactorBasePipeTransport._call_connection_lost(None)>
Traceback (most recent call last):
  File "C:\Users\Hyperbook\miniconda3\Lib\asyncio\events.py", line 88, in _run
    self._context.run(self._callback, *self._args)
  File "C:\Users\Hyperbook\miniconda3\Lib\asyncio\proactor_events.py", line 165, in _call_connection_lost
    self._sock.shutdown(socket.SHUT_RDWR)
ConnectionResetError: [WinError 10054] Istniejące połączenie zostało gwałtownie zamknięte przez zdalnego hosta
2026-04-13 19:26:38 | Process-5 | ERROR | asyncio | Exception in callback _ProactorBasePipeTransport._call_connection_lost(None)
handle: <Handle _ProactorBasePipeTransport._call_connection_lost(None)>
Traceback (most recent call last):
  File "C:\Users\Hyperbook\miniconda3\Lib\asyncio\events.py", line 88, in _run
    self._context.run(self._callback, *self._args)
  File "C:\Users\Hyperbook\miniconda3\Lib\asyncio\proactor_events.py", line 165, in _call_connection_lost
    self._sock.shutdown(socket.SHUT_RDWR)
ConnectionResetError: [WinError 10054] Istniejące połączenie zostało gwałtownie zamknięte przez zdalnego hosta
2026-04-13 19:26:38 | Process-5 | ERROR | asyncio | Exception in callback _ProactorBasePipeTransport._call_connection_lost(None)
handle: <Handle _ProactorBasePipeTransport._call_connection_lost(None)>
Traceback (most recent call last):
  File "C:\Users\Hyperbook\miniconda3\Lib\asyncio\events.py", line 88, in _run
    self._context.run(self._callback, *self._args)
  File "C:\Users\Hyperbook\miniconda3\Lib\asyncio\proactor_events.py", line 165, in _call_connection_lost
    self._sock.shutdown(socket.SHUT_RDWR)
ConnectionResetError: [WinError 10054] Istniejące połączenie zostało gwałtownie zamknięte przez zdalnego hosta
2026-04-13 19:26:39 | Process-5 | ERROR | asyncio | Exception in callback _ProactorBasePipeTransport._call_connection_lost(None)
handle: <Handle _ProactorBasePipeTransport._call_connection_lost(None)>
Traceback (most recent call last):
  File "C:\Users\Hyperbook\miniconda3\Lib\asyncio\events.py", line 88, in _run
    self._context.run(self._callback, *self._args)
  File "C:\Users\Hyperbook\miniconda3\Lib\asyncio\proactor_events.py", line 165, in _call_connection_lost
    self._sock.shutdown(socket.SHUT_RDWR)
ConnectionResetError: [WinError 10054] Istniejące połączenie zostało gwałtownie zamknięte przez zdalnego hosta
2026-04-13 19:26:39 | Process-5 | ERROR | asyncio | Exception in callback _ProactorBasePipeTransport._call_connection_lost(None)
handle: <Handle _ProactorBasePipeTransport._call_connection_lost(None)>
Traceback (most recent call last):
  File "C:\Users\Hyperbook\miniconda3\Lib\asyncio\events.py", line 88, in _run
    self._context.run(self._callback, *self._args)
  File "C:\Users\Hyperbook\miniconda3\Lib\asyncio\proactor_events.py", line 165, in _call_connection_lost
    self._sock.shutdown(socket.SHUT_RDWR)
ConnectionResetError: [WinError 10054] Istniejące połączenie zostało gwałtownie zamknięte przez zdalnego hosta
2026-04-13 19:26:40 | Process-5 | ERROR | asyncio | Exception in callback _ProactorBasePipeTransport._call_connection_lost(None)
handle: <Handle _ProactorBasePipeTransport._call_connection_lost(None)>
Traceback (most recent call last):
  File "C:\Users\Hyperbook\miniconda3\Lib\asyncio\events.py", line 88, in _run
    self._context.run(self._callback, *self._args)
  File "C:\Users\Hyperbook\miniconda3\Lib\asyncio\proactor_events.py", line 165, in _call_connection_lost
    self._sock.shutdown(socket.SHUT_RDWR)
ConnectionResetError: [WinError 10054] Istniejące połączenie zostało gwałtownie zamknięte przez zdalnego hosta
2026-04-13 19:26:41 | Process-5 | ERROR | asyncio | Exception in callback _ProactorBasePipeTransport._call_connection_lost(None)
handle: <Handle _ProactorBasePipeTransport._call_connection_lost(None)>
Traceback (most recent call last):
  File "C:\Users\Hyperbook\miniconda3\Lib\asyncio\events.py", line 88, in _run
    self._context.run(self._callback, *self._args)
  File "C:\Users\Hyperbook\miniconda3\Lib\asyncio\proactor_events.py", line 165, in _call_connection_lost
    self._sock.shutdown(socket.SHUT_RDWR)
ConnectionResetError: [WinError 10054] Istniejące połączenie zostało gwałtownie zamknięte przez zdalnego hosta
2026-04-13 19:26:42 | Process-5 | ERROR | asyncio | Exception in callback _ProactorBasePipeTransport._call_connection_lost(None)
handle: <Handle _ProactorBasePipeTransport._call_connection_lost(None)>
Traceback (most recent call last):
  File "C:\Users\Hyperbook\miniconda3\Lib\asyncio\events.py", line 88, in _run
    self._context.run(self._callback, *self._args)
  File "C:\Users\Hyperbook\miniconda3\Lib\asyncio\proactor_events.py", line 165, in _call_connection_lost
    self._sock.shutdown(socket.SHUT_RDWR)
ConnectionResetError: [WinError 10054] Istniejące połączenie zostało gwałtownie zamknięte przez zdalnego hosta
2026-04-13 19:26:42 | Process-5 | ERROR | asyncio | Exception in callback _ProactorBasePipeTransport._call_connection_lost(None)
handle: <Handle _ProactorBasePipeTransport._call_connection_lost(None)>
Traceback (most recent call last):
  File "C:\Users\Hyperbook\miniconda3\Lib\asyncio\events.py", line 88, in _run
    self._context.run(self._callback, *self._args)
  File "C:\Users\Hyperbook\miniconda3\Lib\asyncio\proactor_events.py", line 165, in _call_connection_lost
    self._sock.shutdown(socket.SHUT_RDWR)
ConnectionResetError: [WinError 10054] Istniejące połączenie zostało gwałtownie zamknięte przez zdalnego hosta
2026-04-13 19:26:45 | Process-5 | ERROR | asyncio | Exception in callback _ProactorBasePipeTransport._call_connection_lost(None)
handle: <Handle _ProactorBasePipeTransport._call_connection_lost(None)>
Traceback (most recent call last):
  File "C:\Users\Hyperbook\miniconda3\Lib\asyncio\events.py", line 88, in _run
    self._context.run(self._callback, *self._args)
  File "C:\Users\Hyperbook\miniconda3\Lib\asyncio\proactor_events.py", line 165, in _call_connection_lost
    self._sock.shutdown(socket.SHUT_RDWR)
ConnectionResetError: [WinError 10054] Istniejące połączenie zostało gwałtownie zamknięte przez zdalnego hosta
2026-04-13 19:26:45 | Process-5 | ERROR | asyncio | Exception in callback _ProactorBasePipeTransport._call_connection_lost(None)
handle: <Handle _ProactorBasePipeTransport._call_connection_lost(None)>
Traceback (most recent call last):
  File "C:\Users\Hyperbook\miniconda3\Lib\asyncio\events.py", line 88, in _run
    self._context.run(self._callback, *self._args)
  File "C:\Users\Hyperbook\miniconda3\Lib\asyncio\proactor_events.py", line 165, in _call_connection_lost
    self._sock.shutdown(socket.SHUT_RDWR)
ConnectionResetError: [WinError 10054] Istniejące połączenie zostało gwałtownie zamknięte przez zdalnego hosta
2026-04-13 19:26:46 | Process-5 | ERROR | asyncio | Exception in callback _ProactorBasePipeTransport._call_connection_lost(None)
handle: <Handle _ProactorBasePipeTransport._call_connection_lost(None)>
Traceback (most recent call last):
  File "C:\Users\Hyperbook\miniconda3\Lib\asyncio\events.py", line 88, in _run
    self._context.run(self._callback, *self._args)
  File "C:\Users\Hyperbook\miniconda3\Lib\asyncio\proactor_events.py", line 165, in _call_connection_lost
    self._sock.shutdown(socket.SHUT_RDWR)
ConnectionResetError: [WinError 10054] Istniejące połączenie zostało gwałtownie zamknięte przez zdalnego hosta
2026-04-13 19:26:50 | Process-5 | ERROR | asyncio | Exception in callback _ProactorBasePipeTransport._call_connection_lost(None)
handle: <Handle _ProactorBasePipeTransport._call_connection_lost(None)>
Traceback (most recent call last):
  File "C:\Users\Hyperbook\miniconda3\Lib\asyncio\events.py", line 88, in _run
    self._context.run(self._callback, *self._args)
  File "C:\Users\Hyperbook\miniconda3\Lib\asyncio\proactor_events.py", line 165, in _call_connection_lost
    self._sock.shutdown(socket.SHUT_RDWR)
ConnectionResetError: [WinError 10054] Istniejące połączenie zostało gwałtownie zamknięte przez zdalnego hosta
2026-04-13 19:26:54 | Process-5 | ERROR | asyncio | Exception in callback _ProactorBasePipeTransport._call_connection_lost(None)
handle: <Handle _ProactorBasePipeTransport._call_connection_lost(None)>
Traceback (most recent call last):
  File "C:\Users\Hyperbook\miniconda3\Lib\asyncio\events.py", line 88, in _run
    self._context.run(self._callback, *self._args)
  File "C:\Users\Hyperbook\miniconda3\Lib\asyncio\proactor_events.py", line 165, in _call_connection_lost
    self._sock.shutdown(socket.SHUT_RDWR)
ConnectionResetError: [WinError 10054] Istniejące połączenie zostało gwałtownie zamknięte przez zdalnego hosta
2026-04-13 19:26:56 | Process-5 | ERROR | asyncio | Exception in callback _ProactorBasePipeTransport._call_connection_lost(None)
handle: <Handle _ProactorBasePipeTransport._call_connection_lost(None)>
Traceback (most recent call last):
  File "C:\Users\Hyperbook\miniconda3\Lib\asyncio\events.py", line 88, in _run
    self._context.run(self._callback, *self._args)
  File "C:\Users\Hyperbook\miniconda3\Lib\asyncio\proactor_events.py", line 165, in _call_connection_lost
    self._sock.shutdown(socket.SHUT_RDWR)
ConnectionResetError: [WinError 10054] Istniejące połączenie zostało gwałtownie zamknięte przez zdalnego hosta
2026-04-13 19:27:00 | Process-5 | ERROR | asyncio | Exception in callback _ProactorBasePipeTransport._call_connection_lost(None)
handle: <Handle _ProactorBasePipeTransport._call_connection_lost(None)>
Traceback (most recent call last):
  File "C:\Users\Hyperbook\miniconda3\Lib\asyncio\events.py", line 88, in _run
    self._context.run(self._callback, *self._args)
  File "C:\Users\Hyperbook\miniconda3\Lib\asyncio\proactor_events.py", line 165, in _call_connection_lost
    self._sock.shutdown(socket.SHUT_RDWR)
ConnectionResetError: [WinError 10054] Istniejące połączenie zostało gwałtownie zamknięte przez zdalnego hosta
2026-04-13 19:27:00 | Process-5 | ERROR | asyncio | Exception in callback _ProactorBasePipeTransport._call_connection_lost(None)
handle: <Handle _ProactorBasePipeTransport._call_connection_lost(None)>
Traceback (most recent call last):
  File "C:\Users\Hyperbook\miniconda3\Lib\asyncio\events.py", line 88, in _run
    self._context.run(self._callback, *self._args)
  File "C:\Users\Hyperbook\miniconda3\Lib\asyncio\proactor_events.py", line 165, in _call_connection_lost
    self._sock.shutdown(socket.SHUT_RDWR)
ConnectionResetError: [WinError 10054] Istniejące połączenie zostało gwałtownie zamknięte przez zdalnego hosta
2026-04-13 19:27:04 | Process-5 | ERROR | asyncio | Exception in callback _ProactorBasePipeTransport._call_connection_lost(None)
handle: <Handle _ProactorBasePipeTransport._call_connection_lost(None)>
Traceback (most recent call last):
  File "C:\Users\Hyperbook\miniconda3\Lib\asyncio\events.py", line 88, in _run
    self._context.run(self._callback, *self._args)
  File "C:\Users\Hyperbook\miniconda3\Lib\asyncio\proactor_events.py", line 165, in _call_connection_lost
    self._sock.shutdown(socket.SHUT_RDWR)
ConnectionResetError: [WinError 10054] Istniejące połączenie zostało gwałtownie zamknięte przez zdalnego hosta
2026-04-13 19:27:06 | Process-5 | ERROR | asyncio | Exception in callback _ProactorBasePipeTransport._call_connection_lost(None)
handle: <Handle _ProactorBasePipeTransport._call_connection_lost(None)>
Traceback (most recent call last):
  File "C:\Users\Hyperbook\miniconda3\Lib\asyncio\events.py", line 88, in _run
    self._context.run(self._callback, *self._args)
  File "C:\Users\Hyperbook\miniconda3\Lib\asyncio\proactor_events.py", line 165, in _call_connection_lost
    self._sock.shutdown(socket.SHUT_RDWR)
ConnectionResetError: [WinError 10054] Istniejące połączenie zostało gwałtownie zamknięte przez zdalnego hosta
2026-04-13 19:27:07 | Process-5 | ERROR | asyncio | Exception in callback _ProactorBasePipeTransport._call_connection_lost(None)
handle: <Handle _ProactorBasePipeTransport._call_connection_lost(None)>
Traceback (most recent call last):
  File "C:\Users\Hyperbook\miniconda3\Lib\asyncio\events.py", line 88, in _run
    self._context.run(self._callback, *self._args)
  File "C:\Users\Hyperbook\miniconda3\Lib\asyncio\proactor_events.py", line 165, in _call_connection_lost
    self._sock.shutdown(socket.SHUT_RDWR)
ConnectionResetError: [WinError 10054] Istniejące połączenie zostało gwałtownie zamknięte przez zdalnego hosta
2026-04-13 19:27:07 | Process-5 | ERROR | asyncio | Exception in callback _ProactorBasePipeTransport._call_connection_lost(None)
handle: <Handle _ProactorBasePipeTransport._call_connection_lost(None)>
Traceback (most recent call last):
  File "C:\Users\Hyperbook\miniconda3\Lib\asyncio\events.py", line 88, in _run
    self._context.run(self._callback, *self._args)
  File "C:\Users\Hyperbook\miniconda3\Lib\asyncio\proactor_events.py", line 165, in _call_connection_lost
    self._sock.shutdown(socket.SHUT_RDWR)
ConnectionResetError: [WinError 10054] Istniejące połączenie zostało gwałtownie zamknięte przez zdalnego hosta
2026-04-13 19:27:07 | Process-5 | ERROR | asyncio | Exception in callback _ProactorBasePipeTransport._call_connection_lost(None)
handle: <Handle _ProactorBasePipeTransport._call_connection_lost(None)>
Traceback (most recent call last):
  File "C:\Users\Hyperbook\miniconda3\Lib\asyncio\events.py", line 88, in _run
    self._context.run(self._callback, *self._args)
  File "C:\Users\Hyperbook\miniconda3\Lib\asyncio\proactor_events.py", line 165, in _call_connection_lost
    self._sock.shutdown(socket.SHUT_RDWR)
ConnectionResetError: [WinError 10054] Istniejące połączenie zostało gwałtownie zamknięte przez zdalnego hosta
2026-04-13 19:27:08 | Process-5 | ERROR | asyncio | Exception in callback _ProactorBasePipeTransport._call_connection_lost(None)
handle: <Handle _ProactorBasePipeTransport._call_connection_lost(None)>
Traceback (most recent call last):
  File "C:\Users\Hyperbook\miniconda3\Lib\asyncio\events.py", line 88, in _run
    self._context.run(self._callback, *self._args)
  File "C:\Users\Hyperbook\miniconda3\Lib\asyncio\proactor_events.py", line 165, in _call_connection_lost
    self._sock.shutdown(socket.SHUT_RDWR)
ConnectionResetError: [WinError 10054] Istniejące połączenie zostało gwałtownie zamknięte przez zdalnego hosta
2026-04-13 19:27:09 | Process-5 | ERROR | asyncio | Exception in callback _ProactorBasePipeTransport._call_connection_lost(None)
handle: <Handle _ProactorBasePipeTransport._call_connection_lost(None)>
Traceback (most recent call last):
  File "C:\Users\Hyperbook\miniconda3\Lib\asyncio\events.py", line 88, in _run
    self._context.run(self._callback, *self._args)
  File "C:\Users\Hyperbook\miniconda3\Lib\asyncio\proactor_events.py", line 165, in _call_connection_lost
    self._sock.shutdown(socket.SHUT_RDWR)
ConnectionResetError: [WinError 10054] Istniejące połączenie zostało gwałtownie zamknięte przez zdalnego hosta
2026-04-13 19:27:15 | Process-5 | ERROR | asyncio | Exception in callback _ProactorBasePipeTransport._call_connection_lost(None)
handle: <Handle _ProactorBasePipeTransport._call_connection_lost(None)>
Traceback (most recent call last):
  File "C:\Users\Hyperbook\miniconda3\Lib\asyncio\events.py", line 88, in _run
    self._context.run(self._callback, *self._args)
  File "C:\Users\Hyperbook\miniconda3\Lib\asyncio\proactor_events.py", line 165, in _call_connection_lost
    self._sock.shutdown(socket.SHUT_RDWR)
ConnectionResetError: [WinError 10054] Istniejące połączenie zostało gwałtownie zamknięte przez zdalnego hosta
2026-04-13 19:27:19 | Process-5 | ERROR | asyncio | Exception in callback _ProactorBasePipeTransport._call_connection_lost(None)
handle: <Handle _ProactorBasePipeTransport._call_connection_lost(None)>
Traceback (most recent call last):
  File "C:\Users\Hyperbook\miniconda3\Lib\asyncio\events.py", line 88, in _run
    self._context.run(self._callback, *self._args)
  File "C:\Users\Hyperbook\miniconda3\Lib\asyncio\proactor_events.py", line 165, in _call_connection_lost
    self._sock.shutdown(socket.SHUT_RDWR)
ConnectionResetError: [WinError 10054] Istniejące połączenie zostało gwałtownie zamknięte przez zdalnego hosta
2026-04-13 19:27:20 | Process-5 | ERROR | asyncio | Exception in callback _ProactorBasePipeTransport._call_connection_lost(None)
handle: <Handle _ProactorBasePipeTransport._call_connection_lost(None)>
Traceback (most recent call last):
  File "C:\Users\Hyperbook\miniconda3\Lib\asyncio\events.py", line 88, in _run
    self._context.run(self._callback, *self._args)
  File "C:\Users\Hyperbook\miniconda3\Lib\asyncio\proactor_events.py", line 165, in _call_connection_lost
    self._sock.shutdown(socket.SHUT_RDWR)
ConnectionResetError: [WinError 10054] Istniejące połączenie zostało gwałtownie zamknięte przez zdalnego hosta
2026-04-13 19:27:24 | Process-5 | ERROR | asyncio | Exception in callback _ProactorBasePipeTransport._call_connection_lost(None)
handle: <Handle _ProactorBasePipeTransport._call_connection_lost(None)>
Traceback (most recent call last):
  File "C:\Users\Hyperbook\miniconda3\Lib\asyncio\events.py", line 88, in _run
    self._context.run(self._callback, *self._args)
  File "C:\Users\Hyperbook\miniconda3\Lib\asyncio\proactor_events.py", line 165, in _call_connection_lost
    self._sock.shutdown(socket.SHUT_RDWR)
ConnectionResetError: [WinError 10054] Istniejące połączenie zostało gwałtownie zamknięte przez zdalnego hosta
2026-04-13 19:27:25 | Process-5 | ERROR | asyncio | Exception in callback _ProactorBasePipeTransport._call_connection_lost(None)
handle: <Handle _ProactorBasePipeTransport._call_connection_lost(None)>
Traceback (most recent call last):
  File "C:\Users\Hyperbook\miniconda3\Lib\asyncio\events.py", line 88, in _run
    self._context.run(self._callback, *self._args)
  File "C:\Users\Hyperbook\miniconda3\Lib\asyncio\proactor_events.py", line 165, in _call_connection_lost
    self._sock.shutdown(socket.SHUT_RDWR)
ConnectionResetError: [WinError 10054] Istniejące połączenie zostało gwałtownie zamknięte przez zdalnego hosta
2026-04-13 19:27:28 | Process-5 | ERROR | asyncio | Exception in callback _ProactorBasePipeTransport._call_connection_lost(None)
handle: <Handle _ProactorBasePipeTransport._call_connection_lost(None)>
Traceback (most recent call last):
  File "C:\Users\Hyperbook\miniconda3\Lib\asyncio\events.py", line 88, in _run
    self._context.run(self._callback, *self._args)
  File "C:\Users\Hyperbook\miniconda3\Lib\asyncio\proactor_events.py", line 165, in _call_connection_lost
    self._sock.shutdown(socket.SHUT_RDWR)
ConnectionResetError: [WinError 10054] Istniejące połączenie zostało gwałtownie zamknięte przez zdalnego hosta
2026-04-13 19:27:28 | Process-5 | ERROR | asyncio | Exception in callback _ProactorBasePipeTransport._call_connection_lost(None)
handle: <Handle _ProactorBasePipeTransport._call_connection_lost(None)>
Traceback (most recent call last):
  File "C:\Users\Hyperbook\miniconda3\Lib\asyncio\events.py", line 88, in _run
    self._context.run(self._callback, *self._args)
  File "C:\Users\Hyperbook\miniconda3\Lib\asyncio\proactor_events.py", line 165, in _call_connection_lost
    self._sock.shutdown(socket.SHUT_RDWR)
ConnectionResetError: [WinError 10054] Istniejące połączenie zostało gwałtownie zamknięte przez zdalnego hosta
2026-04-13 19:27:31 | Process-5 | ERROR | asyncio | Exception in callback _ProactorBasePipeTransport._call_connection_lost(None)
handle: <Handle _ProactorBasePipeTransport._call_connection_lost(None)>
Traceback (most recent call last):
  File "C:\Users\Hyperbook\miniconda3\Lib\asyncio\events.py", line 88, in _run
    self._context.run(self._callback, *self._args)
  File "C:\Users\Hyperbook\miniconda3\Lib\asyncio\proactor_events.py", line 165, in _call_connection_lost
    self._sock.shutdown(socket.SHUT_RDWR)
ConnectionResetError: [WinError 10054] Istniejące połączenie zostało gwałtownie zamknięte przez zdalnego hosta
2026-04-13 19:27:32 | Process-5 | ERROR | asyncio | Exception in callback _ProactorBasePipeTransport._call_connection_lost(None)
handle: <Handle _ProactorBasePipeTransport._call_connection_lost(None)>
Traceback (most recent call last):
  File "C:\Users\Hyperbook\miniconda3\Lib\asyncio\events.py", line 88, in _run
    self._context.run(self._callback, *self._args)
  File "C:\Users\Hyperbook\miniconda3\Lib\asyncio\proactor_events.py", line 165, in _call_connection_lost
    self._sock.shutdown(socket.SHUT_RDWR)
ConnectionResetError: [WinError 10054] Istniejące połączenie zostało gwałtownie zamknięte przez zdalnego hosta
2026-04-13 19:27:33 | Process-5 | ERROR | asyncio | Exception in callback _ProactorBasePipeTransport._call_connection_lost(None)
handle: <Handle _ProactorBasePipeTransport._call_connection_lost(None)>
Traceback (most recent call last):
  File "C:\Users\Hyperbook\miniconda3\Lib\asyncio\events.py", line 88, in _run
    self._context.run(self._callback, *self._args)
  File "C:\Users\Hyperbook\miniconda3\Lib\asyncio\proactor_events.py", line 165, in _call_connection_lost
    self._sock.shutdown(socket.SHUT_RDWR)
ConnectionResetError: [WinError 10054] Istniejące połączenie zostało gwałtownie zamknięte przez zdalnego hosta
2026-04-13 19:27:35 | Process-5 | ERROR | asyncio | Exception in callback _ProactorBasePipeTransport._call_connection_lost(None)
handle: <Handle _ProactorBasePipeTransport._call_connection_lost(None)>
Traceback (most recent call last):
  File "C:\Users\Hyperbook\miniconda3\Lib\asyncio\events.py", line 88, in _run
    self._context.run(self._callback, *self._args)
  File "C:\Users\Hyperbook\miniconda3\Lib\asyncio\proactor_events.py", line 165, in _call_connection_lost
    self._sock.shutdown(socket.SHUT_RDWR)
ConnectionResetError: [WinError 10054] Istniejące połączenie zostało gwałtownie zamknięte przez zdalnego hosta
2026-04-13 19:27:35 | Process-5 | ERROR | asyncio | Exception in callback _ProactorBasePipeTransport._call_connection_lost(None)
handle: <Handle _ProactorBasePipeTransport._call_connection_lost(None)>
Traceback (most recent call last):
  File "C:\Users\Hyperbook\miniconda3\Lib\asyncio\events.py", line 88, in _run
    self._context.run(self._callback, *self._args)
  File "C:\Users\Hyperbook\miniconda3\Lib\asyncio\proactor_events.py", line 165, in _call_connection_lost
    self._sock.shutdown(socket.SHUT_RDWR)
ConnectionResetError: [WinError 10054] Istniejące połączenie zostało gwałtownie zamknięte przez zdalnego hosta
2026-04-13 19:27:36 | Process-5 | ERROR | asyncio | Exception in callback _ProactorBasePipeTransport._call_connection_lost(None)
handle: <Handle _ProactorBasePipeTransport._call_connection_lost(None)>
Traceback (most recent call last):
  File "C:\Users\Hyperbook\miniconda3\Lib\asyncio\events.py", line 88, in _run
    self._context.run(self._callback, *self._args)
  File "C:\Users\Hyperbook\miniconda3\Lib\asyncio\proactor_events.py", line 165, in _call_connection_lost
    self._sock.shutdown(socket.SHUT_RDWR)
ConnectionResetError: [WinError 10054] Istniejące połączenie zostało gwałtownie zamknięte przez zdalnego hosta
2026-04-13 19:27:36 | Process-5 | ERROR | asyncio | Exception in callback _ProactorBasePipeTransport._call_connection_lost(None)
handle: <Handle _ProactorBasePipeTransport._call_connection_lost(None)>
Traceback (most recent call last):
  File "C:\Users\Hyperbook\miniconda3\Lib\asyncio\events.py", line 88, in _run
    self._context.run(self._callback, *self._args)
  File "C:\Users\Hyperbook\miniconda3\Lib\asyncio\proactor_events.py", line 165, in _call_connection_lost
    self._sock.shutdown(socket.SHUT_RDWR)
ConnectionResetError: [WinError 10054] Istniejące połączenie zostało gwałtownie zamknięte przez zdalnego hosta
2026-04-13 19:27:36 | Process-5 | ERROR | asyncio | Exception in callback _ProactorBasePipeTransport._call_connection_lost(None)
handle: <Handle _ProactorBasePipeTransport._call_connection_lost(None)>
Traceback (most recent call last):
  File "C:\Users\Hyperbook\miniconda3\Lib\asyncio\events.py", line 88, in _run
    self._context.run(self._callback, *self._args)
  File "C:\Users\Hyperbook\miniconda3\Lib\asyncio\proactor_events.py", line 165, in _call_connection_lost
    self._sock.shutdown(socket.SHUT_RDWR)
ConnectionResetError: [WinError 10054] Istniejące połączenie zostało gwałtownie zamknięte przez zdalnego hosta
2026-04-13 19:27:37 | Process-5 | ERROR | asyncio | Exception in callback _ProactorBasePipeTransport._call_connection_lost(None)
handle: <Handle _ProactorBasePipeTransport._call_connection_lost(None)>
Traceback (most recent call last):
  File "C:\Users\Hyperbook\miniconda3\Lib\asyncio\events.py", line 88, in _run
    self._context.run(self._callback, *self._args)
  File "C:\Users\Hyperbook\miniconda3\Lib\asyncio\proactor_events.py", line 165, in _call_connection_lost
    self._sock.shutdown(socket.SHUT_RDWR)
ConnectionResetError: [WinError 10054] Istniejące połączenie zostało gwałtownie zamknięte przez zdalnego hosta
2026-04-13 19:27:41 | Process-5 | ERROR | asyncio | Exception in callback _ProactorBasePipeTransport._call_connection_lost(None)
handle: <Handle _ProactorBasePipeTransport._call_connection_lost(None)>
Traceback (most recent call last):
  File "C:\Users\Hyperbook\miniconda3\Lib\asyncio\events.py", line 88, in _run
    self._context.run(self._callback, *self._args)
  File "C:\Users\Hyperbook\miniconda3\Lib\asyncio\proactor_events.py", line 165, in _call_connection_lost
    self._sock.shutdown(socket.SHUT_RDWR)
ConnectionResetError: [WinError 10054] Istniejące połączenie zostało gwałtownie zamknięte przez zdalnego hosta
2026-04-13 19:27:41 | Process-5 | ERROR | asyncio | Exception in callback _ProactorBasePipeTransport._call_connection_lost(None)
handle: <Handle _ProactorBasePipeTransport._call_connection_lost(None)>
Traceback (most recent call last):
  File "C:\Users\Hyperbook\miniconda3\Lib\asyncio\events.py", line 88, in _run
    self._context.run(self._callback, *self._args)
  File "C:\Users\Hyperbook\miniconda3\Lib\asyncio\proactor_events.py", line 165, in _call_connection_lost
    self._sock.shutdown(socket.SHUT_RDWR)
ConnectionResetError: [WinError 10054] Istniejące połączenie zostało gwałtownie zamknięte przez zdalnego hosta
2026-04-13 19:27:43 | Process-5 | ERROR | asyncio | Exception in callback _ProactorBasePipeTransport._call_connection_lost(None)
handle: <Handle _ProactorBasePipeTransport._call_connection_lost(None)>
Traceback (most recent call last):
  File "C:\Users\Hyperbook\miniconda3\Lib\asyncio\events.py", line 88, in _run
    self._context.run(self._callback, *self._args)
  File "C:\Users\Hyperbook\miniconda3\Lib\asyncio\proactor_events.py", line 165, in _call_connection_lost
    self._sock.shutdown(socket.SHUT_RDWR)
ConnectionResetError: [WinError 10054] Istniejące połączenie zostało gwałtownie zamknięte przez zdalnego hosta
2026-04-13 19:27:44 | Process-5 | ERROR | asyncio | Exception in callback _ProactorBasePipeTransport._call_connection_lost(None)
handle: <Handle _ProactorBasePipeTransport._call_connection_lost(None)>
Traceback (most recent call last):
  File "C:\Users\Hyperbook\miniconda3\Lib\asyncio\events.py", line 88, in _run
    self._context.run(self._callback, *self._args)
  File "C:\Users\Hyperbook\miniconda3\Lib\asyncio\proactor_events.py", line 165, in _call_connection_lost
    self._sock.shutdown(socket.SHUT_RDWR)
ConnectionResetError: [WinError 10054] Istniejące połączenie zostało gwałtownie zamknięte przez zdalnego hosta
2026-04-13 19:27:45 | Process-5 | ERROR | asyncio | Exception in callback _ProactorBasePipeTransport._call_connection_lost(None)
handle: <Handle _ProactorBasePipeTransport._call_connection_lost(None)>
Traceback (most recent call last):
  File "C:\Users\Hyperbook\miniconda3\Lib\asyncio\events.py", line 88, in _run
    self._context.run(self._callback, *self._args)
  File "C:\Users\Hyperbook\miniconda3\Lib\asyncio\proactor_events.py", line 165, in _call_connection_lost
    self._sock.shutdown(socket.SHUT_RDWR)
ConnectionResetError: [WinError 10054] Istniejące połączenie zostało gwałtownie zamknięte przez zdalnego hosta
2026-04-13 19:27:46 | Process-5 | ERROR | asyncio | Exception in callback _ProactorBasePipeTransport._call_connection_lost(None)
handle: <Handle _ProactorBasePipeTransport._call_connection_lost(None)>
Traceback (most recent call last):
  File "C:\Users\Hyperbook\miniconda3\Lib\asyncio\events.py", line 88, in _run
    self._context.run(self._callback, *self._args)
  File "C:\Users\Hyperbook\miniconda3\Lib\asyncio\proactor_events.py", line 165, in _call_connection_lost
    self._sock.shutdown(socket.SHUT_RDWR)
ConnectionResetError: [WinError 10054] Istniejące połączenie zostało gwałtownie zamknięte przez zdalnego hosta
2026-04-13 19:27:47 | Process-5 | ERROR | asyncio | Exception in callback _ProactorBasePipeTransport._call_connection_lost(None)
handle: <Handle _ProactorBasePipeTransport._call_connection_lost(None)>
Traceback (most recent call last):
  File "C:\Users\Hyperbook\miniconda3\Lib\asyncio\events.py", line 88, in _run
    self._context.run(self._callback, *self._args)
  File "C:\Users\Hyperbook\miniconda3\Lib\asyncio\proactor_events.py", line 165, in _call_connection_lost
    self._sock.shutdown(socket.SHUT_RDWR)
ConnectionResetError: [WinError 10054] Istniejące połączenie zostało gwałtownie zamknięte przez zdalnego hosta
2026-04-13 19:27:49 | Process-5 | ERROR | asyncio | Exception in callback _ProactorBasePipeTransport._call_connection_lost(None)
handle: <Handle _ProactorBasePipeTransport._call_connection_lost(None)>
Traceback (most recent call last):
  File "C:\Users\Hyperbook\miniconda3\Lib\asyncio\events.py", line 88, in _run
    self._context.run(self._callback, *self._args)
  File "C:\Users\Hyperbook\miniconda3\Lib\asyncio\proactor_events.py", line 165, in _call_connection_lost
    self._sock.shutdown(socket.SHUT_RDWR)
ConnectionResetError: [WinError 10054] Istniejące połączenie zostało gwałtownie zamknięte przez zdalnego hosta
2026-04-13 19:27:51 | Process-5 | ERROR | asyncio | Exception in callback _ProactorBasePipeTransport._call_connection_lost(None)
handle: <Handle _ProactorBasePipeTransport._call_connection_lost(None)>
Traceback (most recent call last):
  File "C:\Users\Hyperbook\miniconda3\Lib\asyncio\events.py", line 88, in _run
    self._context.run(self._callback, *self._args)
  File "C:\Users\Hyperbook\miniconda3\Lib\asyncio\proactor_events.py", line 165, in _call_connection_lost
    self._sock.shutdown(socket.SHUT_RDWR)
ConnectionResetError: [WinError 10054] Istniejące połączenie zostało gwałtownie zamknięte przez zdalnego hosta
2026-04-13 19:27:54 | Process-5 | ERROR | asyncio | Exception in callback _ProactorBasePipeTransport._call_connection_lost(None)
handle: <Handle _ProactorBasePipeTransport._call_connection_lost(None)>
Traceback (most recent call last):
  File "C:\Users\Hyperbook\miniconda3\Lib\asyncio\events.py", line 88, in _run
    self._context.run(self._callback, *self._args)
  File "C:\Users\Hyperbook\miniconda3\Lib\asyncio\proactor_events.py", line 165, in _call_connection_lost
    self._sock.shutdown(socket.SHUT_RDWR)
ConnectionResetError: [WinError 10054] Istniejące połączenie zostało gwałtownie zamknięte przez zdalnego hosta
2026-04-13 19:27:54 | Process-5 | ERROR | asyncio | Exception in callback _ProactorBasePipeTransport._call_connection_lost(None)
handle: <Handle _ProactorBasePipeTransport._call_connection_lost(None)>
Traceback (most recent call last):
  File "C:\Users\Hyperbook\miniconda3\Lib\asyncio\events.py", line 88, in _run
    self._context.run(self._callback, *self._args)
  File "C:\Users\Hyperbook\miniconda3\Lib\asyncio\proactor_events.py", line 165, in _call_connection_lost
    self._sock.shutdown(socket.SHUT_RDWR)
ConnectionResetError: [WinError 10054] Istniejące połączenie zostało gwałtownie zamknięte przez zdalnego hosta
2026-04-13 19:27:55 | Process-5 | ERROR | asyncio | Exception in callback _ProactorBasePipeTransport._call_connection_lost(None)
handle: <Handle _ProactorBasePipeTransport._call_connection_lost(None)>
Traceback (most recent call last):
  File "C:\Users\Hyperbook\miniconda3\Lib\asyncio\events.py", line 88, in _run
    self._context.run(self._callback, *self._args)
  File "C:\Users\Hyperbook\miniconda3\Lib\asyncio\proactor_events.py", line 165, in _call_connection_lost
    self._sock.shutdown(socket.SHUT_RDWR)
ConnectionResetError: [WinError 10054] Istniejące połączenie zostało gwałtownie zamknięte przez zdalnego hosta
2026-04-13 19:27:56 | Process-5 | ERROR | asyncio | Exception in callback _ProactorBasePipeTransport._call_connection_lost(None)
handle: <Handle _ProactorBasePipeTransport._call_connection_lost(None)>
Traceback (most recent call last):
  File "C:\Users\Hyperbook\miniconda3\Lib\asyncio\events.py", line 88, in _run
    self._context.run(self._callback, *self._args)
  File "C:\Users\Hyperbook\miniconda3\Lib\asyncio\proactor_events.py", line 165, in _call_connection_lost
    self._sock.shutdown(socket.SHUT_RDWR)
ConnectionResetError: [WinError 10054] Istniejące połączenie zostało gwałtownie zamknięte przez zdalnego hosta
2026-04-13 19:27:58 | Process-5 | ERROR | asyncio | Exception in callback _ProactorBasePipeTransport._call_connection_lost(None)
handle: <Handle _ProactorBasePipeTransport._call_connection_lost(None)>
Traceback (most recent call last):
  File "C:\Users\Hyperbook\miniconda3\Lib\asyncio\events.py", line 88, in _run
    self._context.run(self._callback, *self._args)
  File "C:\Users\Hyperbook\miniconda3\Lib\asyncio\proactor_events.py", line 165, in _call_connection_lost
    self._sock.shutdown(socket.SHUT_RDWR)
ConnectionResetError: [WinError 10054] Istniejące połączenie zostało gwałtownie zamknięte przez zdalnego hosta
2026-04-13 19:27:59 | Process-5 | ERROR | asyncio | Exception in callback _ProactorBasePipeTransport._call_connection_lost(None)
handle: <Handle _ProactorBasePipeTransport._call_connection_lost(None)>
Traceback (most recent call last):
  File "C:\Users\Hyperbook\miniconda3\Lib\asyncio\events.py", line 88, in _run
    self._context.run(self._callback, *self._args)
  File "C:\Users\Hyperbook\miniconda3\Lib\asyncio\proactor_events.py", line 165, in _call_connection_lost
    self._sock.shutdown(socket.SHUT_RDWR)
ConnectionResetError: [WinError 10054] Istniejące połączenie zostało gwałtownie zamknięte przez zdalnego hosta
2026-04-13 19:28:00 | Process-5 | ERROR | asyncio | Exception in callback _ProactorBasePipeTransport._call_connection_lost(None)
handle: <Handle _ProactorBasePipeTransport._call_connection_lost(None)>
Traceback (most recent call last):
  File "C:\Users\Hyperbook\miniconda3\Lib\asyncio\events.py", line 88, in _run
    self._context.run(self._callback, *self._args)
  File "C:\Users\Hyperbook\miniconda3\Lib\asyncio\proactor_events.py", line 165, in _call_connection_lost
    self._sock.shutdown(socket.SHUT_RDWR)
ConnectionResetError: [WinError 10054] Istniejące połączenie zostało gwałtownie zamknięte przez zdalnego hosta
2026-04-13 19:28:00 | Process-5 | ERROR | asyncio | Exception in callback _ProactorBasePipeTransport._call_connection_lost(None)
handle: <Handle _ProactorBasePipeTransport._call_connection_lost(None)>
Traceback (most recent call last):
  File "C:\Users\Hyperbook\miniconda3\Lib\asyncio\events.py", line 88, in _run
    self._context.run(self._callback, *self._args)
  File "C:\Users\Hyperbook\miniconda3\Lib\asyncio\proactor_events.py", line 165, in _call_connection_lost
    self._sock.shutdown(socket.SHUT_RDWR)
ConnectionResetError: [WinError 10054] Istniejące połączenie zostało gwałtownie zamknięte przez zdalnego hosta
2026-04-13 19:28:04 | Process-5 | ERROR | asyncio | Exception in callback _ProactorBasePipeTransport._call_connection_lost(None)
handle: <Handle _ProactorBasePipeTransport._call_connection_lost(None)>
Traceback (most recent call last):
  File "C:\Users\Hyperbook\miniconda3\Lib\asyncio\events.py", line 88, in _run
    self._context.run(self._callback, *self._args)
  File "C:\Users\Hyperbook\miniconda3\Lib\asyncio\proactor_events.py", line 165, in _call_connection_lost
    self._sock.shutdown(socket.SHUT_RDWR)
ConnectionResetError: [WinError 10054] Istniejące połączenie zostało gwałtownie zamknięte przez zdalnego hosta
2026-04-13 19:28:04 | Process-5 | ERROR | asyncio | Exception in callback _ProactorBasePipeTransport._call_connection_lost(None)
handle: <Handle _ProactorBasePipeTransport._call_connection_lost(None)>
Traceback (most recent call last):
  File "C:\Users\Hyperbook\miniconda3\Lib\asyncio\events.py", line 88, in _run
    self._context.run(self._callback, *self._args)
  File "C:\Users\Hyperbook\miniconda3\Lib\asyncio\proactor_events.py", line 165, in _call_connection_lost
    self._sock.shutdown(socket.SHUT_RDWR)
ConnectionResetError: [WinError 10054] Istniejące połączenie zostało gwałtownie zamknięte przez zdalnego hosta
2026-04-13 19:28:04 | Process-5 | ERROR | asyncio | Exception in callback _ProactorBasePipeTransport._call_connection_lost(None)
handle: <Handle _ProactorBasePipeTransport._call_connection_lost(None)>
Traceback (most recent call last):
  File "C:\Users\Hyperbook\miniconda3\Lib\asyncio\events.py", line 88, in _run
    self._context.run(self._callback, *self._args)
  File "C:\Users\Hyperbook\miniconda3\Lib\asyncio\proactor_events.py", line 165, in _call_connection_lost
    self._sock.shutdown(socket.SHUT_RDWR)
ConnectionResetError: [WinError 10054] Istniejące połączenie zostało gwałtownie zamknięte przez zdalnego hosta
2026-04-13 19:28:05 | Process-5 | ERROR | asyncio | Exception in callback _ProactorBasePipeTransport._call_connection_lost(None)
handle: <Handle _ProactorBasePipeTransport._call_connection_lost(None)>
Traceback (most recent call last):
  File "C:\Users\Hyperbook\miniconda3\Lib\asyncio\events.py", line 88, in _run
    self._context.run(self._callback, *self._args)
  File "C:\Users\Hyperbook\miniconda3\Lib\asyncio\proactor_events.py", line 165, in _call_connection_lost
    self._sock.shutdown(socket.SHUT_RDWR)
ConnectionResetError: [WinError 10054] Istniejące połączenie zostało gwałtownie zamknięte przez zdalnego hosta
2026-04-13 19:28:07 | Process-5 | ERROR | asyncio | Exception in callback _ProactorBasePipeTransport._call_connection_lost(None)
handle: <Handle _ProactorBasePipeTransport._call_connection_lost(None)>
Traceback (most recent call last):
  File "C:\Users\Hyperbook\miniconda3\Lib\asyncio\events.py", line 88, in _run
    self._context.run(self._callback, *self._args)
  File "C:\Users\Hyperbook\miniconda3\Lib\asyncio\proactor_events.py", line 165, in _call_connection_lost
    self._sock.shutdown(socket.SHUT_RDWR)
ConnectionResetError: [WinError 10054] Istniejące połączenie zostało gwałtownie zamknięte przez zdalnego hosta
2026-04-13 19:28:07 | Process-5 | ERROR | asyncio | Exception in callback _ProactorBasePipeTransport._call_connection_lost(None)
handle: <Handle _ProactorBasePipeTransport._call_connection_lost(None)>
Traceback (most recent call last):
  File "C:\Users\Hyperbook\miniconda3\Lib\asyncio\events.py", line 88, in _run
    self._context.run(self._callback, *self._args)
  File "C:\Users\Hyperbook\miniconda3\Lib\asyncio\proactor_events.py", line 165, in _call_connection_lost
    self._sock.shutdown(socket.SHUT_RDWR)
ConnectionResetError: [WinError 10054] Istniejące połączenie zostało gwałtownie zamknięte przez zdalnego hosta
2026-04-13 19:28:08 | Process-5 | ERROR | asyncio | Exception in callback _ProactorBasePipeTransport._call_connection_lost(None)
handle: <Handle _ProactorBasePipeTransport._call_connection_lost(None)>
Traceback (most recent call last):
  File "C:\Users\Hyperbook\miniconda3\Lib\asyncio\events.py", line 88, in _run
    self._context.run(self._callback, *self._args)
  File "C:\Users\Hyperbook\miniconda3\Lib\asyncio\proactor_events.py", line 165, in _call_connection_lost
    self._sock.shutdown(socket.SHUT_RDWR)
ConnectionResetError: [WinError 10054] Istniejące połączenie zostało gwałtownie zamknięte przez zdalnego hosta
2026-04-13 19:28:09 | Process-5 | ERROR | asyncio | Exception in callback _ProactorBasePipeTransport._call_connection_lost(None)
handle: <Handle _ProactorBasePipeTransport._call_connection_lost(None)>
Traceback (most recent call last):
  File "C:\Users\Hyperbook\miniconda3\Lib\asyncio\events.py", line 88, in _run
    self._context.run(self._callback, *self._args)
  File "C:\Users\Hyperbook\miniconda3\Lib\asyncio\proactor_events.py", line 165, in _call_connection_lost
    self._sock.shutdown(socket.SHUT_RDWR)
ConnectionResetError: [WinError 10054] Istniejące połączenie zostało gwałtownie zamknięte przez zdalnego hosta
2026-04-13 19:28:10 | Process-5 | ERROR | asyncio | Exception in callback _ProactorBasePipeTransport._call_connection_lost(None)
handle: <Handle _ProactorBasePipeTransport._call_connection_lost(None)>
Traceback (most recent call last):
  File "C:\Users\Hyperbook\miniconda3\Lib\asyncio\events.py", line 88, in _run
    self._context.run(self._callback, *self._args)
  File "C:\Users\Hyperbook\miniconda3\Lib\asyncio\proactor_events.py", line 165, in _call_connection_lost
    self._sock.shutdown(socket.SHUT_RDWR)
ConnectionResetError: [WinError 10054] Istniejące połączenie zostało gwałtownie zamknięte przez zdalnego hosta
2026-04-13 19:28:11 | Process-5 | ERROR | asyncio | Exception in callback _ProactorBasePipeTransport._call_connection_lost(None)
handle: <Handle _ProactorBasePipeTransport._call_connection_lost(None)>
Traceback (most recent call last):
  File "C:\Users\Hyperbook\miniconda3\Lib\asyncio\events.py", line 88, in _run
    self._context.run(self._callback, *self._args)
  File "C:\Users\Hyperbook\miniconda3\Lib\asyncio\proactor_events.py", line 165, in _call_connection_lost
    self._sock.shutdown(socket.SHUT_RDWR)
ConnectionResetError: [WinError 10054] Istniejące połączenie zostało gwałtownie zamknięte przez zdalnego hosta
2026-04-13 19:28:12 | Process-5 | ERROR | asyncio | Exception in callback _ProactorBasePipeTransport._call_connection_lost(None)
handle: <Handle _ProactorBasePipeTransport._call_connection_lost(None)>
Traceback (most recent call last):
  File "C:\Users\Hyperbook\miniconda3\Lib\asyncio\events.py", line 88, in _run
    self._context.run(self._callback, *self._args)
  File "C:\Users\Hyperbook\miniconda3\Lib\asyncio\proactor_events.py", line 165, in _call_connection_lost
    self._sock.shutdown(socket.SHUT_RDWR)
ConnectionResetError: [WinError 10054] Istniejące połączenie zostało gwałtownie zamknięte przez zdalnego hosta
2026-04-13 19:28:12 | Process-5 | ERROR | asyncio | Exception in callback _ProactorBasePipeTransport._call_connection_lost(None)
handle: <Handle _ProactorBasePipeTransport._call_connection_lost(None)>
Traceback (most recent call last):
  File "C:\Users\Hyperbook\miniconda3\Lib\asyncio\events.py", line 88, in _run
    self._context.run(self._callback, *self._args)
  File "C:\Users\Hyperbook\miniconda3\Lib\asyncio\proactor_events.py", line 165, in _call_connection_lost
    self._sock.shutdown(socket.SHUT_RDWR)
ConnectionResetError: [WinError 10054] Istniejące połączenie zostało gwałtownie zamknięte przez zdalnego hosta
2026-04-13 19:28:15 | Process-5 | ERROR | asyncio | Exception in callback _ProactorBasePipeTransport._call_connection_lost(None)
handle: <Handle _ProactorBasePipeTransport._call_connection_lost(None)>
Traceback (most recent call last):
  File "C:\Users\Hyperbook\miniconda3\Lib\asyncio\events.py", line 88, in _run
    self._context.run(self._callback, *self._args)
  File "C:\Users\Hyperbook\miniconda3\Lib\asyncio\proactor_events.py", line 165, in _call_connection_lost
    self._sock.shutdown(socket.SHUT_RDWR)
ConnectionResetError: [WinError 10054] Istniejące połączenie zostało gwałtownie zamknięte przez zdalnego hosta
2026-04-13 19:28:22 | Process-5 | ERROR | asyncio | Exception in callback _ProactorBasePipeTransport._call_connection_lost(None)
handle: <Handle _ProactorBasePipeTransport._call_connection_lost(None)>
Traceback (most recent call last):
  File "C:\Users\Hyperbook\miniconda3\Lib\asyncio\events.py", line 88, in _run
    self._context.run(self._callback, *self._args)
  File "C:\Users\Hyperbook\miniconda3\Lib\asyncio\proactor_events.py", line 165, in _call_connection_lost
    self._sock.shutdown(socket.SHUT_RDWR)
ConnectionResetError: [WinError 10054] Istniejące połączenie zostało gwałtownie zamknięte przez zdalnego hosta
2026-04-13 19:28:24 | Process-5 | ERROR | asyncio | Exception in callback _ProactorBasePipeTransport._call_connection_lost(None)
handle: <Handle _ProactorBasePipeTransport._call_connection_lost(None)>
Traceback (most recent call last):
  File "C:\Users\Hyperbook\miniconda3\Lib\asyncio\events.py", line 88, in _run
    self._context.run(self._callback, *self._args)
  File "C:\Users\Hyperbook\miniconda3\Lib\asyncio\proactor_events.py", line 165, in _call_connection_lost
    self._sock.shutdown(socket.SHUT_RDWR)
ConnectionResetError: [WinError 10054] Istniejące połączenie zostało gwałtownie zamknięte przez zdalnego hosta
2026-04-13 19:28:24 | Process-5 | ERROR | asyncio | Exception in callback _ProactorBasePipeTransport._call_connection_lost(None)
handle: <Handle _ProactorBasePipeTransport._call_connection_lost(None)>
Traceback (most recent call last):
  File "C:\Users\Hyperbook\miniconda3\Lib\asyncio\events.py", line 88, in _run
    self._context.run(self._callback, *self._args)
  File "C:\Users\Hyperbook\miniconda3\Lib\asyncio\proactor_events.py", line 165, in _call_connection_lost
    self._sock.shutdown(socket.SHUT_RDWR)
ConnectionResetError: [WinError 10054] Istniejące połączenie zostało gwałtownie zamknięte przez zdalnego hosta
2026-04-13 19:28:24 | Process-5 | ERROR | asyncio | Exception in callback _ProactorBasePipeTransport._call_connection_lost(None)
handle: <Handle _ProactorBasePipeTransport._call_connection_lost(None)>
Traceback (most recent call last):
  File "C:\Users\Hyperbook\miniconda3\Lib\asyncio\events.py", line 88, in _run
    self._context.run(self._callback, *self._args)
  File "C:\Users\Hyperbook\miniconda3\Lib\asyncio\proactor_events.py", line 165, in _call_connection_lost
    self._sock.shutdown(socket.SHUT_RDWR)
ConnectionResetError: [WinError 10054] Istniejące połączenie zostało gwałtownie zamknięte przez zdalnego hosta
2026-04-13 19:28:25 | Process-5 | ERROR | asyncio | Exception in callback _ProactorBasePipeTransport._call_connection_lost(None)
handle: <Handle _ProactorBasePipeTransport._call_connection_lost(None)>
Traceback (most recent call last):
  File "C:\Users\Hyperbook\miniconda3\Lib\asyncio\events.py", line 88, in _run
    self._context.run(self._callback, *self._args)
  File "C:\Users\Hyperbook\miniconda3\Lib\asyncio\proactor_events.py", line 165, in _call_connection_lost
    self._sock.shutdown(socket.SHUT_RDWR)
ConnectionResetError: [WinError 10054] Istniejące połączenie zostało gwałtownie zamknięte przez zdalnego hosta
2026-04-13 19:28:25 | Process-5 | ERROR | asyncio | Exception in callback _ProactorBasePipeTransport._call_connection_lost(None)
handle: <Handle _ProactorBasePipeTransport._call_connection_lost(None)>
Traceback (most recent call last):
  File "C:\Users\Hyperbook\miniconda3\Lib\asyncio\events.py", line 88, in _run
    self._context.run(self._callback, *self._args)
  File "C:\Users\Hyperbook\miniconda3\Lib\asyncio\proactor_events.py", line 165, in _call_connection_lost
    self._sock.shutdown(socket.SHUT_RDWR)
ConnectionResetError: [WinError 10054] Istniejące połączenie zostało gwałtownie zamknięte przez zdalnego hosta
2026-04-13 19:28:25 | Process-5 | ERROR | asyncio | Exception in callback _ProactorBasePipeTransport._call_connection_lost(None)
handle: <Handle _ProactorBasePipeTransport._call_connection_lost(None)>
Traceback (most recent call last):
  File "C:\Users\Hyperbook\miniconda3\Lib\asyncio\events.py", line 88, in _run
    self._context.run(self._callback, *self._args)
  File "C:\Users\Hyperbook\miniconda3\Lib\asyncio\proactor_events.py", line 165, in _call_connection_lost
    self._sock.shutdown(socket.SHUT_RDWR)
ConnectionResetError: [WinError 10054] Istniejące połączenie zostało gwałtownie zamknięte przez zdalnego hosta
2026-04-13 19:28:26 | Process-5 | ERROR | asyncio | Exception in callback _ProactorBasePipeTransport._call_connection_lost(None)
handle: <Handle _ProactorBasePipeTransport._call_connection_lost(None)>
Traceback (most recent call last):
  File "C:\Users\Hyperbook\miniconda3\Lib\asyncio\events.py", line 88, in _run
    self._context.run(self._callback, *self._args)
  File "C:\Users\Hyperbook\miniconda3\Lib\asyncio\proactor_events.py", line 165, in _call_connection_lost
    self._sock.shutdown(socket.SHUT_RDWR)
ConnectionResetError: [WinError 10054] Istniejące połączenie zostało gwałtownie zamknięte przez zdalnego hosta
2026-04-13 19:28:28 | Process-5 | ERROR | asyncio | Exception in callback _ProactorBasePipeTransport._call_connection_lost(None)
handle: <Handle _ProactorBasePipeTransport._call_connection_lost(None)>
Traceback (most recent call last):
  File "C:\Users\Hyperbook\miniconda3\Lib\asyncio\events.py", line 88, in _run
    self._context.run(self._callback, *self._args)
  File "C:\Users\Hyperbook\miniconda3\Lib\asyncio\proactor_events.py", line 165, in _call_connection_lost
    self._sock.shutdown(socket.SHUT_RDWR)
ConnectionResetError: [WinError 10054] Istniejące połączenie zostało gwałtownie zamknięte przez zdalnego hosta
2026-04-13 19:28:29 | Process-5 | ERROR | asyncio | Exception in callback _ProactorBasePipeTransport._call_connection_lost(None)
handle: <Handle _ProactorBasePipeTransport._call_connection_lost(None)>
Traceback (most recent call last):
  File "C:\Users\Hyperbook\miniconda3\Lib\asyncio\events.py", line 88, in _run
    self._context.run(self._callback, *self._args)
  File "C:\Users\Hyperbook\miniconda3\Lib\asyncio\proactor_events.py", line 165, in _call_connection_lost
    self._sock.shutdown(socket.SHUT_RDWR)
ConnectionResetError: [WinError 10054] Istniejące połączenie zostało gwałtownie zamknięte przez zdalnego hosta
2026-04-13 19:28:29 | Process-5 | ERROR | asyncio | Exception in callback _ProactorBasePipeTransport._call_connection_lost(None)
handle: <Handle _ProactorBasePipeTransport._call_connection_lost(None)>
Traceback (most recent call last):
  File "C:\Users\Hyperbook\miniconda3\Lib\asyncio\events.py", line 88, in _run
    self._context.run(self._callback, *self._args)
  File "C:\Users\Hyperbook\miniconda3\Lib\asyncio\proactor_events.py", line 165, in _call_connection_lost
    self._sock.shutdown(socket.SHUT_RDWR)
ConnectionResetError: [WinError 10054] Istniejące połączenie zostało gwałtownie zamknięte przez zdalnego hosta
2026-04-13 19:28:30 | Process-5 | ERROR | asyncio | Exception in callback _ProactorBasePipeTransport._call_connection_lost(None)
handle: <Handle _ProactorBasePipeTransport._call_connection_lost(None)>
Traceback (most recent call last):
  File "C:\Users\Hyperbook\miniconda3\Lib\asyncio\events.py", line 88, in _run
    self._context.run(self._callback, *self._args)
  File "C:\Users\Hyperbook\miniconda3\Lib\asyncio\proactor_events.py", line 165, in _call_connection_lost
    self._sock.shutdown(socket.SHUT_RDWR)
ConnectionResetError: [WinError 10054] Istniejące połączenie zostało gwałtownie zamknięte przez zdalnego hosta
2026-04-13 19:28:30 | Process-5 | ERROR | asyncio | Exception in callback _ProactorBasePipeTransport._call_connection_lost(None)
handle: <Handle _ProactorBasePipeTransport._call_connection_lost(None)>
Traceback (most recent call last):
  File "C:\Users\Hyperbook\miniconda3\Lib\asyncio\events.py", line 88, in _run
    self._context.run(self._callback, *self._args)
  File "C:\Users\Hyperbook\miniconda3\Lib\asyncio\proactor_events.py", line 165, in _call_connection_lost
    self._sock.shutdown(socket.SHUT_RDWR)
ConnectionResetError: [WinError 10054] Istniejące połączenie zostało gwałtownie zamknięte przez zdalnego hosta
2026-04-13 19:28:31 | Process-5 | ERROR | asyncio | Exception in callback _ProactorBasePipeTransport._call_connection_lost(None)
handle: <Handle _ProactorBasePipeTransport._call_connection_lost(None)>
Traceback (most recent call last):
  File "C:\Users\Hyperbook\miniconda3\Lib\asyncio\events.py", line 88, in _run
    self._context.run(self._callback, *self._args)
  File "C:\Users\Hyperbook\miniconda3\Lib\asyncio\proactor_events.py", line 165, in _call_connection_lost
    self._sock.shutdown(socket.SHUT_RDWR)
ConnectionResetError: [WinError 10054] Istniejące połączenie zostało gwałtownie zamknięte przez zdalnego hosta
2026-04-13 19:28:34 | Process-5 | ERROR | asyncio | Exception in callback _ProactorBasePipeTransport._call_connection_lost(None)
handle: <Handle _ProactorBasePipeTransport._call_connection_lost(None)>
Traceback (most recent call last):
  File "C:\Users\Hyperbook\miniconda3\Lib\asyncio\events.py", line 88, in _run
    self._context.run(self._callback, *self._args)
  File "C:\Users\Hyperbook\miniconda3\Lib\asyncio\proactor_events.py", line 165, in _call_connection_lost
    self._sock.shutdown(socket.SHUT_RDWR)
ConnectionResetError: [WinError 10054] Istniejące połączenie zostało gwałtownie zamknięte przez zdalnego hosta
2026-04-13 19:28:35 | Process-5 | ERROR | asyncio | Exception in callback _ProactorBasePipeTransport._call_connection_lost(None)
handle: <Handle _ProactorBasePipeTransport._call_connection_lost(None)>
Traceback (most recent call last):
  File "C:\Users\Hyperbook\miniconda3\Lib\asyncio\events.py", line 88, in _run
    self._context.run(self._callback, *self._args)
  File "C:\Users\Hyperbook\miniconda3\Lib\asyncio\proactor_events.py", line 165, in _call_connection_lost
    self._sock.shutdown(socket.SHUT_RDWR)
ConnectionResetError: [WinError 10054] Istniejące połączenie zostało gwałtownie zamknięte przez zdalnego hosta
2026-04-13 19:28:36 | Process-5 | ERROR | asyncio | Exception in callback _ProactorBasePipeTransport._call_connection_lost(None)
handle: <Handle _ProactorBasePipeTransport._call_connection_lost(None)>
Traceback (most recent call last):
  File "C:\Users\Hyperbook\miniconda3\Lib\asyncio\events.py", line 88, in _run
    self._context.run(self._callback, *self._args)
  File "C:\Users\Hyperbook\miniconda3\Lib\asyncio\proactor_events.py", line 165, in _call_connection_lost
    self._sock.shutdown(socket.SHUT_RDWR)
ConnectionResetError: [WinError 10054] Istniejące połączenie zostało gwałtownie zamknięte przez zdalnego hosta
2026-04-13 19:28:38 | Process-5 | ERROR | asyncio | Exception in callback _ProactorBasePipeTransport._call_connection_lost(None)
handle: <Handle _ProactorBasePipeTransport._call_connection_lost(None)>
Traceback (most recent call last):
  File "C:\Users\Hyperbook\miniconda3\Lib\asyncio\events.py", line 88, in _run
    self._context.run(self._callback, *self._args)
  File "C:\Users\Hyperbook\miniconda3\Lib\asyncio\proactor_events.py", line 165, in _call_connection_lost
    self._sock.shutdown(socket.SHUT_RDWR)
ConnectionResetError: [WinError 10054] Istniejące połączenie zostało gwałtownie zamknięte przez zdalnego hosta
2026-04-13 19:28:44 | Process-5 | ERROR | asyncio | Exception in callback _ProactorBasePipeTransport._call_connection_lost(None)
handle: <Handle _ProactorBasePipeTransport._call_connection_lost(None)>
Traceback (most recent call last):
  File "C:\Users\Hyperbook\miniconda3\Lib\asyncio\events.py", line 88, in _run
    self._context.run(self._callback, *self._args)
  File "C:\Users\Hyperbook\miniconda3\Lib\asyncio\proactor_events.py", line 165, in _call_connection_lost
    self._sock.shutdown(socket.SHUT_RDWR)
ConnectionResetError: [WinError 10054] Istniejące połączenie zostało gwałtownie zamknięte przez zdalnego hosta
2026-04-13 19:28:45 | Process-5 | ERROR | asyncio | Exception in callback _ProactorBasePipeTransport._call_connection_lost(None)
handle: <Handle _ProactorBasePipeTransport._call_connection_lost(None)>
Traceback (most recent call last):
  File "C:\Users\Hyperbook\miniconda3\Lib\asyncio\events.py", line 88, in _run
    self._context.run(self._callback, *self._args)
  File "C:\Users\Hyperbook\miniconda3\Lib\asyncio\proactor_events.py", line 165, in _call_connection_lost
    self._sock.shutdown(socket.SHUT_RDWR)
ConnectionResetError: [WinError 10054] Istniejące połączenie zostało gwałtownie zamknięte przez zdalnego hosta
2026-04-13 19:28:45 | Process-5 | ERROR | asyncio | Exception in callback _ProactorBasePipeTransport._call_connection_lost(None)
handle: <Handle _ProactorBasePipeTransport._call_connection_lost(None)>
Traceback (most recent call last):
  File "C:\Users\Hyperbook\miniconda3\Lib\asyncio\events.py", line 88, in _run
    self._context.run(self._callback, *self._args)
  File "C:\Users\Hyperbook\miniconda3\Lib\asyncio\proactor_events.py", line 165, in _call_connection_lost
    self._sock.shutdown(socket.SHUT_RDWR)
ConnectionResetError: [WinError 10054] Istniejące połączenie zostało gwałtownie zamknięte przez zdalnego hosta
2026-04-13 19:28:46 | Process-5 | ERROR | asyncio | Exception in callback _ProactorBasePipeTransport._call_connection_lost(None)
handle: <Handle _ProactorBasePipeTransport._call_connection_lost(None)>
Traceback (most recent call last):
  File "C:\Users\Hyperbook\miniconda3\Lib\asyncio\events.py", line 88, in _run
    self._context.run(self._callback, *self._args)
  File "C:\Users\Hyperbook\miniconda3\Lib\asyncio\proactor_events.py", line 165, in _call_connection_lost
    self._sock.shutdown(socket.SHUT_RDWR)
ConnectionResetError: [WinError 10054] Istniejące połączenie zostało gwałtownie zamknięte przez zdalnego hosta
2026-04-13 19:28:48 | Process-5 | ERROR | asyncio | Exception in callback _ProactorBasePipeTransport._call_connection_lost(None)
handle: <Handle _ProactorBasePipeTransport._call_connection_lost(None)>
Traceback (most recent call last):
  File "C:\Users\Hyperbook\miniconda3\Lib\asyncio\events.py", line 88, in _run
    self._context.run(self._callback, *self._args)
  File "C:\Users\Hyperbook\miniconda3\Lib\asyncio\proactor_events.py", line 165, in _call_connection_lost
    self._sock.shutdown(socket.SHUT_RDWR)
ConnectionResetError: [WinError 10054] Istniejące połączenie zostało gwałtownie zamknięte przez zdalnego hosta
2026-04-13 19:28:51 | Process-5 | ERROR | asyncio | Exception in callback _ProactorBasePipeTransport._call_connection_lost(None)
handle: <Handle _ProactorBasePipeTransport._call_connection_lost(None)>
Traceback (most recent call last):
  File "C:\Users\Hyperbook\miniconda3\Lib\asyncio\events.py", line 88, in _run
    self._context.run(self._callback, *self._args)
  File "C:\Users\Hyperbook\miniconda3\Lib\asyncio\proactor_events.py", line 165, in _call_connection_lost
    self._sock.shutdown(socket.SHUT_RDWR)
ConnectionResetError: [WinError 10054] Istniejące połączenie zostało gwałtownie zamknięte przez zdalnego hosta
2026-04-13 19:28:51 | Process-5 | ERROR | asyncio | Exception in callback _ProactorBasePipeTransport._call_connection_lost(None)
handle: <Handle _ProactorBasePipeTransport._call_connection_lost(None)>
Traceback (most recent call last):
  File "C:\Users\Hyperbook\miniconda3\Lib\asyncio\events.py", line 88, in _run
    self._context.run(self._callback, *self._args)
  File "C:\Users\Hyperbook\miniconda3\Lib\asyncio\proactor_events.py", line 165, in _call_connection_lost
    self._sock.shutdown(socket.SHUT_RDWR)
ConnectionResetError: [WinError 10054] Istniejące połączenie zostało gwałtownie zamknięte przez zdalnego hosta
2026-04-13 19:28:51 | Process-5 | ERROR | asyncio | Exception in callback _ProactorBasePipeTransport._call_connection_lost(None)
handle: <Handle _ProactorBasePipeTransport._call_connection_lost(None)>
Traceback (most recent call last):
  File "C:\Users\Hyperbook\miniconda3\Lib\asyncio\events.py", line 88, in _run
    self._context.run(self._callback, *self._args)
  File "C:\Users\Hyperbook\miniconda3\Lib\asyncio\proactor_events.py", line 165, in _call_connection_lost
    self._sock.shutdown(socket.SHUT_RDWR)
ConnectionResetError: [WinError 10054] Istniejące połączenie zostało gwałtownie zamknięte przez zdalnego hosta
2026-04-13 19:28:54 | Process-5 | ERROR | asyncio | Exception in callback _ProactorBasePipeTransport._call_connection_lost(None)
handle: <Handle _ProactorBasePipeTransport._call_connection_lost(None)>
Traceback (most recent call last):
  File "C:\Users\Hyperbook\miniconda3\Lib\asyncio\events.py", line 88, in _run
    self._context.run(self._callback, *self._args)
  File "C:\Users\Hyperbook\miniconda3\Lib\asyncio\proactor_events.py", line 165, in _call_connection_lost
    self._sock.shutdown(socket.SHUT_RDWR)
ConnectionResetError: [WinError 10054] Istniejące połączenie zostało gwałtownie zamknięte przez zdalnego hosta
2026-04-13 19:28:56 | Process-5 | ERROR | asyncio | Exception in callback _ProactorBasePipeTransport._call_connection_lost(None)
handle: <Handle _ProactorBasePipeTransport._call_connection_lost(None)>
Traceback (most recent call last):
  File "C:\Users\Hyperbook\miniconda3\Lib\asyncio\events.py", line 88, in _run
    self._context.run(self._callback, *self._args)
  File "C:\Users\Hyperbook\miniconda3\Lib\asyncio\proactor_events.py", line 165, in _call_connection_lost
    self._sock.shutdown(socket.SHUT_RDWR)
ConnectionResetError: [WinError 10054] Istniejące połączenie zostało gwałtownie zamknięte przez zdalnego hosta
2026-04-13 19:28:57 | Process-5 | ERROR | asyncio | Exception in callback _ProactorBasePipeTransport._call_connection_lost(None)
handle: <Handle _ProactorBasePipeTransport._call_connection_lost(None)>
Traceback (most recent call last):
  File "C:\Users\Hyperbook\miniconda3\Lib\asyncio\events.py", line 88, in _run
    self._context.run(self._callback, *self._args)
  File "C:\Users\Hyperbook\miniconda3\Lib\asyncio\proactor_events.py", line 165, in _call_connection_lost
    self._sock.shutdown(socket.SHUT_RDWR)
ConnectionResetError: [WinError 10054] Istniejące połączenie zostało gwałtownie zamknięte przez zdalnego hosta
2026-04-13 19:28:58 | Process-5 | ERROR | asyncio | Exception in callback _ProactorBasePipeTransport._call_connection_lost(None)
handle: <Handle _ProactorBasePipeTransport._call_connection_lost(None)>
Traceback (most recent call last):
  File "C:\Users\Hyperbook\miniconda3\Lib\asyncio\events.py", line 88, in _run
    self._context.run(self._callback, *self._args)
  File "C:\Users\Hyperbook\miniconda3\Lib\asyncio\proactor_events.py", line 165, in _call_connection_lost
    self._sock.shutdown(socket.SHUT_RDWR)
ConnectionResetError: [WinError 10054] Istniejące połączenie zostało gwałtownie zamknięte przez zdalnego hosta
2026-04-13 19:28:58 | Process-5 | ERROR | asyncio | Exception in callback _ProactorBasePipeTransport._call_connection_lost(None)
handle: <Handle _ProactorBasePipeTransport._call_connection_lost(None)>
Traceback (most recent call last):
  File "C:\Users\Hyperbook\miniconda3\Lib\asyncio\events.py", line 88, in _run
    self._context.run(self._callback, *self._args)
  File "C:\Users\Hyperbook\miniconda3\Lib\asyncio\proactor_events.py", line 165, in _call_connection_lost
    self._sock.shutdown(socket.SHUT_RDWR)
ConnectionResetError: [WinError 10054] Istniejące połączenie zostało gwałtownie zamknięte przez zdalnego hosta
2026-04-13 19:28:58 | Process-5 | ERROR | asyncio | Exception in callback _ProactorBasePipeTransport._call_connection_lost(None)
handle: <Handle _ProactorBasePipeTransport._call_connection_lost(None)>
Traceback (most recent call last):
  File "C:\Users\Hyperbook\miniconda3\Lib\asyncio\events.py", line 88, in _run
    self._context.run(self._callback, *self._args)
  File "C:\Users\Hyperbook\miniconda3\Lib\asyncio\proactor_events.py", line 165, in _call_connection_lost
    self._sock.shutdown(socket.SHUT_RDWR)
ConnectionResetError: [WinError 10054] Istniejące połączenie zostało gwałtownie zamknięte przez zdalnego hosta
2026-04-13 19:29:01 | Process-5 | ERROR | asyncio | Exception in callback _ProactorBasePipeTransport._call_connection_lost(None)
handle: <Handle _ProactorBasePipeTransport._call_connection_lost(None)>
Traceback (most recent call last):
  File "C:\Users\Hyperbook\miniconda3\Lib\asyncio\events.py", line 88, in _run
    self._context.run(self._callback, *self._args)
  File "C:\Users\Hyperbook\miniconda3\Lib\asyncio\proactor_events.py", line 165, in _call_connection_lost
    self._sock.shutdown(socket.SHUT_RDWR)
ConnectionResetError: [WinError 10054] Istniejące połączenie zostało gwałtownie zamknięte przez zdalnego hosta
2026-04-13 19:29:03 | Process-5 | ERROR | asyncio | Exception in callback _ProactorBasePipeTransport._call_connection_lost(None)
handle: <Handle _ProactorBasePipeTransport._call_connection_lost(None)>
Traceback (most recent call last):
  File "C:\Users\Hyperbook\miniconda3\Lib\asyncio\events.py", line 88, in _run
    self._context.run(self._callback, *self._args)
  File "C:\Users\Hyperbook\miniconda3\Lib\asyncio\proactor_events.py", line 165, in _call_connection_lost
    self._sock.shutdown(socket.SHUT_RDWR)
ConnectionResetError: [WinError 10054] Istniejące połączenie zostało gwałtownie zamknięte przez zdalnego hosta
2026-04-13 19:29:03 | Process-5 | ERROR | asyncio | Exception in callback _ProactorBasePipeTransport._call_connection_lost(None)
handle: <Handle _ProactorBasePipeTransport._call_connection_lost(None)>
Traceback (most recent call last):
  File "C:\Users\Hyperbook\miniconda3\Lib\asyncio\events.py", line 88, in _run
    self._context.run(self._callback, *self._args)
  File "C:\Users\Hyperbook\miniconda3\Lib\asyncio\proactor_events.py", line 165, in _call_connection_lost
    self._sock.shutdown(socket.SHUT_RDWR)
ConnectionResetError: [WinError 10054] Istniejące połączenie zostało gwałtownie zamknięte przez zdalnego hosta
2026-04-13 19:29:04 | Process-5 | ERROR | asyncio | Exception in callback _ProactorBasePipeTransport._call_connection_lost(None)
handle: <Handle _ProactorBasePipeTransport._call_connection_lost(None)>
Traceback (most recent call last):
  File "C:\Users\Hyperbook\miniconda3\Lib\asyncio\events.py", line 88, in _run
    self._context.run(self._callback, *self._args)
  File "C:\Users\Hyperbook\miniconda3\Lib\asyncio\proactor_events.py", line 165, in _call_connection_lost
    self._sock.shutdown(socket.SHUT_RDWR)
ConnectionResetError: [WinError 10054] Istniejące połączenie zostało gwałtownie zamknięte przez zdalnego hosta
2026-04-13 19:29:05 | Process-5 | ERROR | asyncio | Exception in callback _ProactorBasePipeTransport._call_connection_lost(None)
handle: <Handle _ProactorBasePipeTransport._call_connection_lost(None)>
Traceback (most recent call last):
  File "C:\Users\Hyperbook\miniconda3\Lib\asyncio\events.py", line 88, in _run
    self._context.run(self._callback, *self._args)
  File "C:\Users\Hyperbook\miniconda3\Lib\asyncio\proactor_events.py", line 165, in _call_connection_lost
    self._sock.shutdown(socket.SHUT_RDWR)
ConnectionResetError: [WinError 10054] Istniejące połączenie zostało gwałtownie zamknięte przez zdalnego hosta
2026-04-13 19:29:06 | Process-5 | ERROR | asyncio | Exception in callback _ProactorBasePipeTransport._call_connection_lost(None)
handle: <Handle _ProactorBasePipeTransport._call_connection_lost(None)>
Traceback (most recent call last):
  File "C:\Users\Hyperbook\miniconda3\Lib\asyncio\events.py", line 88, in _run
    self._context.run(self._callback, *self._args)
  File "C:\Users\Hyperbook\miniconda3\Lib\asyncio\proactor_events.py", line 165, in _call_connection_lost
    self._sock.shutdown(socket.SHUT_RDWR)
ConnectionResetError: [WinError 10054] Istniejące połączenie zostało gwałtownie zamknięte przez zdalnego hosta
2026-04-13 19:29:07 | Process-5 | ERROR | asyncio | Exception in callback _ProactorBasePipeTransport._call_connection_lost(None)
handle: <Handle _ProactorBasePipeTransport._call_connection_lost(None)>
Traceback (most recent call last):
  File "C:\Users\Hyperbook\miniconda3\Lib\asyncio\events.py", line 88, in _run
    self._context.run(self._callback, *self._args)
  File "C:\Users\Hyperbook\miniconda3\Lib\asyncio\proactor_events.py", line 165, in _call_connection_lost
    self._sock.shutdown(socket.SHUT_RDWR)
ConnectionResetError: [WinError 10054] Istniejące połączenie zostało gwałtownie zamknięte przez zdalnego hosta
2026-04-13 19:29:08 | Process-5 | ERROR | asyncio | Exception in callback _ProactorBasePipeTransport._call_connection_lost(None)
handle: <Handle _ProactorBasePipeTransport._call_connection_lost(None)>
Traceback (most recent call last):
  File "C:\Users\Hyperbook\miniconda3\Lib\asyncio\events.py", line 88, in _run
    self._context.run(self._callback, *self._args)
  File "C:\Users\Hyperbook\miniconda3\Lib\asyncio\proactor_events.py", line 165, in _call_connection_lost
    self._sock.shutdown(socket.SHUT_RDWR)
ConnectionResetError: [WinError 10054] Istniejące połączenie zostało gwałtownie zamknięte przez zdalnego hosta
2026-04-13 19:29:12 | Process-5 | ERROR | asyncio | Exception in callback _ProactorBasePipeTransport._call_connection_lost(None)
handle: <Handle _ProactorBasePipeTransport._call_connection_lost(None)>
Traceback (most recent call last):
  File "C:\Users\Hyperbook\miniconda3\Lib\asyncio\events.py", line 88, in _run
    self._context.run(self._callback, *self._args)
  File "C:\Users\Hyperbook\miniconda3\Lib\asyncio\proactor_events.py", line 165, in _call_connection_lost
    self._sock.shutdown(socket.SHUT_RDWR)
ConnectionResetError: [WinError 10054] Istniejące połączenie zostało gwałtownie zamknięte przez zdalnego hosta
2026-04-13 19:29:12 | Process-5 | ERROR | asyncio | Exception in callback _ProactorBasePipeTransport._call_connection_lost(None)
handle: <Handle _ProactorBasePipeTransport._call_connection_lost(None)>
Traceback (most recent call last):
  File "C:\Users\Hyperbook\miniconda3\Lib\asyncio\events.py", line 88, in _run
    self._context.run(self._callback, *self._args)
  File "C:\Users\Hyperbook\miniconda3\Lib\asyncio\proactor_events.py", line 165, in _call_connection_lost
    self._sock.shutdown(socket.SHUT_RDWR)
ConnectionResetError: [WinError 10054] Istniejące połączenie zostało gwałtownie zamknięte przez zdalnego hosta
2026-04-13 19:29:13 | Process-5 | ERROR | asyncio | Exception in callback _ProactorBasePipeTransport._call_connection_lost(None)
handle: <Handle _ProactorBasePipeTransport._call_connection_lost(None)>
Traceback (most recent call last):
  File "C:\Users\Hyperbook\miniconda3\Lib\asyncio\events.py", line 88, in _run
    self._context.run(self._callback, *self._args)
  File "C:\Users\Hyperbook\miniconda3\Lib\asyncio\proactor_events.py", line 165, in _call_connection_lost
    self._sock.shutdown(socket.SHUT_RDWR)
ConnectionResetError: [WinError 10054] Istniejące połączenie zostało gwałtownie zamknięte przez zdalnego hosta
2026-04-13 19:29:14 | Process-5 | ERROR | asyncio | Exception in callback _ProactorBasePipeTransport._call_connection_lost(None)
handle: <Handle _ProactorBasePipeTransport._call_connection_lost(None)>
Traceback (most recent call last):
  File "C:\Users\Hyperbook\miniconda3\Lib\asyncio\events.py", line 88, in _run
    self._context.run(self._callback, *self._args)
  File "C:\Users\Hyperbook\miniconda3\Lib\asyncio\proactor_events.py", line 165, in _call_connection_lost
    self._sock.shutdown(socket.SHUT_RDWR)
ConnectionResetError: [WinError 10054] Istniejące połączenie zostało gwałtownie zamknięte przez zdalnego hosta
2026-04-13 19:29:16 | Process-5 | ERROR | asyncio | Exception in callback _ProactorBasePipeTransport._call_connection_lost(None)
handle: <Handle _ProactorBasePipeTransport._call_connection_lost(None)>
Traceback (most recent call last):
  File "C:\Users\Hyperbook\miniconda3\Lib\asyncio\events.py", line 88, in _run
    self._context.run(self._callback, *self._args)
  File "C:\Users\Hyperbook\miniconda3\Lib\asyncio\proactor_events.py", line 165, in _call_connection_lost
    self._sock.shutdown(socket.SHUT_RDWR)
ConnectionResetError: [WinError 10054] Istniejące połączenie zostało gwałtownie zamknięte przez zdalnego hosta
2026-04-13 19:29:17 | Process-5 | ERROR | asyncio | Exception in callback _ProactorBasePipeTransport._call_connection_lost(None)
handle: <Handle _ProactorBasePipeTransport._call_connection_lost(None)>
Traceback (most recent call last):
  File "C:\Users\Hyperbook\miniconda3\Lib\asyncio\events.py", line 88, in _run
    self._context.run(self._callback, *self._args)
  File "C:\Users\Hyperbook\miniconda3\Lib\asyncio\proactor_events.py", line 165, in _call_connection_lost
    self._sock.shutdown(socket.SHUT_RDWR)
ConnectionResetError: [WinError 10054] Istniejące połączenie zostało gwałtownie zamknięte przez zdalnego hosta
2026-04-13 19:29:19 | Process-5 | ERROR | asyncio | Exception in callback _ProactorBasePipeTransport._call_connection_lost(None)
handle: <Handle _ProactorBasePipeTransport._call_connection_lost(None)>
Traceback (most recent call last):
  File "C:\Users\Hyperbook\miniconda3\Lib\asyncio\events.py", line 88, in _run
    self._context.run(self._callback, *self._args)
  File "C:\Users\Hyperbook\miniconda3\Lib\asyncio\proactor_events.py", line 165, in _call_connection_lost
    self._sock.shutdown(socket.SHUT_RDWR)
ConnectionResetError: [WinError 10054] Istniejące połączenie zostało gwałtownie zamknięte przez zdalnego hosta
2026-04-13 19:29:22 | Process-5 | ERROR | asyncio | Exception in callback _ProactorBasePipeTransport._call_connection_lost(None)
handle: <Handle _ProactorBasePipeTransport._call_connection_lost(None)>
Traceback (most recent call last):
  File "C:\Users\Hyperbook\miniconda3\Lib\asyncio\events.py", line 88, in _run
    self._context.run(self._callback, *self._args)
  File "C:\Users\Hyperbook\miniconda3\Lib\asyncio\proactor_events.py", line 165, in _call_connection_lost
    self._sock.shutdown(socket.SHUT_RDWR)
ConnectionResetError: [WinError 10054] Istniejące połączenie zostało gwałtownie zamknięte przez zdalnego hosta
2026-04-13 19:29:22 | Process-5 | ERROR | asyncio | Exception in callback _ProactorBasePipeTransport._call_connection_lost(None)
handle: <Handle _ProactorBasePipeTransport._call_connection_lost(None)>
Traceback (most recent call last):
  File "C:\Users\Hyperbook\miniconda3\Lib\asyncio\events.py", line 88, in _run
    self._context.run(self._callback, *self._args)
  File "C:\Users\Hyperbook\miniconda3\Lib\asyncio\proactor_events.py", line 165, in _call_connection_lost
    self._sock.shutdown(socket.SHUT_RDWR)
ConnectionResetError: [WinError 10054] Istniejące połączenie zostało gwałtownie zamknięte przez zdalnego hosta
2026-04-13 19:29:24 | Process-5 | ERROR | asyncio | Exception in callback _ProactorBasePipeTransport._call_connection_lost(None)
handle: <Handle _ProactorBasePipeTransport._call_connection_lost(None)>
Traceback (most recent call last):
  File "C:\Users\Hyperbook\miniconda3\Lib\asyncio\events.py", line 88, in _run
    self._context.run(self._callback, *self._args)
  File "C:\Users\Hyperbook\miniconda3\Lib\asyncio\proactor_events.py", line 165, in _call_connection_lost
    self._sock.shutdown(socket.SHUT_RDWR)
ConnectionResetError: [WinError 10054] Istniejące połączenie zostało gwałtownie zamknięte przez zdalnego hosta
2026-04-13 19:29:24 | Process-5 | ERROR | asyncio | Exception in callback _ProactorBasePipeTransport._call_connection_lost(None)
handle: <Handle _ProactorBasePipeTransport._call_connection_lost(None)>
Traceback (most recent call last):
  File "C:\Users\Hyperbook\miniconda3\Lib\asyncio\events.py", line 88, in _run
    self._context.run(self._callback, *self._args)
  File "C:\Users\Hyperbook\miniconda3\Lib\asyncio\proactor_events.py", line 165, in _call_connection_lost
    self._sock.shutdown(socket.SHUT_RDWR)
ConnectionResetError: [WinError 10054] Istniejące połączenie zostało gwałtownie zamknięte przez zdalnego hosta
2026-04-13 19:29:24 | Process-5 | ERROR | asyncio | Exception in callback _ProactorBasePipeTransport._call_connection_lost(None)
handle: <Handle _ProactorBasePipeTransport._call_connection_lost(None)>
Traceback (most recent call last):
  File "C:\Users\Hyperbook\miniconda3\Lib\asyncio\events.py", line 88, in _run
    self._context.run(self._callback, *self._args)
  File "C:\Users\Hyperbook\miniconda3\Lib\asyncio\proactor_events.py", line 165, in _call_connection_lost
    self._sock.shutdown(socket.SHUT_RDWR)
ConnectionResetError: [WinError 10054] Istniejące połączenie zostało gwałtownie zamknięte przez zdalnego hosta
2026-04-13 19:29:24 | Process-5 | ERROR | asyncio | Exception in callback _ProactorBasePipeTransport._call_connection_lost(None)
handle: <Handle _ProactorBasePipeTransport._call_connection_lost(None)>
Traceback (most recent call last):
  File "C:\Users\Hyperbook\miniconda3\Lib\asyncio\events.py", line 88, in _run
    self._context.run(self._callback, *self._args)
  File "C:\Users\Hyperbook\miniconda3\Lib\asyncio\proactor_events.py", line 165, in _call_connection_lost
    self._sock.shutdown(socket.SHUT_RDWR)
ConnectionResetError: [WinError 10054] Istniejące połączenie zostało gwałtownie zamknięte przez zdalnego hosta
2026-04-13 19:29:25 | Process-5 | ERROR | asyncio | Exception in callback _ProactorBasePipeTransport._call_connection_lost(None)
handle: <Handle _ProactorBasePipeTransport._call_connection_lost(None)>
Traceback (most recent call last):
  File "C:\Users\Hyperbook\miniconda3\Lib\asyncio\events.py", line 88, in _run
    self._context.run(self._callback, *self._args)
  File "C:\Users\Hyperbook\miniconda3\Lib\asyncio\proactor_events.py", line 165, in _call_connection_lost
    self._sock.shutdown(socket.SHUT_RDWR)
ConnectionResetError: [WinError 10054] Istniejące połączenie zostało gwałtownie zamknięte przez zdalnego hosta
2026-04-13 19:29:27 | Process-5 | ERROR | asyncio | Exception in callback _ProactorBasePipeTransport._call_connection_lost(None)
handle: <Handle _ProactorBasePipeTransport._call_connection_lost(None)>
Traceback (most recent call last):
  File "C:\Users\Hyperbook\miniconda3\Lib\asyncio\events.py", line 88, in _run
    self._context.run(self._callback, *self._args)
  File "C:\Users\Hyperbook\miniconda3\Lib\asyncio\proactor_events.py", line 165, in _call_connection_lost
    self._sock.shutdown(socket.SHUT_RDWR)
ConnectionResetError: [WinError 10054] Istniejące połączenie zostało gwałtownie zamknięte przez zdalnego hosta
2026-04-13 19:29:31 | Process-5 | ERROR | asyncio | Exception in callback _ProactorBasePipeTransport._call_connection_lost(None)
handle: <Handle _ProactorBasePipeTransport._call_connection_lost(None)>
Traceback (most recent call last):
  File "C:\Users\Hyperbook\miniconda3\Lib\asyncio\events.py", line 88, in _run
    self._context.run(self._callback, *self._args)
  File "C:\Users\Hyperbook\miniconda3\Lib\asyncio\proactor_events.py", line 165, in _call_connection_lost
    self._sock.shutdown(socket.SHUT_RDWR)
ConnectionResetError: [WinError 10054] Istniejące połączenie zostało gwałtownie zamknięte przez zdalnego hosta
2026-04-13 19:29:35 | Process-5 | ERROR | asyncio | Exception in callback _ProactorBasePipeTransport._call_connection_lost(None)
handle: <Handle _ProactorBasePipeTransport._call_connection_lost(None)>
Traceback (most recent call last):
  File "C:\Users\Hyperbook\miniconda3\Lib\asyncio\events.py", line 88, in _run
    self._context.run(self._callback, *self._args)
  File "C:\Users\Hyperbook\miniconda3\Lib\asyncio\proactor_events.py", line 165, in _call_connection_lost
    self._sock.shutdown(socket.SHUT_RDWR)
ConnectionResetError: [WinError 10054] Istniejące połączenie zostało gwałtownie zamknięte przez zdalnego hosta
2026-04-13 19:29:37 | Process-5 | ERROR | asyncio | Exception in callback _ProactorBasePipeTransport._call_connection_lost(None)
handle: <Handle _ProactorBasePipeTransport._call_connection_lost(None)>
Traceback (most recent call last):
  File "C:\Users\Hyperbook\miniconda3\Lib\asyncio\events.py", line 88, in _run
    self._context.run(self._callback, *self._args)
  File "C:\Users\Hyperbook\miniconda3\Lib\asyncio\proactor_events.py", line 165, in _call_connection_lost
    self._sock.shutdown(socket.SHUT_RDWR)
ConnectionResetError: [WinError 10054] Istniejące połączenie zostało gwałtownie zamknięte przez zdalnego hosta
2026-04-13 19:29:37 | Process-5 | ERROR | asyncio | Exception in callback _ProactorBasePipeTransport._call_connection_lost(None)
handle: <Handle _ProactorBasePipeTransport._call_connection_lost(None)>
Traceback (most recent call last):
  File "C:\Users\Hyperbook\miniconda3\Lib\asyncio\events.py", line 88, in _run
    self._context.run(self._callback, *self._args)
  File "C:\Users\Hyperbook\miniconda3\Lib\asyncio\proactor_events.py", line 165, in _call_connection_lost
    self._sock.shutdown(socket.SHUT_RDWR)
ConnectionResetError: [WinError 10054] Istniejące połączenie zostało gwałtownie zamknięte przez zdalnego hosta
2026-04-13 19:29:38 | Process-5 | ERROR | asyncio | Exception in callback _ProactorBasePipeTransport._call_connection_lost(None)
handle: <Handle _ProactorBasePipeTransport._call_connection_lost(None)>
Traceback (most recent call last):
  File "C:\Users\Hyperbook\miniconda3\Lib\asyncio\events.py", line 88, in _run
    self._context.run(self._callback, *self._args)
  File "C:\Users\Hyperbook\miniconda3\Lib\asyncio\proactor_events.py", line 165, in _call_connection_lost
    self._sock.shutdown(socket.SHUT_RDWR)
ConnectionResetError: [WinError 10054] Istniejące połączenie zostało gwałtownie zamknięte przez zdalnego hosta
2026-04-13 19:29:39 | Process-5 | ERROR | asyncio | Exception in callback _ProactorBasePipeTransport._call_connection_lost(None)
handle: <Handle _ProactorBasePipeTransport._call_connection_lost(None)>
Traceback (most recent call last):
  File "C:\Users\Hyperbook\miniconda3\Lib\asyncio\events.py", line 88, in _run
    self._context.run(self._callback, *self._args)
  File "C:\Users\Hyperbook\miniconda3\Lib\asyncio\proactor_events.py", line 165, in _call_connection_lost
    self._sock.shutdown(socket.SHUT_RDWR)
ConnectionResetError: [WinError 10054] Istniejące połączenie zostało gwałtownie zamknięte przez zdalnego hosta
2026-04-13 19:29:39 | Process-5 | ERROR | asyncio | Exception in callback _ProactorBasePipeTransport._call_connection_lost(None)
handle: <Handle _ProactorBasePipeTransport._call_connection_lost(None)>
Traceback (most recent call last):
  File "C:\Users\Hyperbook\miniconda3\Lib\asyncio\events.py", line 88, in _run
    self._context.run(self._callback, *self._args)
  File "C:\Users\Hyperbook\miniconda3\Lib\asyncio\proactor_events.py", line 165, in _call_connection_lost
    self._sock.shutdown(socket.SHUT_RDWR)
ConnectionResetError: [WinError 10054] Istniejące połączenie zostało gwałtownie zamknięte przez zdalnego hosta
2026-04-13 19:29:40 | Process-5 | ERROR | asyncio | Exception in callback _ProactorBasePipeTransport._call_connection_lost(None)
handle: <Handle _ProactorBasePipeTransport._call_connection_lost(None)>
Traceback (most recent call last):
  File "C:\Users\Hyperbook\miniconda3\Lib\asyncio\events.py", line 88, in _run
    self._context.run(self._callback, *self._args)
  File "C:\Users\Hyperbook\miniconda3\Lib\asyncio\proactor_events.py", line 165, in _call_connection_lost
    self._sock.shutdown(socket.SHUT_RDWR)
ConnectionResetError: [WinError 10054] Istniejące połączenie zostało gwałtownie zamknięte przez zdalnego hosta
2026-04-13 19:29:42 | Process-5 | ERROR | asyncio | Exception in callback _ProactorBasePipeTransport._call_connection_lost(None)
handle: <Handle _ProactorBasePipeTransport._call_connection_lost(None)>
Traceback (most recent call last):
  File "C:\Users\Hyperbook\miniconda3\Lib\asyncio\events.py", line 88, in _run
    self._context.run(self._callback, *self._args)
  File "C:\Users\Hyperbook\miniconda3\Lib\asyncio\proactor_events.py", line 165, in _call_connection_lost
    self._sock.shutdown(socket.SHUT_RDWR)
ConnectionResetError: [WinError 10054] Istniejące połączenie zostało gwałtownie zamknięte przez zdalnego hosta
2026-04-13 19:29:44 | Process-5 | ERROR | asyncio | Exception in callback _ProactorBasePipeTransport._call_connection_lost(None)
handle: <Handle _ProactorBasePipeTransport._call_connection_lost(None)>
Traceback (most recent call last):
  File "C:\Users\Hyperbook\miniconda3\Lib\asyncio\events.py", line 88, in _run
    self._context.run(self._callback, *self._args)
  File "C:\Users\Hyperbook\miniconda3\Lib\asyncio\proactor_events.py", line 165, in _call_connection_lost
    self._sock.shutdown(socket.SHUT_RDWR)
ConnectionResetError: [WinError 10054] Istniejące połączenie zostało gwałtownie zamknięte przez zdalnego hosta
2026-04-13 19:29:47 | Process-5 | ERROR | asyncio | Exception in callback _ProactorBasePipeTransport._call_connection_lost(None)
handle: <Handle _ProactorBasePipeTransport._call_connection_lost(None)>
Traceback (most recent call last):
  File "C:\Users\Hyperbook\miniconda3\Lib\asyncio\events.py", line 88, in _run
    self._context.run(self._callback, *self._args)
  File "C:\Users\Hyperbook\miniconda3\Lib\asyncio\proactor_events.py", line 165, in _call_connection_lost
    self._sock.shutdown(socket.SHUT_RDWR)
ConnectionResetError: [WinError 10054] Istniejące połączenie zostało gwałtownie zamknięte przez zdalnego hosta
2026-04-13 19:29:48 | Process-5 | ERROR | asyncio | Exception in callback _ProactorBasePipeTransport._call_connection_lost(None)
handle: <Handle _ProactorBasePipeTransport._call_connection_lost(None)>
Traceback (most recent call last):
  File "C:\Users\Hyperbook\miniconda3\Lib\asyncio\events.py", line 88, in _run
    self._context.run(self._callback, *self._args)
  File "C:\Users\Hyperbook\miniconda3\Lib\asyncio\proactor_events.py", line 165, in _call_connection_lost
    self._sock.shutdown(socket.SHUT_RDWR)
ConnectionResetError: [WinError 10054] Istniejące połączenie zostało gwałtownie zamknięte przez zdalnego hosta
2026-04-13 19:29:48 | Process-5 | ERROR | asyncio | Exception in callback _ProactorBasePipeTransport._call_connection_lost(None)
handle: <Handle _ProactorBasePipeTransport._call_connection_lost(None)>
Traceback (most recent call last):
  File "C:\Users\Hyperbook\miniconda3\Lib\asyncio\events.py", line 88, in _run
    self._context.run(self._callback, *self._args)
  File "C:\Users\Hyperbook\miniconda3\Lib\asyncio\proactor_events.py", line 165, in _call_connection_lost
    self._sock.shutdown(socket.SHUT_RDWR)
ConnectionResetError: [WinError 10054] Istniejące połączenie zostało gwałtownie zamknięte przez zdalnego hosta
2026-04-13 19:29:48 | Process-5 | ERROR | asyncio | Exception in callback _ProactorBasePipeTransport._call_connection_lost(None)
handle: <Handle _ProactorBasePipeTransport._call_connection_lost(None)>
Traceback (most recent call last):
  File "C:\Users\Hyperbook\miniconda3\Lib\asyncio\events.py", line 88, in _run
    self._context.run(self._callback, *self._args)
  File "C:\Users\Hyperbook\miniconda3\Lib\asyncio\proactor_events.py", line 165, in _call_connection_lost
    self._sock.shutdown(socket.SHUT_RDWR)
ConnectionResetError: [WinError 10054] Istniejące połączenie zostało gwałtownie zamknięte przez zdalnego hosta
2026-04-13 19:29:49 | Process-5 | ERROR | asyncio | Exception in callback _ProactorBasePipeTransport._call_connection_lost(None)
handle: <Handle _ProactorBasePipeTransport._call_connection_lost(None)>
Traceback (most recent call last):
  File "C:\Users\Hyperbook\miniconda3\Lib\asyncio\events.py", line 88, in _run
    self._context.run(self._callback, *self._args)
  File "C:\Users\Hyperbook\miniconda3\Lib\asyncio\proactor_events.py", line 165, in _call_connection_lost
    self._sock.shutdown(socket.SHUT_RDWR)
ConnectionResetError: [WinError 10054] Istniejące połączenie zostało gwałtownie zamknięte przez zdalnego hosta
2026-04-13 19:29:49 | Process-5 | ERROR | asyncio | Exception in callback _ProactorBasePipeTransport._call_connection_lost(None)
handle: <Handle _ProactorBasePipeTransport._call_connection_lost(None)>
Traceback (most recent call last):
  File "C:\Users\Hyperbook\miniconda3\Lib\asyncio\events.py", line 88, in _run
    self._context.run(self._callback, *self._args)
  File "C:\Users\Hyperbook\miniconda3\Lib\asyncio\proactor_events.py", line 165, in _call_connection_lost
    self._sock.shutdown(socket.SHUT_RDWR)
ConnectionResetError: [WinError 10054] Istniejące połączenie zostało gwałtownie zamknięte przez zdalnego hosta
2026-04-13 19:29:50 | Process-5 | ERROR | asyncio | Exception in callback _ProactorBasePipeTransport._call_connection_lost(None)
handle: <Handle _ProactorBasePipeTransport._call_connection_lost(None)>
Traceback (most recent call last):
  File "C:\Users\Hyperbook\miniconda3\Lib\asyncio\events.py", line 88, in _run
    self._context.run(self._callback, *self._args)
  File "C:\Users\Hyperbook\miniconda3\Lib\asyncio\proactor_events.py", line 165, in _call_connection_lost
    self._sock.shutdown(socket.SHUT_RDWR)
ConnectionResetError: [WinError 10054] Istniejące połączenie zostało gwałtownie zamknięte przez zdalnego hosta
2026-04-13 19:29:50 | Process-5 | ERROR | asyncio | Exception in callback _ProactorBasePipeTransport._call_connection_lost(None)
handle: <Handle _ProactorBasePipeTransport._call_connection_lost(None)>
Traceback (most recent call last):
  File "C:\Users\Hyperbook\miniconda3\Lib\asyncio\events.py", line 88, in _run
    self._context.run(self._callback, *self._args)
  File "C:\Users\Hyperbook\miniconda3\Lib\asyncio\proactor_events.py", line 165, in _call_connection_lost
    self._sock.shutdown(socket.SHUT_RDWR)
ConnectionResetError: [WinError 10054] Istniejące połączenie zostało gwałtownie zamknięte przez zdalnego hosta
2026-04-13 19:29:50 | Process-5 | ERROR | asyncio | Exception in callback _ProactorBasePipeTransport._call_connection_lost(None)
handle: <Handle _ProactorBasePipeTransport._call_connection_lost(None)>
Traceback (most recent call last):
  File "C:\Users\Hyperbook\miniconda3\Lib\asyncio\events.py", line 88, in _run
    self._context.run(self._callback, *self._args)
  File "C:\Users\Hyperbook\miniconda3\Lib\asyncio\proactor_events.py", line 165, in _call_connection_lost
    self._sock.shutdown(socket.SHUT_RDWR)
ConnectionResetError: [WinError 10054] Istniejące połączenie zostało gwałtownie zamknięte przez zdalnego hosta
2026-04-13 19:29:50 | Process-5 | ERROR | asyncio | Exception in callback _ProactorBasePipeTransport._call_connection_lost(None)
handle: <Handle _ProactorBasePipeTransport._call_connection_lost(None)>
Traceback (most recent call last):
  File "C:\Users\Hyperbook\miniconda3\Lib\asyncio\events.py", line 88, in _run
    self._context.run(self._callback, *self._args)
  File "C:\Users\Hyperbook\miniconda3\Lib\asyncio\proactor_events.py", line 165, in _call_connection_lost
    self._sock.shutdown(socket.SHUT_RDWR)
ConnectionResetError: [WinError 10054] Istniejące połączenie zostało gwałtownie zamknięte przez zdalnego hosta
2026-04-13 19:29:51 | Process-5 | ERROR | asyncio | Exception in callback _ProactorBasePipeTransport._call_connection_lost(None)
handle: <Handle _ProactorBasePipeTransport._call_connection_lost(None)>
Traceback (most recent call last):
  File "C:\Users\Hyperbook\miniconda3\Lib\asyncio\events.py", line 88, in _run
    self._context.run(self._callback, *self._args)
  File "C:\Users\Hyperbook\miniconda3\Lib\asyncio\proactor_events.py", line 165, in _call_connection_lost
    self._sock.shutdown(socket.SHUT_RDWR)
ConnectionResetError: [WinError 10054] Istniejące połączenie zostało gwałtownie zamknięte przez zdalnego hosta
2026-04-13 19:29:52 | Process-5 | ERROR | asyncio | Exception in callback _ProactorBasePipeTransport._call_connection_lost(None)
handle: <Handle _ProactorBasePipeTransport._call_connection_lost(None)>
Traceback (most recent call last):
  File "C:\Users\Hyperbook\miniconda3\Lib\asyncio\events.py", line 88, in _run
    self._context.run(self._callback, *self._args)
  File "C:\Users\Hyperbook\miniconda3\Lib\asyncio\proactor_events.py", line 165, in _call_connection_lost
    self._sock.shutdown(socket.SHUT_RDWR)
ConnectionResetError: [WinError 10054] Istniejące połączenie zostało gwałtownie zamknięte przez zdalnego hosta
2026-04-13 19:29:52 | Process-5 | ERROR | asyncio | Exception in callback _ProactorBasePipeTransport._call_connection_lost(None)
handle: <Handle _ProactorBasePipeTransport._call_connection_lost(None)>
Traceback (most recent call last):
  File "C:\Users\Hyperbook\miniconda3\Lib\asyncio\events.py", line 88, in _run
    self._context.run(self._callback, *self._args)
  File "C:\Users\Hyperbook\miniconda3\Lib\asyncio\proactor_events.py", line 165, in _call_connection_lost
    self._sock.shutdown(socket.SHUT_RDWR)
ConnectionResetError: [WinError 10054] Istniejące połączenie zostało gwałtownie zamknięte przez zdalnego hosta
2026-04-13 19:29:55 | Process-5 | ERROR | asyncio | Exception in callback _ProactorBasePipeTransport._call_connection_lost(None)
handle: <Handle _ProactorBasePipeTransport._call_connection_lost(None)>
Traceback (most recent call last):
  File "C:\Users\Hyperbook\miniconda3\Lib\asyncio\events.py", line 88, in _run
    self._context.run(self._callback, *self._args)
  File "C:\Users\Hyperbook\miniconda3\Lib\asyncio\proactor_events.py", line 165, in _call_connection_lost
    self._sock.shutdown(socket.SHUT_RDWR)
ConnectionResetError: [WinError 10054] Istniejące połączenie zostało gwałtownie zamknięte przez zdalnego hosta
2026-04-13 19:29:55 | Process-5 | ERROR | asyncio | Exception in callback _ProactorBasePipeTransport._call_connection_lost(None)
handle: <Handle _ProactorBasePipeTransport._call_connection_lost(None)>
Traceback (most recent call last):
  File "C:\Users\Hyperbook\miniconda3\Lib\asyncio\events.py", line 88, in _run
    self._context.run(self._callback, *self._args)
  File "C:\Users\Hyperbook\miniconda3\Lib\asyncio\proactor_events.py", line 165, in _call_connection_lost
    self._sock.shutdown(socket.SHUT_RDWR)
ConnectionResetError: [WinError 10054] Istniejące połączenie zostało gwałtownie zamknięte przez zdalnego hosta
2026-04-13 19:29:56 | Process-5 | ERROR | asyncio | Exception in callback _ProactorBasePipeTransport._call_connection_lost(None)
handle: <Handle _ProactorBasePipeTransport._call_connection_lost(None)>
Traceback (most recent call last):
  File "C:\Users\Hyperbook\miniconda3\Lib\asyncio\events.py", line 88, in _run
    self._context.run(self._callback, *self._args)
  File "C:\Users\Hyperbook\miniconda3\Lib\asyncio\proactor_events.py", line 165, in _call_connection_lost
    self._sock.shutdown(socket.SHUT_RDWR)
ConnectionResetError: [WinError 10054] Istniejące połączenie zostało gwałtownie zamknięte przez zdalnego hosta
2026-04-13 19:29:57 | Process-5 | ERROR | asyncio | Exception in callback _ProactorBasePipeTransport._call_connection_lost(None)
handle: <Handle _ProactorBasePipeTransport._call_connection_lost(None)>
Traceback (most recent call last):
  File "C:\Users\Hyperbook\miniconda3\Lib\asyncio\events.py", line 88, in _run
    self._context.run(self._callback, *self._args)
  File "C:\Users\Hyperbook\miniconda3\Lib\asyncio\proactor_events.py", line 165, in _call_connection_lost
    self._sock.shutdown(socket.SHUT_RDWR)
ConnectionResetError: [WinError 10054] Istniejące połączenie zostało gwałtownie zamknięte przez zdalnego hosta
2026-04-13 19:29:58 | Process-5 | ERROR | asyncio | Exception in callback _ProactorBasePipeTransport._call_connection_lost(None)
handle: <Handle _ProactorBasePipeTransport._call_connection_lost(None)>
Traceback (most recent call last):
  File "C:\Users\Hyperbook\miniconda3\Lib\asyncio\events.py", line 88, in _run
    self._context.run(self._callback, *self._args)
  File "C:\Users\Hyperbook\miniconda3\Lib\asyncio\proactor_events.py", line 165, in _call_connection_lost
    self._sock.shutdown(socket.SHUT_RDWR)
ConnectionResetError: [WinError 10054] Istniejące połączenie zostało gwałtownie zamknięte przez zdalnego hosta
2026-04-13 19:29:59 | Process-5 | ERROR | asyncio | Exception in callback _ProactorBasePipeTransport._call_connection_lost(None)
handle: <Handle _ProactorBasePipeTransport._call_connection_lost(None)>
Traceback (most recent call last):
  File "C:\Users\Hyperbook\miniconda3\Lib\asyncio\events.py", line 88, in _run
    self._context.run(self._callback, *self._args)
  File "C:\Users\Hyperbook\miniconda3\Lib\asyncio\proactor_events.py", line 165, in _call_connection_lost
    self._sock.shutdown(socket.SHUT_RDWR)
ConnectionResetError: [WinError 10054] Istniejące połączenie zostało gwałtownie zamknięte przez zdalnego hosta
2026-04-13 19:30:00 | Process-5 | ERROR | asyncio | Exception in callback _ProactorBasePipeTransport._call_connection_lost(None)
handle: <Handle _ProactorBasePipeTransport._call_connection_lost(None)>
Traceback (most recent call last):
  File "C:\Users\Hyperbook\miniconda3\Lib\asyncio\events.py", line 88, in _run
    self._context.run(self._callback, *self._args)
  File "C:\Users\Hyperbook\miniconda3\Lib\asyncio\proactor_events.py", line 165, in _call_connection_lost
    self._sock.shutdown(socket.SHUT_RDWR)
ConnectionResetError: [WinError 10054] Istniejące połączenie zostało gwałtownie zamknięte przez zdalnego hosta
2026-04-13 19:30:00 | Process-5 | ERROR | asyncio | Exception in callback _ProactorBasePipeTransport._call_connection_lost(None)
handle: <Handle _ProactorBasePipeTransport._call_connection_lost(None)>
Traceback (most recent call last):
  File "C:\Users\Hyperbook\miniconda3\Lib\asyncio\events.py", line 88, in _run
    self._context.run(self._callback, *self._args)
  File "C:\Users\Hyperbook\miniconda3\Lib\asyncio\proactor_events.py", line 165, in _call_connection_lost
    self._sock.shutdown(socket.SHUT_RDWR)
ConnectionResetError: [WinError 10054] Istniejące połączenie zostało gwałtownie zamknięte przez zdalnego hosta
2026-04-13 19:30:00 | Process-5 | ERROR | asyncio | Exception in callback _ProactorBasePipeTransport._call_connection_lost(None)
handle: <Handle _ProactorBasePipeTransport._call_connection_lost(None)>
Traceback (most recent call last):
  File "C:\Users\Hyperbook\miniconda3\Lib\asyncio\events.py", line 88, in _run
    self._context.run(self._callback, *self._args)
  File "C:\Users\Hyperbook\miniconda3\Lib\asyncio\proactor_events.py", line 165, in _call_connection_lost
    self._sock.shutdown(socket.SHUT_RDWR)
ConnectionResetError: [WinError 10054] Istniejące połączenie zostało gwałtownie zamknięte przez zdalnego hosta
2026-04-13 19:30:01 | Process-5 | ERROR | asyncio | Exception in callback _ProactorBasePipeTransport._call_connection_lost(None)
handle: <Handle _ProactorBasePipeTransport._call_connection_lost(None)>
Traceback (most recent call last):
  File "C:\Users\Hyperbook\miniconda3\Lib\asyncio\events.py", line 88, in _run
    self._context.run(self._callback, *self._args)
  File "C:\Users\Hyperbook\miniconda3\Lib\asyncio\proactor_events.py", line 165, in _call_connection_lost
    self._sock.shutdown(socket.SHUT_RDWR)
ConnectionResetError: [WinError 10054] Istniejące połączenie zostało gwałtownie zamknięte przez zdalnego hosta
2026-04-13 19:30:02 | Process-5 | ERROR | asyncio | Exception in callback _ProactorBasePipeTransport._call_connection_lost(None)
handle: <Handle _ProactorBasePipeTransport._call_connection_lost(None)>
Traceback (most recent call last):
  File "C:\Users\Hyperbook\miniconda3\Lib\asyncio\events.py", line 88, in _run
    self._context.run(self._callback, *self._args)
  File "C:\Users\Hyperbook\miniconda3\Lib\asyncio\proactor_events.py", line 165, in _call_connection_lost
    self._sock.shutdown(socket.SHUT_RDWR)
ConnectionResetError: [WinError 10054] Istniejące połączenie zostało gwałtownie zamknięte przez zdalnego hosta
2026-04-13 19:30:02 | Process-5 | ERROR | asyncio | Exception in callback _ProactorBasePipeTransport._call_connection_lost(None)
handle: <Handle _ProactorBasePipeTransport._call_connection_lost(None)>
Traceback (most recent call last):
  File "C:\Users\Hyperbook\miniconda3\Lib\asyncio\events.py", line 88, in _run
    self._context.run(self._callback, *self._args)
  File "C:\Users\Hyperbook\miniconda3\Lib\asyncio\proactor_events.py", line 165, in _call_connection_lost
    self._sock.shutdown(socket.SHUT_RDWR)
ConnectionResetError: [WinError 10054] Istniejące połączenie zostało gwałtownie zamknięte przez zdalnego hosta
2026-04-13 19:30:02 | Process-5 | ERROR | asyncio | Exception in callback _ProactorBasePipeTransport._call_connection_lost(None)
handle: <Handle _ProactorBasePipeTransport._call_connection_lost(None)>
Traceback (most recent call last):
  File "C:\Users\Hyperbook\miniconda3\Lib\asyncio\events.py", line 88, in _run
    self._context.run(self._callback, *self._args)
  File "C:\Users\Hyperbook\miniconda3\Lib\asyncio\proactor_events.py", line 165, in _call_connection_lost
    self._sock.shutdown(socket.SHUT_RDWR)
ConnectionResetError: [WinError 10054] Istniejące połączenie zostało gwałtownie zamknięte przez zdalnego hosta
2026-04-13 19:30:03 | Process-5 | ERROR | asyncio | Exception in callback _ProactorBasePipeTransport._call_connection_lost(None)
handle: <Handle _ProactorBasePipeTransport._call_connection_lost(None)>
Traceback (most recent call last):
  File "C:\Users\Hyperbook\miniconda3\Lib\asyncio\events.py", line 88, in _run
    self._context.run(self._callback, *self._args)
  File "C:\Users\Hyperbook\miniconda3\Lib\asyncio\proactor_events.py", line 165, in _call_connection_lost
    self._sock.shutdown(socket.SHUT_RDWR)
ConnectionResetError: [WinError 10054] Istniejące połączenie zostało gwałtownie zamknięte przez zdalnego hosta
2026-04-13 19:30:03 | Process-5 | ERROR | asyncio | Exception in callback _ProactorBasePipeTransport._call_connection_lost(None)
handle: <Handle _ProactorBasePipeTransport._call_connection_lost(None)>
Traceback (most recent call last):
  File "C:\Users\Hyperbook\miniconda3\Lib\asyncio\events.py", line 88, in _run
    self._context.run(self._callback, *self._args)
  File "C:\Users\Hyperbook\miniconda3\Lib\asyncio\proactor_events.py", line 165, in _call_connection_lost
    self._sock.shutdown(socket.SHUT_RDWR)
ConnectionResetError: [WinError 10054] Istniejące połączenie zostało gwałtownie zamknięte przez zdalnego hosta
2026-04-13 19:30:04 | Process-5 | ERROR | asyncio | Exception in callback _ProactorBasePipeTransport._call_connection_lost(None)
handle: <Handle _ProactorBasePipeTransport._call_connection_lost(None)>
Traceback (most recent call last):
  File "C:\Users\Hyperbook\miniconda3\Lib\asyncio\events.py", line 88, in _run
    self._context.run(self._callback, *self._args)
  File "C:\Users\Hyperbook\miniconda3\Lib\asyncio\proactor_events.py", line 165, in _call_connection_lost
    self._sock.shutdown(socket.SHUT_RDWR)
ConnectionResetError: [WinError 10054] Istniejące połączenie zostało gwałtownie zamknięte przez zdalnego hosta
2026-04-13 19:30:04 | Process-5 | ERROR | asyncio | Exception in callback _ProactorBasePipeTransport._call_connection_lost(None)
handle: <Handle _ProactorBasePipeTransport._call_connection_lost(None)>
Traceback (most recent call last):
  File "C:\Users\Hyperbook\miniconda3\Lib\asyncio\events.py", line 88, in _run
    self._context.run(self._callback, *self._args)
  File "C:\Users\Hyperbook\miniconda3\Lib\asyncio\proactor_events.py", line 165, in _call_connection_lost
    self._sock.shutdown(socket.SHUT_RDWR)
ConnectionResetError: [WinError 10054] Istniejące połączenie zostało gwałtownie zamknięte przez zdalnego hosta
2026-04-13 19:30:06 | Process-5 | ERROR | asyncio | Exception in callback _ProactorBasePipeTransport._call_connection_lost(None)
handle: <Handle _ProactorBasePipeTransport._call_connection_lost(None)>
Traceback (most recent call last):
  File "C:\Users\Hyperbook\miniconda3\Lib\asyncio\events.py", line 88, in _run
    self._context.run(self._callback, *self._args)
  File "C:\Users\Hyperbook\miniconda3\Lib\asyncio\proactor_events.py", line 165, in _call_connection_lost
    self._sock.shutdown(socket.SHUT_RDWR)
ConnectionResetError: [WinError 10054] Istniejące połączenie zostało gwałtownie zamknięte przez zdalnego hosta
2026-04-13 19:30:07 | Process-5 | ERROR | asyncio | Exception in callback _ProactorBasePipeTransport._call_connection_lost(None)
handle: <Handle _ProactorBasePipeTransport._call_connection_lost(None)>
Traceback (most recent call last):
  File "C:\Users\Hyperbook\miniconda3\Lib\asyncio\events.py", line 88, in _run
    self._context.run(self._callback, *self._args)
  File "C:\Users\Hyperbook\miniconda3\Lib\asyncio\proactor_events.py", line 165, in _call_connection_lost
    self._sock.shutdown(socket.SHUT_RDWR)
ConnectionResetError: [WinError 10054] Istniejące połączenie zostało gwałtownie zamknięte przez zdalnego hosta
2026-04-13 19:30:09 | Process-5 | ERROR | asyncio | Exception in callback _ProactorBasePipeTransport._call_connection_lost(None)
handle: <Handle _ProactorBasePipeTransport._call_connection_lost(None)>
Traceback (most recent call last):
  File "C:\Users\Hyperbook\miniconda3\Lib\asyncio\events.py", line 88, in _run
    self._context.run(self._callback, *self._args)
  File "C:\Users\Hyperbook\miniconda3\Lib\asyncio\proactor_events.py", line 165, in _call_connection_lost
    self._sock.shutdown(socket.SHUT_RDWR)
ConnectionResetError: [WinError 10054] Istniejące połączenie zostało gwałtownie zamknięte przez zdalnego hosta
2026-04-13 19:30:09 | Process-5 | ERROR | asyncio | Exception in callback _ProactorBasePipeTransport._call_connection_lost(None)
handle: <Handle _ProactorBasePipeTransport._call_connection_lost(None)>
Traceback (most recent call last):
  File "C:\Users\Hyperbook\miniconda3\Lib\asyncio\events.py", line 88, in _run
    self._context.run(self._callback, *self._args)
  File "C:\Users\Hyperbook\miniconda3\Lib\asyncio\proactor_events.py", line 165, in _call_connection_lost
    self._sock.shutdown(socket.SHUT_RDWR)
ConnectionResetError: [WinError 10054] Istniejące połączenie zostało gwałtownie zamknięte przez zdalnego hosta
2026-04-13 19:30:10 | Process-5 | ERROR | asyncio | Exception in callback _ProactorBasePipeTransport._call_connection_lost(None)
handle: <Handle _ProactorBasePipeTransport._call_connection_lost(None)>
Traceback (most recent call last):
  File "C:\Users\Hyperbook\miniconda3\Lib\asyncio\events.py", line 88, in _run
    self._context.run(self._callback, *self._args)
  File "C:\Users\Hyperbook\miniconda3\Lib\asyncio\proactor_events.py", line 165, in _call_connection_lost
    self._sock.shutdown(socket.SHUT_RDWR)
ConnectionResetError: [WinError 10054] Istniejące połączenie zostało gwałtownie zamknięte przez zdalnego hosta
2026-04-13 19:34:41 | MainProcess | INFO | core.log_setup | LOG start → C:\Users\Hyperbook\python_project\VolleyHub_K\logs\volleyhub.log
2026-04-13 19:34:41 | SyncManager-1 | INFO | core.log_setup | LOG start → C:\Users\Hyperbook\python_project\VolleyHub_K\logs\volleyhub.log
2026-04-13 19:34:45 | preview_gui | INFO | core.log_setup | LOG start → C:\Users\Hyperbook\python_project\VolleyHub_K\logs\volleyhub.log
2026-04-13 19:34:49 | Process-3 | INFO | core.log_setup | LOG start → C:\Users\Hyperbook\python_project\VolleyHub_K\logs\volleyhub.log
2026-04-13 19:34:57 | SyncManager-4 | INFO | core.log_setup | LOG start → C:\Users\Hyperbook\python_project\VolleyHub_K\logs\volleyhub.log
2026-04-13 19:34:57 | Process-5 | INFO | core.log_setup | LOG start → C:\Users\Hyperbook\python_project\VolleyHub_K\logs\volleyhub.log
2026-04-13 19:35:08 | Process-5 | ERROR | asyncio | Exception in callback _ProactorBasePipeTransport._call_connection_lost(None)
handle: <Handle _ProactorBasePipeTransport._call_connection_lost(None)>
Traceback (most recent call last):
  File "C:\Users\Hyperbook\miniconda3\Lib\asyncio\events.py", line 88, in _run
    self._context.run(self._callback, *self._args)
  File "C:\Users\Hyperbook\miniconda3\Lib\asyncio\proactor_events.py", line 165, in _call_connection_lost
    self._sock.shutdown(socket.SHUT_RDWR)
ConnectionResetError: [WinError 10054] Istniejące połączenie zostało gwałtownie zamknięte przez zdalnego hosta
2026-04-13 19:35:10 | Process-5 | ERROR | asyncio | Exception in callback _ProactorBasePipeTransport._call_connection_lost(None)
handle: <Handle _ProactorBasePipeTransport._call_connection_lost(None)>
Traceback (most recent call last):
  File "C:\Users\Hyperbook\miniconda3\Lib\asyncio\events.py", line 88, in _run
    self._context.run(self._callback, *self._args)
  File "C:\Users\Hyperbook\miniconda3\Lib\asyncio\proactor_events.py", line 165, in _call_connection_lost
    self._sock.shutdown(socket.SHUT_RDWR)
ConnectionResetError: [WinError 10054] Istniejące połączenie zostało gwałtownie zamknięte przez zdalnego hosta
2026-04-13 19:35:10 | Process-5 | ERROR | asyncio | Exception in callback _ProactorBasePipeTransport._call_connection_lost(None)
handle: <Handle _ProactorBasePipeTransport._call_connection_lost(None)>
Traceback (most recent call last):
  File "C:\Users\Hyperbook\miniconda3\Lib\asyncio\events.py", line 88, in _run
    self._context.run(self._callback, *self._args)
  File "C:\Users\Hyperbook\miniconda3\Lib\asyncio\proactor_events.py", line 165, in _call_connection_lost
    self._sock.shutdown(socket.SHUT_RDWR)
ConnectionResetError: [WinError 10054] Istniejące połączenie zostało gwałtownie zamknięte przez zdalnego hosta
2026-04-13 19:35:11 | Process-5 | ERROR | asyncio | Exception in callback _ProactorBasePipeTransport._call_connection_lost(None)
handle: <Handle _ProactorBasePipeTransport._call_connection_lost(None)>
Traceback (most recent call last):
  File "C:\Users\Hyperbook\miniconda3\Lib\asyncio\events.py", line 88, in _run
    self._context.run(self._callback, *self._args)
  File "C:\Users\Hyperbook\miniconda3\Lib\asyncio\proactor_events.py", line 165, in _call_connection_lost
    self._sock.shutdown(socket.SHUT_RDWR)
ConnectionResetError: [WinError 10054] Istniejące połączenie zostało gwałtownie zamknięte przez zdalnego hosta
2026-04-13 19:35:18 | Process-5 | ERROR | asyncio | Exception in callback _ProactorBasePipeTransport._call_connection_lost(None)
handle: <Handle _ProactorBasePipeTransport._call_connection_lost(None)>
Traceback (most recent call last):
  File "C:\Users\Hyperbook\miniconda3\Lib\asyncio\events.py", line 88, in _run
    self._context.run(self._callback, *self._args)
  File "C:\Users\Hyperbook\miniconda3\Lib\asyncio\proactor_events.py", line 165, in _call_connection_lost
    self._sock.shutdown(socket.SHUT_RDWR)
ConnectionResetError: [WinError 10054] Istniejące połączenie zostało gwałtownie zamknięte przez zdalnego hosta
2026-04-13 19:35:20 | Process-5 | ERROR | asyncio | Exception in callback _ProactorBasePipeTransport._call_connection_lost(None)
handle: <Handle _ProactorBasePipeTransport._call_connection_lost(None)>
Traceback (most recent call last):
  File "C:\Users\Hyperbook\miniconda3\Lib\asyncio\events.py", line 88, in _run
    self._context.run(self._callback, *self._args)
  File "C:\Users\Hyperbook\miniconda3\Lib\asyncio\proactor_events.py", line 165, in _call_connection_lost
    self._sock.shutdown(socket.SHUT_RDWR)
ConnectionResetError: [WinError 10054] Istniejące połączenie zostało gwałtownie zamknięte przez zdalnego hosta
2026-04-13 19:35:22 | Process-5 | ERROR | asyncio | Exception in callback _ProactorBasePipeTransport._call_connection_lost(None)
handle: <Handle _ProactorBasePipeTransport._call_connection_lost(None)>
Traceback (most recent call last):
  File "C:\Users\Hyperbook\miniconda3\Lib\asyncio\events.py", line 88, in _run
    self._context.run(self._callback, *self._args)
  File "C:\Users\Hyperbook\miniconda3\Lib\asyncio\proactor_events.py", line 165, in _call_connection_lost
    self._sock.shutdown(socket.SHUT_RDWR)
ConnectionResetError: [WinError 10054] Istniejące połączenie zostało gwałtownie zamknięte przez zdalnego hosta
2026-04-13 19:35:22 | Process-5 | ERROR | asyncio | Exception in callback _ProactorBasePipeTransport._call_connection_lost(None)
handle: <Handle _ProactorBasePipeTransport._call_connection_lost(None)>
Traceback (most recent call last):
  File "C:\Users\Hyperbook\miniconda3\Lib\asyncio\events.py", line 88, in _run
    self._context.run(self._callback, *self._args)
  File "C:\Users\Hyperbook\miniconda3\Lib\asyncio\proactor_events.py", line 165, in _call_connection_lost
    self._sock.shutdown(socket.SHUT_RDWR)
ConnectionResetError: [WinError 10054] Istniejące połączenie zostało gwałtownie zamknięte przez zdalnego hosta
2026-04-13 19:35:22 | Process-5 | ERROR | asyncio | Exception in callback _ProactorBasePipeTransport._call_connection_lost(None)
handle: <Handle _ProactorBasePipeTransport._call_connection_lost(None)>
Traceback (most recent call last):
  File "C:\Users\Hyperbook\miniconda3\Lib\asyncio\events.py", line 88, in _run
    self._context.run(self._callback, *self._args)
  File "C:\Users\Hyperbook\miniconda3\Lib\asyncio\proactor_events.py", line 165, in _call_connection_lost
    self._sock.shutdown(socket.SHUT_RDWR)
ConnectionResetError: [WinError 10054] Istniejące połączenie zostało gwałtownie zamknięte przez zdalnego hosta
2026-04-13 19:35:24 | Process-5 | ERROR | asyncio | Exception in callback _ProactorBasePipeTransport._call_connection_lost(None)
handle: <Handle _ProactorBasePipeTransport._call_connection_lost(None)>
Traceback (most recent call last):
  File "C:\Users\Hyperbook\miniconda3\Lib\asyncio\events.py", line 88, in _run
    self._context.run(self._callback, *self._args)
  File "C:\Users\Hyperbook\miniconda3\Lib\asyncio\proactor_events.py", line 165, in _call_connection_lost
    self._sock.shutdown(socket.SHUT_RDWR)
ConnectionResetError: [WinError 10054] Istniejące połączenie zostało gwałtownie zamknięte przez zdalnego hosta
2026-04-13 19:35:26 | Process-5 | ERROR | asyncio | Exception in callback _ProactorBasePipeTransport._call_connection_lost(None)
handle: <Handle _ProactorBasePipeTransport._call_connection_lost(None)>
Traceback (most recent call last):
  File "C:\Users\Hyperbook\miniconda3\Lib\asyncio\events.py", line 88, in _run
    self._context.run(self._callback, *self._args)
  File "C:\Users\Hyperbook\miniconda3\Lib\asyncio\proactor_events.py", line 165, in _call_connection_lost
    self._sock.shutdown(socket.SHUT_RDWR)
ConnectionResetError: [WinError 10054] Istniejące połączenie zostało gwałtownie zamknięte przez zdalnego hosta
2026-04-13 19:35:29 | Process-5 | ERROR | asyncio | Exception in callback _ProactorBasePipeTransport._call_connection_lost(None)
handle: <Handle _ProactorBasePipeTransport._call_connection_lost(None)>
Traceback (most recent call last):
  File "C:\Users\Hyperbook\miniconda3\Lib\asyncio\events.py", line 88, in _run
    self._context.run(self._callback, *self._args)
  File "C:\Users\Hyperbook\miniconda3\Lib\asyncio\proactor_events.py", line 165, in _call_connection_lost
    self._sock.shutdown(socket.SHUT_RDWR)
ConnectionResetError: [WinError 10054] Istniejące połączenie zostało gwałtownie zamknięte przez zdalnego hosta
2026-04-13 19:35:30 | Process-5 | ERROR | asyncio | Exception in callback _ProactorBasePipeTransport._call_connection_lost(None)
handle: <Handle _ProactorBasePipeTransport._call_connection_lost(None)>
Traceback (most recent call last):
  File "C:\Users\Hyperbook\miniconda3\Lib\asyncio\events.py", line 88, in _run
    self._context.run(self._callback, *self._args)
  File "C:\Users\Hyperbook\miniconda3\Lib\asyncio\proactor_events.py", line 165, in _call_connection_lost
    self._sock.shutdown(socket.SHUT_RDWR)
ConnectionResetError: [WinError 10054] Istniejące połączenie zostało gwałtownie zamknięte przez zdalnego hosta
2026-04-13 19:35:30 | Process-5 | ERROR | asyncio | Exception in callback _ProactorBasePipeTransport._call_connection_lost(None)
handle: <Handle _ProactorBasePipeTransport._call_connection_lost(None)>
Traceback (most recent call last):
  File "C:\Users\Hyperbook\miniconda3\Lib\asyncio\events.py", line 88, in _run
    self._context.run(self._callback, *self._args)
  File "C:\Users\Hyperbook\miniconda3\Lib\asyncio\proactor_events.py", line 165, in _call_connection_lost
    self._sock.shutdown(socket.SHUT_RDWR)
ConnectionResetError: [WinError 10054] Istniejące połączenie zostało gwałtownie zamknięte przez zdalnego hosta
2026-04-13 19:35:31 | Process-5 | ERROR | asyncio | Exception in callback _ProactorBasePipeTransport._call_connection_lost(None)
handle: <Handle _ProactorBasePipeTransport._call_connection_lost(None)>
Traceback (most recent call last):
  File "C:\Users\Hyperbook\miniconda3\Lib\asyncio\events.py", line 88, in _run
    self._context.run(self._callback, *self._args)
  File "C:\Users\Hyperbook\miniconda3\Lib\asyncio\proactor_events.py", line 165, in _call_connection_lost
    self._sock.shutdown(socket.SHUT_RDWR)
ConnectionResetError: [WinError 10054] Istniejące połączenie zostało gwałtownie zamknięte przez zdalnego hosta
2026-04-13 19:35:32 | Process-5 | ERROR | asyncio | Exception in callback _ProactorBasePipeTransport._call_connection_lost(None)
handle: <Handle _ProactorBasePipeTransport._call_connection_lost(None)>
Traceback (most recent call last):
  File "C:\Users\Hyperbook\miniconda3\Lib\asyncio\events.py", line 88, in _run
    self._context.run(self._callback, *self._args)
  File "C:\Users\Hyperbook\miniconda3\Lib\asyncio\proactor_events.py", line 165, in _call_connection_lost
    self._sock.shutdown(socket.SHUT_RDWR)
ConnectionResetError: [WinError 10054] Istniejące połączenie zostało gwałtownie zamknięte przez zdalnego hosta
2026-04-13 19:35:32 | Process-5 | ERROR | asyncio | Exception in callback _ProactorBasePipeTransport._call_connection_lost(None)
handle: <Handle _ProactorBasePipeTransport._call_connection_lost(None)>
Traceback (most recent call last):
  File "C:\Users\Hyperbook\miniconda3\Lib\asyncio\events.py", line 88, in _run
    self._context.run(self._callback, *self._args)
  File "C:\Users\Hyperbook\miniconda3\Lib\asyncio\proactor_events.py", line 165, in _call_connection_lost
    self._sock.shutdown(socket.SHUT_RDWR)
ConnectionResetError: [WinError 10054] Istniejące połączenie zostało gwałtownie zamknięte przez zdalnego hosta
2026-04-13 19:35:33 | Process-5 | ERROR | asyncio | Exception in callback _ProactorBasePipeTransport._call_connection_lost(None)
handle: <Handle _ProactorBasePipeTransport._call_connection_lost(None)>
Traceback (most recent call last):
  File "C:\Users\Hyperbook\miniconda3\Lib\asyncio\events.py", line 88, in _run
    self._context.run(self._callback, *self._args)
  File "C:\Users\Hyperbook\miniconda3\Lib\asyncio\proactor_events.py", line 165, in _call_connection_lost
    self._sock.shutdown(socket.SHUT_RDWR)
ConnectionResetError: [WinError 10054] Istniejące połączenie zostało gwałtownie zamknięte przez zdalnego hosta
2026-04-13 19:35:33 | Process-5 | ERROR | asyncio | Exception in callback _ProactorBasePipeTransport._call_connection_lost(None)
handle: <Handle _ProactorBasePipeTransport._call_connection_lost(None)>
Traceback (most recent call last):
  File "C:\Users\Hyperbook\miniconda3\Lib\asyncio\events.py", line 88, in _run
    self._context.run(self._callback, *self._args)
  File "C:\Users\Hyperbook\miniconda3\Lib\asyncio\proactor_events.py", line 165, in _call_connection_lost
    self._sock.shutdown(socket.SHUT_RDWR)
ConnectionResetError: [WinError 10054] Istniejące połączenie zostało gwałtownie zamknięte przez zdalnego hosta
2026-04-13 19:35:34 | Process-5 | ERROR | asyncio | Exception in callback _ProactorBasePipeTransport._call_connection_lost(None)
handle: <Handle _ProactorBasePipeTransport._call_connection_lost(None)>
Traceback (most recent call last):
  File "C:\Users\Hyperbook\miniconda3\Lib\asyncio\events.py", line 88, in _run
    self._context.run(self._callback, *self._args)
  File "C:\Users\Hyperbook\miniconda3\Lib\asyncio\proactor_events.py", line 165, in _call_connection_lost
    self._sock.shutdown(socket.SHUT_RDWR)
ConnectionResetError: [WinError 10054] Istniejące połączenie zostało gwałtownie zamknięte przez zdalnego hosta
2026-04-13 19:35:36 | Process-5 | ERROR | asyncio | Exception in callback _ProactorBasePipeTransport._call_connection_lost(None)
handle: <Handle _ProactorBasePipeTransport._call_connection_lost(None)>
Traceback (most recent call last):
  File "C:\Users\Hyperbook\miniconda3\Lib\asyncio\events.py", line 88, in _run
    self._context.run(self._callback, *self._args)
  File "C:\Users\Hyperbook\miniconda3\Lib\asyncio\proactor_events.py", line 165, in _call_connection_lost
    self._sock.shutdown(socket.SHUT_RDWR)
ConnectionResetError: [WinError 10054] Istniejące połączenie zostało gwałtownie zamknięte przez zdalnego hosta
2026-04-13 19:35:37 | Process-5 | ERROR | asyncio | Exception in callback _ProactorBasePipeTransport._call_connection_lost(None)
handle: <Handle _ProactorBasePipeTransport._call_connection_lost(None)>
Traceback (most recent call last):
  File "C:\Users\Hyperbook\miniconda3\Lib\asyncio\events.py", line 88, in _run
    self._context.run(self._callback, *self._args)
  File "C:\Users\Hyperbook\miniconda3\Lib\asyncio\proactor_events.py", line 165, in _call_connection_lost
    self._sock.shutdown(socket.SHUT_RDWR)
ConnectionResetError: [WinError 10054] Istniejące połączenie zostało gwałtownie zamknięte przez zdalnego hosta
2026-04-13 19:35:41 | Process-5 | ERROR | asyncio | Exception in callback _ProactorBasePipeTransport._call_connection_lost(None)
handle: <Handle _ProactorBasePipeTransport._call_connection_lost(None)>
Traceback (most recent call last):
  File "C:\Users\Hyperbook\miniconda3\Lib\asyncio\events.py", line 88, in _run
    self._context.run(self._callback, *self._args)
  File "C:\Users\Hyperbook\miniconda3\Lib\asyncio\proactor_events.py", line 165, in _call_connection_lost
    self._sock.shutdown(socket.SHUT_RDWR)
ConnectionResetError: [WinError 10054] Istniejące połączenie zostało gwałtownie zamknięte przez zdalnego hosta
2026-04-13 19:35:45 | Process-5 | ERROR | asyncio | Exception in callback _ProactorBasePipeTransport._call_connection_lost(None)
handle: <Handle _ProactorBasePipeTransport._call_connection_lost(None)>
Traceback (most recent call last):
  File "C:\Users\Hyperbook\miniconda3\Lib\asyncio\events.py", line 88, in _run
    self._context.run(self._callback, *self._args)
  File "C:\Users\Hyperbook\miniconda3\Lib\asyncio\proactor_events.py", line 165, in _call_connection_lost
    self._sock.shutdown(socket.SHUT_RDWR)
ConnectionResetError: [WinError 10054] Istniejące połączenie zostało gwałtownie zamknięte przez zdalnego hosta
2026-04-13 19:35:46 | Process-5 | ERROR | asyncio | Exception in callback _ProactorBasePipeTransport._call_connection_lost(None)
handle: <Handle _ProactorBasePipeTransport._call_connection_lost(None)>
Traceback (most recent call last):
  File "C:\Users\Hyperbook\miniconda3\Lib\asyncio\events.py", line 88, in _run
    self._context.run(self._callback, *self._args)
  File "C:\Users\Hyperbook\miniconda3\Lib\asyncio\proactor_events.py", line 165, in _call_connection_lost
    self._sock.shutdown(socket.SHUT_RDWR)
ConnectionResetError: [WinError 10054] Istniejące połączenie zostało gwałtownie zamknięte przez zdalnego hosta
2026-04-13 19:35:46 | Process-5 | ERROR | asyncio | Exception in callback _ProactorBasePipeTransport._call_connection_lost(None)
handle: <Handle _ProactorBasePipeTransport._call_connection_lost(None)>
Traceback (most recent call last):
  File "C:\Users\Hyperbook\miniconda3\Lib\asyncio\events.py", line 88, in _run
    self._context.run(self._callback, *self._args)
  File "C:\Users\Hyperbook\miniconda3\Lib\asyncio\proactor_events.py", line 165, in _call_connection_lost
    self._sock.shutdown(socket.SHUT_RDWR)
ConnectionResetError: [WinError 10054] Istniejące połączenie zostało gwałtownie zamknięte przez zdalnego hosta
2026-04-13 19:35:48 | Process-5 | ERROR | asyncio | Exception in callback _ProactorBasePipeTransport._call_connection_lost(None)
handle: <Handle _ProactorBasePipeTransport._call_connection_lost(None)>
Traceback (most recent call last):
  File "C:\Users\Hyperbook\miniconda3\Lib\asyncio\events.py", line 88, in _run
    self._context.run(self._callback, *self._args)
  File "C:\Users\Hyperbook\miniconda3\Lib\asyncio\proactor_events.py", line 165, in _call_connection_lost
    self._sock.shutdown(socket.SHUT_RDWR)
ConnectionResetError: [WinError 10054] Istniejące połączenie zostało gwałtownie zamknięte przez zdalnego hosta
2026-04-13 19:35:48 | Process-5 | ERROR | asyncio | Exception in callback _ProactorBasePipeTransport._call_connection_lost(None)
handle: <Handle _ProactorBasePipeTransport._call_connection_lost(None)>
Traceback (most recent call last):
  File "C:\Users\Hyperbook\miniconda3\Lib\asyncio\events.py", line 88, in _run
    self._context.run(self._callback, *self._args)
  File "C:\Users\Hyperbook\miniconda3\Lib\asyncio\proactor_events.py", line 165, in _call_connection_lost
    self._sock.shutdown(socket.SHUT_RDWR)
ConnectionResetError: [WinError 10054] Istniejące połączenie zostało gwałtownie zamknięte przez zdalnego hosta
2026-04-13 19:35:48 | Process-5 | ERROR | asyncio | Exception in callback _ProactorBasePipeTransport._call_connection_lost(None)
handle: <Handle _ProactorBasePipeTransport._call_connection_lost(None)>
Traceback (most recent call last):
  File "C:\Users\Hyperbook\miniconda3\Lib\asyncio\events.py", line 88, in _run
    self._context.run(self._callback, *self._args)
  File "C:\Users\Hyperbook\miniconda3\Lib\asyncio\proactor_events.py", line 165, in _call_connection_lost
    self._sock.shutdown(socket.SHUT_RDWR)
ConnectionResetError: [WinError 10054] Istniejące połączenie zostało gwałtownie zamknięte przez zdalnego hosta
2026-04-13 19:35:49 | Process-5 | ERROR | asyncio | Exception in callback _ProactorBasePipeTransport._call_connection_lost(None)
handle: <Handle _ProactorBasePipeTransport._call_connection_lost(None)>
Traceback (most recent call last):
  File "C:\Users\Hyperbook\miniconda3\Lib\asyncio\events.py", line 88, in _run
    self._context.run(self._callback, *self._args)
  File "C:\Users\Hyperbook\miniconda3\Lib\asyncio\proactor_events.py", line 165, in _call_connection_lost
    self._sock.shutdown(socket.SHUT_RDWR)
ConnectionResetError: [WinError 10054] Istniejące połączenie zostało gwałtownie zamknięte przez zdalnego hosta
2026-04-13 19:35:49 | Process-5 | ERROR | asyncio | Exception in callback _ProactorBasePipeTransport._call_connection_lost(None)
handle: <Handle _ProactorBasePipeTransport._call_connection_lost(None)>
Traceback (most recent call last):
  File "C:\Users\Hyperbook\miniconda3\Lib\asyncio\events.py", line 88, in _run
    self._context.run(self._callback, *self._args)
  File "C:\Users\Hyperbook\miniconda3\Lib\asyncio\proactor_events.py", line 165, in _call_connection_lost
    self._sock.shutdown(socket.SHUT_RDWR)
ConnectionResetError: [WinError 10054] Istniejące połączenie zostało gwałtownie zamknięte przez zdalnego hosta
2026-04-13 19:35:50 | Process-5 | ERROR | asyncio | Exception in callback _ProactorBasePipeTransport._call_connection_lost(None)
handle: <Handle _ProactorBasePipeTransport._call_connection_lost(None)>
Traceback (most recent call last):
  File "C:\Users\Hyperbook\miniconda3\Lib\asyncio\events.py", line 88, in _run
    self._context.run(self._callback, *self._args)
  File "C:\Users\Hyperbook\miniconda3\Lib\asyncio\proactor_events.py", line 165, in _call_connection_lost
    self._sock.shutdown(socket.SHUT_RDWR)
ConnectionResetError: [WinError 10054] Istniejące połączenie zostało gwałtownie zamknięte przez zdalnego hosta
2026-04-13 19:35:50 | Process-5 | ERROR | asyncio | Exception in callback _ProactorBasePipeTransport._call_connection_lost(None)
handle: <Handle _ProactorBasePipeTransport._call_connection_lost(None)>
Traceback (most recent call last):
  File "C:\Users\Hyperbook\miniconda3\Lib\asyncio\events.py", line 88, in _run
    self._context.run(self._callback, *self._args)
  File "C:\Users\Hyperbook\miniconda3\Lib\asyncio\proactor_events.py", line 165, in _call_connection_lost
    self._sock.shutdown(socket.SHUT_RDWR)
ConnectionResetError: [WinError 10054] Istniejące połączenie zostało gwałtownie zamknięte przez zdalnego hosta
2026-04-13 19:35:57 | Process-5 | ERROR | asyncio | Exception in callback _ProactorBasePipeTransport._call_connection_lost(None)
handle: <Handle _ProactorBasePipeTransport._call_connection_lost(None)>
Traceback (most recent call last):
  File "C:\Users\Hyperbook\miniconda3\Lib\asyncio\events.py", line 88, in _run
    self._context.run(self._callback, *self._args)
  File "C:\Users\Hyperbook\miniconda3\Lib\asyncio\proactor_events.py", line 165, in _call_connection_lost
    self._sock.shutdown(socket.SHUT_RDWR)
ConnectionResetError: [WinError 10054] Istniejące połączenie zostało gwałtownie zamknięte przez zdalnego hosta
2026-04-13 19:35:58 | Process-5 | ERROR | asyncio | Exception in callback _ProactorBasePipeTransport._call_connection_lost(None)
handle: <Handle _ProactorBasePipeTransport._call_connection_lost(None)>
Traceback (most recent call last):
  File "C:\Users\Hyperbook\miniconda3\Lib\asyncio\events.py", line 88, in _run
    self._context.run(self._callback, *self._args)
  File "C:\Users\Hyperbook\miniconda3\Lib\asyncio\proactor_events.py", line 165, in _call_connection_lost
    self._sock.shutdown(socket.SHUT_RDWR)
ConnectionResetError: [WinError 10054] Istniejące połączenie zostało gwałtownie zamknięte przez zdalnego hosta
2026-04-13 19:36:00 | Process-5 | ERROR | asyncio | Exception in callback _ProactorBasePipeTransport._call_connection_lost(None)
handle: <Handle _ProactorBasePipeTransport._call_connection_lost(None)>
Traceback (most recent call last):
  File "C:\Users\Hyperbook\miniconda3\Lib\asyncio\events.py", line 88, in _run
    self._context.run(self._callback, *self._args)
  File "C:\Users\Hyperbook\miniconda3\Lib\asyncio\proactor_events.py", line 165, in _call_connection_lost
    self._sock.shutdown(socket.SHUT_RDWR)
ConnectionResetError: [WinError 10054] Istniejące połączenie zostało gwałtownie zamknięte przez zdalnego hosta
2026-04-13 19:36:02 | Process-5 | ERROR | asyncio | Exception in callback _ProactorBasePipeTransport._call_connection_lost(None)
handle: <Handle _ProactorBasePipeTransport._call_connection_lost(None)>
Traceback (most recent call last):
  File "C:\Users\Hyperbook\miniconda3\Lib\asyncio\events.py", line 88, in _run
    self._context.run(self._callback, *self._args)
  File "C:\Users\Hyperbook\miniconda3\Lib\asyncio\proactor_events.py", line 165, in _call_connection_lost
    self._sock.shutdown(socket.SHUT_RDWR)
ConnectionResetError: [WinError 10054] Istniejące połączenie zostało gwałtownie zamknięte przez zdalnego hosta
2026-04-13 19:36:02 | Process-5 | ERROR | asyncio | Exception in callback _ProactorBasePipeTransport._call_connection_lost(None)
handle: <Handle _ProactorBasePipeTransport._call_connection_lost(None)>
Traceback (most recent call last):
  File "C:\Users\Hyperbook\miniconda3\Lib\asyncio\events.py", line 88, in _run
    self._context.run(self._callback, *self._args)
  File "C:\Users\Hyperbook\miniconda3\Lib\asyncio\proactor_events.py", line 165, in _call_connection_lost
    self._sock.shutdown(socket.SHUT_RDWR)
ConnectionResetError: [WinError 10054] Istniejące połączenie zostało gwałtownie zamknięte przez zdalnego hosta
2026-04-13 19:36:04 | Process-5 | ERROR | asyncio | Exception in callback _ProactorBasePipeTransport._call_connection_lost(None)
handle: <Handle _ProactorBasePipeTransport._call_connection_lost(None)>
Traceback (most recent call last):
  File "C:\Users\Hyperbook\miniconda3\Lib\asyncio\events.py", line 88, in _run
    self._context.run(self._callback, *self._args)
  File "C:\Users\Hyperbook\miniconda3\Lib\asyncio\proactor_events.py", line 165, in _call_connection_lost
    self._sock.shutdown(socket.SHUT_RDWR)
ConnectionResetError: [WinError 10054] Istniejące połączenie zostało gwałtownie zamknięte przez zdalnego hosta
2026-04-13 19:36:05 | Process-5 | ERROR | asyncio | Exception in callback _ProactorBasePipeTransport._call_connection_lost(None)
handle: <Handle _ProactorBasePipeTransport._call_connection_lost(None)>
Traceback (most recent call last):
  File "C:\Users\Hyperbook\miniconda3\Lib\asyncio\events.py", line 88, in _run
    self._context.run(self._callback, *self._args)
  File "C:\Users\Hyperbook\miniconda3\Lib\asyncio\proactor_events.py", line 165, in _call_connection_lost
    self._sock.shutdown(socket.SHUT_RDWR)
ConnectionResetError: [WinError 10054] Istniejące połączenie zostało gwałtownie zamknięte przez zdalnego hosta
2026-04-13 19:36:06 | Process-5 | ERROR | asyncio | Exception in callback _ProactorBasePipeTransport._call_connection_lost(None)
handle: <Handle _ProactorBasePipeTransport._call_connection_lost(None)>
Traceback (most recent call last):
  File "C:\Users\Hyperbook\miniconda3\Lib\asyncio\events.py", line 88, in _run
    self._context.run(self._callback, *self._args)
  File "C:\Users\Hyperbook\miniconda3\Lib\asyncio\proactor_events.py", line 165, in _call_connection_lost
    self._sock.shutdown(socket.SHUT_RDWR)
ConnectionResetError: [WinError 10054] Istniejące połączenie zostało gwałtownie zamknięte przez zdalnego hosta
2026-04-13 19:36:13 | Process-5 | ERROR | asyncio | Exception in callback _ProactorBasePipeTransport._call_connection_lost(None)
handle: <Handle _ProactorBasePipeTransport._call_connection_lost(None)>
Traceback (most recent call last):
  File "C:\Users\Hyperbook\miniconda3\Lib\asyncio\events.py", line 88, in _run
    self._context.run(self._callback, *self._args)
  File "C:\Users\Hyperbook\miniconda3\Lib\asyncio\proactor_events.py", line 165, in _call_connection_lost
    self._sock.shutdown(socket.SHUT_RDWR)
ConnectionResetError: [WinError 10054] Istniejące połączenie zostało gwałtownie zamknięte przez zdalnego hosta
2026-04-13 19:36:13 | Process-5 | ERROR | asyncio | Exception in callback _ProactorBasePipeTransport._call_connection_lost(None)
handle: <Handle _ProactorBasePipeTransport._call_connection_lost(None)>
Traceback (most recent call last):
  File "C:\Users\Hyperbook\miniconda3\Lib\asyncio\events.py", line 88, in _run
    self._context.run(self._callback, *self._args)
  File "C:\Users\Hyperbook\miniconda3\Lib\asyncio\proactor_events.py", line 165, in _call_connection_lost
    self._sock.shutdown(socket.SHUT_RDWR)
ConnectionResetError: [WinError 10054] Istniejące połączenie zostało gwałtownie zamknięte przez zdalnego hosta
2026-04-13 19:36:14 | Process-5 | ERROR | asyncio | Exception in callback _ProactorBasePipeTransport._call_connection_lost(None)
handle: <Handle _ProactorBasePipeTransport._call_connection_lost(None)>
Traceback (most recent call last):
  File "C:\Users\Hyperbook\miniconda3\Lib\asyncio\events.py", line 88, in _run
    self._context.run(self._callback, *self._args)
  File "C:\Users\Hyperbook\miniconda3\Lib\asyncio\proactor_events.py", line 165, in _call_connection_lost
    self._sock.shutdown(socket.SHUT_RDWR)
ConnectionResetError: [WinError 10054] Istniejące połączenie zostało gwałtownie zamknięte przez zdalnego hosta
2026-04-13 19:36:14 | Process-5 | ERROR | asyncio | Exception in callback _ProactorBasePipeTransport._call_connection_lost(None)
handle: <Handle _ProactorBasePipeTransport._call_connection_lost(None)>
Traceback (most recent call last):
  File "C:\Users\Hyperbook\miniconda3\Lib\asyncio\events.py", line 88, in _run
    self._context.run(self._callback, *self._args)
  File "C:\Users\Hyperbook\miniconda3\Lib\asyncio\proactor_events.py", line 165, in _call_connection_lost
    self._sock.shutdown(socket.SHUT_RDWR)
ConnectionResetError: [WinError 10054] Istniejące połączenie zostało gwałtownie zamknięte przez zdalnego hosta
2026-04-13 19:36:14 | Process-5 | ERROR | asyncio | Exception in callback _ProactorBasePipeTransport._call_connection_lost(None)
handle: <Handle _ProactorBasePipeTransport._call_connection_lost(None)>
Traceback (most recent call last):
  File "C:\Users\Hyperbook\miniconda3\Lib\asyncio\events.py", line 88, in _run
    self._context.run(self._callback, *self._args)
  File "C:\Users\Hyperbook\miniconda3\Lib\asyncio\proactor_events.py", line 165, in _call_connection_lost
    self._sock.shutdown(socket.SHUT_RDWR)
ConnectionResetError: [WinError 10054] Istniejące połączenie zostało gwałtownie zamknięte przez zdalnego hosta
2026-04-13 19:36:15 | Process-5 | ERROR | asyncio | Exception in callback _ProactorBasePipeTransport._call_connection_lost(None)
handle: <Handle _ProactorBasePipeTransport._call_connection_lost(None)>
Traceback (most recent call last):
  File "C:\Users\Hyperbook\miniconda3\Lib\asyncio\events.py", line 88, in _run
    self._context.run(self._callback, *self._args)
  File "C:\Users\Hyperbook\miniconda3\Lib\asyncio\proactor_events.py", line 165, in _call_connection_lost
    self._sock.shutdown(socket.SHUT_RDWR)
ConnectionResetError: [WinError 10054] Istniejące połączenie zostało gwałtownie zamknięte przez zdalnego hosta
2026-04-13 19:36:16 | Process-5 | ERROR | asyncio | Exception in callback _ProactorBasePipeTransport._call_connection_lost(None)
handle: <Handle _ProactorBasePipeTransport._call_connection_lost(None)>
Traceback (most recent call last):
  File "C:\Users\Hyperbook\miniconda3\Lib\asyncio\events.py", line 88, in _run
    self._context.run(self._callback, *self._args)
  File "C:\Users\Hyperbook\miniconda3\Lib\asyncio\proactor_events.py", line 165, in _call_connection_lost
    self._sock.shutdown(socket.SHUT_RDWR)
ConnectionResetError: [WinError 10054] Istniejące połączenie zostało gwałtownie zamknięte przez zdalnego hosta
2026-04-13 19:36:20 | Process-5 | ERROR | asyncio | Exception in callback _ProactorBasePipeTransport._call_connection_lost(None)
handle: <Handle _ProactorBasePipeTransport._call_connection_lost(None)>
Traceback (most recent call last):
  File "C:\Users\Hyperbook\miniconda3\Lib\asyncio\events.py", line 88, in _run
    self._context.run(self._callback, *self._args)
  File "C:\Users\Hyperbook\miniconda3\Lib\asyncio\proactor_events.py", line 165, in _call_connection_lost
    self._sock.shutdown(socket.SHUT_RDWR)
ConnectionResetError: [WinError 10054] Istniejące połączenie zostało gwałtownie zamknięte przez zdalnego hosta
2026-04-13 19:36:20 | Process-5 | ERROR | asyncio | Exception in callback _ProactorBasePipeTransport._call_connection_lost(None)
handle: <Handle _ProactorBasePipeTransport._call_connection_lost(None)>
Traceback (most recent call last):
  File "C:\Users\Hyperbook\miniconda3\Lib\asyncio\events.py", line 88, in _run
    self._context.run(self._callback, *self._args)
  File "C:\Users\Hyperbook\miniconda3\Lib\asyncio\proactor_events.py", line 165, in _call_connection_lost
    self._sock.shutdown(socket.SHUT_RDWR)
ConnectionResetError: [WinError 10054] Istniejące połączenie zostało gwałtownie zamknięte przez zdalnego hosta
2026-04-13 19:36:21 | Process-5 | ERROR | asyncio | Exception in callback _ProactorBasePipeTransport._call_connection_lost(None)
handle: <Handle _ProactorBasePipeTransport._call_connection_lost(None)>
Traceback (most recent call last):
  File "C:\Users\Hyperbook\miniconda3\Lib\asyncio\events.py", line 88, in _run
    self._context.run(self._callback, *self._args)
  File "C:\Users\Hyperbook\miniconda3\Lib\asyncio\proactor_events.py", line 165, in _call_connection_lost
    self._sock.shutdown(socket.SHUT_RDWR)
ConnectionResetError: [WinError 10054] Istniejące połączenie zostało gwałtownie zamknięte przez zdalnego hosta
2026-04-13 19:36:21 | Process-5 | ERROR | asyncio | Exception in callback _ProactorBasePipeTransport._call_connection_lost(None)
handle: <Handle _ProactorBasePipeTransport._call_connection_lost(None)>
Traceback (most recent call last):
  File "C:\Users\Hyperbook\miniconda3\Lib\asyncio\events.py", line 88, in _run
    self._context.run(self._callback, *self._args)
  File "C:\Users\Hyperbook\miniconda3\Lib\asyncio\proactor_events.py", line 165, in _call_connection_lost
    self._sock.shutdown(socket.SHUT_RDWR)
ConnectionResetError: [WinError 10054] Istniejące połączenie zostało gwałtownie zamknięte przez zdalnego hosta
2026-04-13 19:36:23 | Process-5 | ERROR | asyncio | Exception in callback _ProactorBasePipeTransport._call_connection_lost(None)
handle: <Handle _ProactorBasePipeTransport._call_connection_lost(None)>
Traceback (most recent call last):
  File "C:\Users\Hyperbook\miniconda3\Lib\asyncio\events.py", line 88, in _run
    self._context.run(self._callback, *self._args)
  File "C:\Users\Hyperbook\miniconda3\Lib\asyncio\proactor_events.py", line 165, in _call_connection_lost
    self._sock.shutdown(socket.SHUT_RDWR)
ConnectionResetError: [WinError 10054] Istniejące połączenie zostało gwałtownie zamknięte przez zdalnego hosta
2026-04-13 19:36:23 | Process-5 | ERROR | asyncio | Exception in callback _ProactorBasePipeTransport._call_connection_lost(None)
handle: <Handle _ProactorBasePipeTransport._call_connection_lost(None)>
Traceback (most recent call last):
  File "C:\Users\Hyperbook\miniconda3\Lib\asyncio\events.py", line 88, in _run
    self._context.run(self._callback, *self._args)
  File "C:\Users\Hyperbook\miniconda3\Lib\asyncio\proactor_events.py", line 165, in _call_connection_lost
    self._sock.shutdown(socket.SHUT_RDWR)
ConnectionResetError: [WinError 10054] Istniejące połączenie zostało gwałtownie zamknięte przez zdalnego hosta
2026-04-13 19:36:23 | Process-5 | ERROR | asyncio | Exception in callback _ProactorBasePipeTransport._call_connection_lost(None)
handle: <Handle _ProactorBasePipeTransport._call_connection_lost(None)>
Traceback (most recent call last):
  File "C:\Users\Hyperbook\miniconda3\Lib\asyncio\events.py", line 88, in _run
    self._context.run(self._callback, *self._args)
  File "C:\Users\Hyperbook\miniconda3\Lib\asyncio\proactor_events.py", line 165, in _call_connection_lost
    self._sock.shutdown(socket.SHUT_RDWR)
ConnectionResetError: [WinError 10054] Istniejące połączenie zostało gwałtownie zamknięte przez zdalnego hosta
2026-04-13 19:36:23 | Process-5 | ERROR | asyncio | Exception in callback _ProactorBasePipeTransport._call_connection_lost(None)
handle: <Handle _ProactorBasePipeTransport._call_connection_lost(None)>
Traceback (most recent call last):
  File "C:\Users\Hyperbook\miniconda3\Lib\asyncio\events.py", line 88, in _run
    self._context.run(self._callback, *self._args)
  File "C:\Users\Hyperbook\miniconda3\Lib\asyncio\proactor_events.py", line 165, in _call_connection_lost
    self._sock.shutdown(socket.SHUT_RDWR)
ConnectionResetError: [WinError 10054] Istniejące połączenie zostało gwałtownie zamknięte przez zdalnego hosta
2026-04-13 19:36:23 | Process-5 | ERROR | asyncio | Exception in callback _ProactorBasePipeTransport._call_connection_lost(None)
handle: <Handle _ProactorBasePipeTransport._call_connection_lost(None)>
Traceback (most recent call last):
  File "C:\Users\Hyperbook\miniconda3\Lib\asyncio\events.py", line 88, in _run
    self._context.run(self._callback, *self._args)
  File "C:\Users\Hyperbook\miniconda3\Lib\asyncio\proactor_events.py", line 165, in _call_connection_lost
    self._sock.shutdown(socket.SHUT_RDWR)
ConnectionResetError: [WinError 10054] Istniejące połączenie zostało gwałtownie zamknięte przez zdalnego hosta
2026-04-13 19:36:23 | Process-5 | ERROR | asyncio | Exception in callback _ProactorBasePipeTransport._call_connection_lost(None)
handle: <Handle _ProactorBasePipeTransport._call_connection_lost(None)>
Traceback (most recent call last):
  File "C:\Users\Hyperbook\miniconda3\Lib\asyncio\events.py", line 88, in _run
    self._context.run(self._callback, *self._args)
  File "C:\Users\Hyperbook\miniconda3\Lib\asyncio\proactor_events.py", line 165, in _call_connection_lost
    self._sock.shutdown(socket.SHUT_RDWR)
ConnectionResetError: [WinError 10054] Istniejące połączenie zostało gwałtownie zamknięte przez zdalnego hosta
2026-04-13 19:36:29 | Process-5 | ERROR | asyncio | Exception in callback _ProactorBasePipeTransport._call_connection_lost(None)
handle: <Handle _ProactorBasePipeTransport._call_connection_lost(None)>
Traceback (most recent call last):
  File "C:\Users\Hyperbook\miniconda3\Lib\asyncio\events.py", line 88, in _run
    self._context.run(self._callback, *self._args)
  File "C:\Users\Hyperbook\miniconda3\Lib\asyncio\proactor_events.py", line 165, in _call_connection_lost
    self._sock.shutdown(socket.SHUT_RDWR)
ConnectionResetError: [WinError 10054] Istniejące połączenie zostało gwałtownie zamknięte przez zdalnego hosta
2026-04-13 19:36:30 | Process-5 | ERROR | asyncio | Exception in callback _ProactorBasePipeTransport._call_connection_lost(None)
handle: <Handle _ProactorBasePipeTransport._call_connection_lost(None)>
Traceback (most recent call last):
  File "C:\Users\Hyperbook\miniconda3\Lib\asyncio\events.py", line 88, in _run
    self._context.run(self._callback, *self._args)
  File "C:\Users\Hyperbook\miniconda3\Lib\asyncio\proactor_events.py", line 165, in _call_connection_lost
    self._sock.shutdown(socket.SHUT_RDWR)
ConnectionResetError: [WinError 10054] Istniejące połączenie zostało gwałtownie zamknięte przez zdalnego hosta
2026-04-13 19:36:32 | Process-5 | ERROR | asyncio | Exception in callback _ProactorBasePipeTransport._call_connection_lost(None)
handle: <Handle _ProactorBasePipeTransport._call_connection_lost(None)>
Traceback (most recent call last):
  File "C:\Users\Hyperbook\miniconda3\Lib\asyncio\events.py", line 88, in _run
    self._context.run(self._callback, *self._args)
  File "C:\Users\Hyperbook\miniconda3\Lib\asyncio\proactor_events.py", line 165, in _call_connection_lost
    self._sock.shutdown(socket.SHUT_RDWR)
ConnectionResetError: [WinError 10054] Istniejące połączenie zostało gwałtownie zamknięte przez zdalnego hosta
2026-04-13 19:36:32 | Process-5 | ERROR | asyncio | Exception in callback _ProactorBasePipeTransport._call_connection_lost(None)
handle: <Handle _ProactorBasePipeTransport._call_connection_lost(None)>
Traceback (most recent call last):
  File "C:\Users\Hyperbook\miniconda3\Lib\asyncio\events.py", line 88, in _run
    self._context.run(self._callback, *self._args)
  File "C:\Users\Hyperbook\miniconda3\Lib\asyncio\proactor_events.py", line 165, in _call_connection_lost
    self._sock.shutdown(socket.SHUT_RDWR)
ConnectionResetError: [WinError 10054] Istniejące połączenie zostało gwałtownie zamknięte przez zdalnego hosta
2026-04-13 19:36:32 | Process-5 | ERROR | asyncio | Exception in callback _ProactorBasePipeTransport._call_connection_lost(None)
handle: <Handle _ProactorBasePipeTransport._call_connection_lost(None)>
Traceback (most recent call last):
  File "C:\Users\Hyperbook\miniconda3\Lib\asyncio\events.py", line 88, in _run
    self._context.run(self._callback, *self._args)
  File "C:\Users\Hyperbook\miniconda3\Lib\asyncio\proactor_events.py", line 165, in _call_connection_lost
    self._sock.shutdown(socket.SHUT_RDWR)
ConnectionResetError: [WinError 10054] Istniejące połączenie zostało gwałtownie zamknięte przez zdalnego hosta
2026-04-13 19:36:33 | Process-5 | ERROR | asyncio | Exception in callback _ProactorBasePipeTransport._call_connection_lost(None)
handle: <Handle _ProactorBasePipeTransport._call_connection_lost(None)>
Traceback (most recent call last):
  File "C:\Users\Hyperbook\miniconda3\Lib\asyncio\events.py", line 88, in _run
    self._context.run(self._callback, *self._args)
  File "C:\Users\Hyperbook\miniconda3\Lib\asyncio\proactor_events.py", line 165, in _call_connection_lost
    self._sock.shutdown(socket.SHUT_RDWR)
ConnectionResetError: [WinError 10054] Istniejące połączenie zostało gwałtownie zamknięte przez zdalnego hosta
2026-04-13 19:36:33 | Process-5 | ERROR | asyncio | Exception in callback _ProactorBasePipeTransport._call_connection_lost(None)
handle: <Handle _ProactorBasePipeTransport._call_connection_lost(None)>
Traceback (most recent call last):
  File "C:\Users\Hyperbook\miniconda3\Lib\asyncio\events.py", line 88, in _run
    self._context.run(self._callback, *self._args)
  File "C:\Users\Hyperbook\miniconda3\Lib\asyncio\proactor_events.py", line 165, in _call_connection_lost
    self._sock.shutdown(socket.SHUT_RDWR)
ConnectionResetError: [WinError 10054] Istniejące połączenie zostało gwałtownie zamknięte przez zdalnego hosta
2026-04-13 19:36:35 | Process-5 | ERROR | asyncio | Exception in callback _ProactorBasePipeTransport._call_connection_lost(None)
handle: <Handle _ProactorBasePipeTransport._call_connection_lost(None)>
Traceback (most recent call last):
  File "C:\Users\Hyperbook\miniconda3\Lib\asyncio\events.py", line 88, in _run
    self._context.run(self._callback, *self._args)
  File "C:\Users\Hyperbook\miniconda3\Lib\asyncio\proactor_events.py", line 165, in _call_connection_lost
    self._sock.shutdown(socket.SHUT_RDWR)
ConnectionResetError: [WinError 10054] Istniejące połączenie zostało gwałtownie zamknięte przez zdalnego hosta
2026-04-13 19:36:35 | Process-5 | ERROR | asyncio | Exception in callback _ProactorBasePipeTransport._call_connection_lost(None)
handle: <Handle _ProactorBasePipeTransport._call_connection_lost(None)>
Traceback (most recent call last):
  File "C:\Users\Hyperbook\miniconda3\Lib\asyncio\events.py", line 88, in _run
    self._context.run(self._callback, *self._args)
  File "C:\Users\Hyperbook\miniconda3\Lib\asyncio\proactor_events.py", line 165, in _call_connection_lost
    self._sock.shutdown(socket.SHUT_RDWR)
ConnectionResetError: [WinError 10054] Istniejące połączenie zostało gwałtownie zamknięte przez zdalnego hosta
2026-04-13 19:36:36 | Process-5 | ERROR | asyncio | Exception in callback _ProactorBasePipeTransport._call_connection_lost(None)
handle: <Handle _ProactorBasePipeTransport._call_connection_lost(None)>
Traceback (most recent call last):
  File "C:\Users\Hyperbook\miniconda3\Lib\asyncio\events.py", line 88, in _run
    self._context.run(self._callback, *self._args)
  File "C:\Users\Hyperbook\miniconda3\Lib\asyncio\proactor_events.py", line 165, in _call_connection_lost
    self._sock.shutdown(socket.SHUT_RDWR)
ConnectionResetError: [WinError 10054] Istniejące połączenie zostało gwałtownie zamknięte przez zdalnego hosta
2026-04-13 19:36:37 | Process-5 | ERROR | asyncio | Exception in callback _ProactorBasePipeTransport._call_connection_lost(None)
handle: <Handle _ProactorBasePipeTransport._call_connection_lost(None)>
Traceback (most recent call last):
  File "C:\Users\Hyperbook\miniconda3\Lib\asyncio\events.py", line 88, in _run
    self._context.run(self._callback, *self._args)
  File "C:\Users\Hyperbook\miniconda3\Lib\asyncio\proactor_events.py", line 165, in _call_connection_lost
    self._sock.shutdown(socket.SHUT_RDWR)
ConnectionResetError: [WinError 10054] Istniejące połączenie zostało gwałtownie zamknięte przez zdalnego hosta
2026-04-13 19:36:37 | Process-5 | ERROR | asyncio | Exception in callback _ProactorBasePipeTransport._call_connection_lost(None)
handle: <Handle _ProactorBasePipeTransport._call_connection_lost(None)>
Traceback (most recent call last):
  File "C:\Users\Hyperbook\miniconda3\Lib\asyncio\events.py", line 88, in _run
    self._context.run(self._callback, *self._args)
  File "C:\Users\Hyperbook\miniconda3\Lib\asyncio\proactor_events.py", line 165, in _call_connection_lost
    self._sock.shutdown(socket.SHUT_RDWR)
ConnectionResetError: [WinError 10054] Istniejące połączenie zostało gwałtownie zamknięte przez zdalnego hosta
2026-04-13 19:36:38 | Process-5 | ERROR | asyncio | Exception in callback _ProactorBasePipeTransport._call_connection_lost(None)
handle: <Handle _ProactorBasePipeTransport._call_connection_lost(None)>
Traceback (most recent call last):
  File "C:\Users\Hyperbook\miniconda3\Lib\asyncio\events.py", line 88, in _run
    self._context.run(self._callback, *self._args)
  File "C:\Users\Hyperbook\miniconda3\Lib\asyncio\proactor_events.py", line 165, in _call_connection_lost
    self._sock.shutdown(socket.SHUT_RDWR)
ConnectionResetError: [WinError 10054] Istniejące połączenie zostało gwałtownie zamknięte przez zdalnego hosta
2026-04-13 19:36:39 | Process-5 | ERROR | asyncio | Exception in callback _ProactorBasePipeTransport._call_connection_lost(None)
handle: <Handle _ProactorBasePipeTransport._call_connection_lost(None)>
Traceback (most recent call last):
  File "C:\Users\Hyperbook\miniconda3\Lib\asyncio\events.py", line 88, in _run
    self._context.run(self._callback, *self._args)
  File "C:\Users\Hyperbook\miniconda3\Lib\asyncio\proactor_events.py", line 165, in _call_connection_lost
    self._sock.shutdown(socket.SHUT_RDWR)
ConnectionResetError: [WinError 10054] Istniejące połączenie zostało gwałtownie zamknięte przez zdalnego hosta
2026-04-13 19:36:39 | Process-5 | ERROR | asyncio | Exception in callback _ProactorBasePipeTransport._call_connection_lost(None)
handle: <Handle _ProactorBasePipeTransport._call_connection_lost(None)>
Traceback (most recent call last):
  File "C:\Users\Hyperbook\miniconda3\Lib\asyncio\events.py", line 88, in _run
    self._context.run(self._callback, *self._args)
  File "C:\Users\Hyperbook\miniconda3\Lib\asyncio\proactor_events.py", line 165, in _call_connection_lost
    self._sock.shutdown(socket.SHUT_RDWR)
ConnectionResetError: [WinError 10054] Istniejące połączenie zostało gwałtownie zamknięte przez zdalnego hosta
2026-04-13 19:36:40 | Process-5 | ERROR | asyncio | Exception in callback _ProactorBasePipeTransport._call_connection_lost(None)
handle: <Handle _ProactorBasePipeTransport._call_connection_lost(None)>
Traceback (most recent call last):
  File "C:\Users\Hyperbook\miniconda3\Lib\asyncio\events.py", line 88, in _run
    self._context.run(self._callback, *self._args)
  File "C:\Users\Hyperbook\miniconda3\Lib\asyncio\proactor_events.py", line 165, in _call_connection_lost
    self._sock.shutdown(socket.SHUT_RDWR)
ConnectionResetError: [WinError 10054] Istniejące połączenie zostało gwałtownie zamknięte przez zdalnego hosta
2026-04-13 19:36:40 | Process-5 | ERROR | asyncio | Exception in callback _ProactorBasePipeTransport._call_connection_lost(None)
handle: <Handle _ProactorBasePipeTransport._call_connection_lost(None)>
Traceback (most recent call last):
  File "C:\Users\Hyperbook\miniconda3\Lib\asyncio\events.py", line 88, in _run
    self._context.run(self._callback, *self._args)
  File "C:\Users\Hyperbook\miniconda3\Lib\asyncio\proactor_events.py", line 165, in _call_connection_lost
    self._sock.shutdown(socket.SHUT_RDWR)
ConnectionResetError: [WinError 10054] Istniejące połączenie zostało gwałtownie zamknięte przez zdalnego hosta
2026-04-13 19:36:41 | Process-5 | ERROR | asyncio | Exception in callback _ProactorBasePipeTransport._call_connection_lost(None)
handle: <Handle _ProactorBasePipeTransport._call_connection_lost(None)>
Traceback (most recent call last):
  File "C:\Users\Hyperbook\miniconda3\Lib\asyncio\events.py", line 88, in _run
    self._context.run(self._callback, *self._args)
  File "C:\Users\Hyperbook\miniconda3\Lib\asyncio\proactor_events.py", line 165, in _call_connection_lost
    self._sock.shutdown(socket.SHUT_RDWR)
ConnectionResetError: [WinError 10054] Istniejące połączenie zostało gwałtownie zamknięte przez zdalnego hosta
2026-04-13 19:36:41 | Process-5 | ERROR | asyncio | Exception in callback _ProactorBasePipeTransport._call_connection_lost(None)
handle: <Handle _ProactorBasePipeTransport._call_connection_lost(None)>
Traceback (most recent call last):
  File "C:\Users\Hyperbook\miniconda3\Lib\asyncio\events.py", line 88, in _run
    self._context.run(self._callback, *self._args)
  File "C:\Users\Hyperbook\miniconda3\Lib\asyncio\proactor_events.py", line 165, in _call_connection_lost
    self._sock.shutdown(socket.SHUT_RDWR)
ConnectionResetError: [WinError 10054] Istniejące połączenie zostało gwałtownie zamknięte przez zdalnego hosta
2026-04-13 19:36:42 | Process-5 | ERROR | asyncio | Exception in callback _ProactorBasePipeTransport._call_connection_lost(None)
handle: <Handle _ProactorBasePipeTransport._call_connection_lost(None)>
Traceback (most recent call last):
  File "C:\Users\Hyperbook\miniconda3\Lib\asyncio\events.py", line 88, in _run
    self._context.run(self._callback, *self._args)
  File "C:\Users\Hyperbook\miniconda3\Lib\asyncio\proactor_events.py", line 165, in _call_connection_lost
    self._sock.shutdown(socket.SHUT_RDWR)
ConnectionResetError: [WinError 10054] Istniejące połączenie zostało gwałtownie zamknięte przez zdalnego hosta
2026-04-13 19:36:43 | Process-5 | ERROR | asyncio | Exception in callback _ProactorBasePipeTransport._call_connection_lost(None)
handle: <Handle _ProactorBasePipeTransport._call_connection_lost(None)>
Traceback (most recent call last):
  File "C:\Users\Hyperbook\miniconda3\Lib\asyncio\events.py", line 88, in _run
    self._context.run(self._callback, *self._args)
  File "C:\Users\Hyperbook\miniconda3\Lib\asyncio\proactor_events.py", line 165, in _call_connection_lost
    self._sock.shutdown(socket.SHUT_RDWR)
ConnectionResetError: [WinError 10054] Istniejące połączenie zostało gwałtownie zamknięte przez zdalnego hosta
2026-04-13 19:36:43 | Process-5 | ERROR | asyncio | Exception in callback _ProactorBasePipeTransport._call_connection_lost(None)
handle: <Handle _ProactorBasePipeTransport._call_connection_lost(None)>
Traceback (most recent call last):
  File "C:\Users\Hyperbook\miniconda3\Lib\asyncio\events.py", line 88, in _run
    self._context.run(self._callback, *self._args)
  File "C:\Users\Hyperbook\miniconda3\Lib\asyncio\proactor_events.py", line 165, in _call_connection_lost
    self._sock.shutdown(socket.SHUT_RDWR)
ConnectionResetError: [WinError 10054] Istniejące połączenie zostało gwałtownie zamknięte przez zdalnego hosta
2026-04-13 19:36:43 | Process-5 | ERROR | asyncio | Exception in callback _ProactorBasePipeTransport._call_connection_lost(None)
handle: <Handle _ProactorBasePipeTransport._call_connection_lost(None)>
Traceback (most recent call last):
  File "C:\Users\Hyperbook\miniconda3\Lib\asyncio\events.py", line 88, in _run
    self._context.run(self._callback, *self._args)
  File "C:\Users\Hyperbook\miniconda3\Lib\asyncio\proactor_events.py", line 165, in _call_connection_lost
    self._sock.shutdown(socket.SHUT_RDWR)
ConnectionResetError: [WinError 10054] Istniejące połączenie zostało gwałtownie zamknięte przez zdalnego hosta
2026-04-13 19:36:44 | Process-5 | ERROR | asyncio | Exception in callback _ProactorBasePipeTransport._call_connection_lost(None)
handle: <Handle _ProactorBasePipeTransport._call_connection_lost(None)>
Traceback (most recent call last):
  File "C:\Users\Hyperbook\miniconda3\Lib\asyncio\events.py", line 88, in _run
    self._context.run(self._callback, *self._args)
  File "C:\Users\Hyperbook\miniconda3\Lib\asyncio\proactor_events.py", line 165, in _call_connection_lost
    self._sock.shutdown(socket.SHUT_RDWR)
ConnectionResetError: [WinError 10054] Istniejące połączenie zostało gwałtownie zamknięte przez zdalnego hosta
2026-04-13 19:36:44 | Process-5 | ERROR | asyncio | Exception in callback _ProactorBasePipeTransport._call_connection_lost(None)
handle: <Handle _ProactorBasePipeTransport._call_connection_lost(None)>
Traceback (most recent call last):
  File "C:\Users\Hyperbook\miniconda3\Lib\asyncio\events.py", line 88, in _run
    self._context.run(self._callback, *self._args)
  File "C:\Users\Hyperbook\miniconda3\Lib\asyncio\proactor_events.py", line 165, in _call_connection_lost
    self._sock.shutdown(socket.SHUT_RDWR)
ConnectionResetError: [WinError 10054] Istniejące połączenie zostało gwałtownie zamknięte przez zdalnego hosta
2026-04-13 19:36:48 | Process-5 | ERROR | asyncio | Exception in callback _ProactorBasePipeTransport._call_connection_lost(None)
handle: <Handle _ProactorBasePipeTransport._call_connection_lost(None)>
Traceback (most recent call last):
  File "C:\Users\Hyperbook\miniconda3\Lib\asyncio\events.py", line 88, in _run
    self._context.run(self._callback, *self._args)
  File "C:\Users\Hyperbook\miniconda3\Lib\asyncio\proactor_events.py", line 165, in _call_connection_lost
    self._sock.shutdown(socket.SHUT_RDWR)
ConnectionResetError: [WinError 10054] Istniejące połączenie zostało gwałtownie zamknięte przez zdalnego hosta
2026-04-13 19:36:48 | Process-5 | ERROR | asyncio | Exception in callback _ProactorBasePipeTransport._call_connection_lost(None)
handle: <Handle _ProactorBasePipeTransport._call_connection_lost(None)>
Traceback (most recent call last):
  File "C:\Users\Hyperbook\miniconda3\Lib\asyncio\events.py", line 88, in _run
    self._context.run(self._callback, *self._args)
  File "C:\Users\Hyperbook\miniconda3\Lib\asyncio\proactor_events.py", line 165, in _call_connection_lost
    self._sock.shutdown(socket.SHUT_RDWR)
ConnectionResetError: [WinError 10054] Istniejące połączenie zostało gwałtownie zamknięte przez zdalnego hosta
2026-04-13 19:36:57 | Process-5 | ERROR | asyncio | Exception in callback _ProactorBasePipeTransport._call_connection_lost(None)
handle: <Handle _ProactorBasePipeTransport._call_connection_lost(None)>
Traceback (most recent call last):
  File "C:\Users\Hyperbook\miniconda3\Lib\asyncio\events.py", line 88, in _run
    self._context.run(self._callback, *self._args)
  File "C:\Users\Hyperbook\miniconda3\Lib\asyncio\proactor_events.py", line 165, in _call_connection_lost
    self._sock.shutdown(socket.SHUT_RDWR)
ConnectionResetError: [WinError 10054] Istniejące połączenie zostało gwałtownie zamknięte przez zdalnego hosta
2026-04-13 19:37:00 | Process-5 | ERROR | asyncio | Exception in callback _ProactorBasePipeTransport._call_connection_lost(None)
handle: <Handle _ProactorBasePipeTransport._call_connection_lost(None)>
Traceback (most recent call last):
  File "C:\Users\Hyperbook\miniconda3\Lib\asyncio\events.py", line 88, in _run
    self._context.run(self._callback, *self._args)
  File "C:\Users\Hyperbook\miniconda3\Lib\asyncio\proactor_events.py", line 165, in _call_connection_lost
    self._sock.shutdown(socket.SHUT_RDWR)
ConnectionResetError: [WinError 10054] Istniejące połączenie zostało gwałtownie zamknięte przez zdalnego hosta
2026-04-13 19:37:00 | Process-5 | ERROR | asyncio | Exception in callback _ProactorBasePipeTransport._call_connection_lost(None)
handle: <Handle _ProactorBasePipeTransport._call_connection_lost(None)>
Traceback (most recent call last):
  File "C:\Users\Hyperbook\miniconda3\Lib\asyncio\events.py", line 88, in _run
    self._context.run(self._callback, *self._args)
  File "C:\Users\Hyperbook\miniconda3\Lib\asyncio\proactor_events.py", line 165, in _call_connection_lost
    self._sock.shutdown(socket.SHUT_RDWR)
ConnectionResetError: [WinError 10054] Istniejące połączenie zostało gwałtownie zamknięte przez zdalnego hosta
2026-04-13 19:37:00 | Process-5 | ERROR | asyncio | Exception in callback _ProactorBasePipeTransport._call_connection_lost(None)
handle: <Handle _ProactorBasePipeTransport._call_connection_lost(None)>
Traceback (most recent call last):
  File "C:\Users\Hyperbook\miniconda3\Lib\asyncio\events.py", line 88, in _run
    self._context.run(self._callback, *self._args)
  File "C:\Users\Hyperbook\miniconda3\Lib\asyncio\proactor_events.py", line 165, in _call_connection_lost
    self._sock.shutdown(socket.SHUT_RDWR)
ConnectionResetError: [WinError 10054] Istniejące połączenie zostało gwałtownie zamknięte przez zdalnego hosta
2026-04-13 19:37:02 | Process-5 | ERROR | asyncio | Exception in callback _ProactorBasePipeTransport._call_connection_lost(None)
handle: <Handle _ProactorBasePipeTransport._call_connection_lost(None)>
Traceback (most recent call last):
  File "C:\Users\Hyperbook\miniconda3\Lib\asyncio\events.py", line 88, in _run
    self._context.run(self._callback, *self._args)
  File "C:\Users\Hyperbook\miniconda3\Lib\asyncio\proactor_events.py", line 165, in _call_connection_lost
    self._sock.shutdown(socket.SHUT_RDWR)
ConnectionResetError: [WinError 10054] Istniejące połączenie zostało gwałtownie zamknięte przez zdalnego hosta
2026-04-13 19:37:03 | Process-5 | ERROR | asyncio | Exception in callback _ProactorBasePipeTransport._call_connection_lost(None)
handle: <Handle _ProactorBasePipeTransport._call_connection_lost(None)>
Traceback (most recent call last):
  File "C:\Users\Hyperbook\miniconda3\Lib\asyncio\events.py", line 88, in _run
    self._context.run(self._callback, *self._args)
  File "C:\Users\Hyperbook\miniconda3\Lib\asyncio\proactor_events.py", line 165, in _call_connection_lost
    self._sock.shutdown(socket.SHUT_RDWR)
ConnectionResetError: [WinError 10054] Istniejące połączenie zostało gwałtownie zamknięte przez zdalnego hosta
2026-04-13 19:37:04 | Process-5 | ERROR | asyncio | Exception in callback _ProactorBasePipeTransport._call_connection_lost(None)
handle: <Handle _ProactorBasePipeTransport._call_connection_lost(None)>
Traceback (most recent call last):
  File "C:\Users\Hyperbook\miniconda3\Lib\asyncio\events.py", line 88, in _run
    self._context.run(self._callback, *self._args)
  File "C:\Users\Hyperbook\miniconda3\Lib\asyncio\proactor_events.py", line 165, in _call_connection_lost
    self._sock.shutdown(socket.SHUT_RDWR)
ConnectionResetError: [WinError 10054] Istniejące połączenie zostało gwałtownie zamknięte przez zdalnego hosta
2026-04-13 19:37:04 | Process-5 | ERROR | asyncio | Exception in callback _ProactorBasePipeTransport._call_connection_lost(None)
handle: <Handle _ProactorBasePipeTransport._call_connection_lost(None)>
Traceback (most recent call last):
  File "C:\Users\Hyperbook\miniconda3\Lib\asyncio\events.py", line 88, in _run
    self._context.run(self._callback, *self._args)
  File "C:\Users\Hyperbook\miniconda3\Lib\asyncio\proactor_events.py", line 165, in _call_connection_lost
    self._sock.shutdown(socket.SHUT_RDWR)
ConnectionResetError: [WinError 10054] Istniejące połączenie zostało gwałtownie zamknięte przez zdalnego hosta
2026-04-13 19:37:05 | Process-5 | ERROR | asyncio | Exception in callback _ProactorBasePipeTransport._call_connection_lost(None)
handle: <Handle _ProactorBasePipeTransport._call_connection_lost(None)>
Traceback (most recent call last):
  File "C:\Users\Hyperbook\miniconda3\Lib\asyncio\events.py", line 88, in _run
    self._context.run(self._callback, *self._args)
  File "C:\Users\Hyperbook\miniconda3\Lib\asyncio\proactor_events.py", line 165, in _call_connection_lost
    self._sock.shutdown(socket.SHUT_RDWR)
ConnectionResetError: [WinError 10054] Istniejące połączenie zostało gwałtownie zamknięte przez zdalnego hosta
2026-04-13 19:37:08 | Process-5 | ERROR | asyncio | Exception in callback _ProactorBasePipeTransport._call_connection_lost(None)
handle: <Handle _ProactorBasePipeTransport._call_connection_lost(None)>
Traceback (most recent call last):
  File "C:\Users\Hyperbook\miniconda3\Lib\asyncio\events.py", line 88, in _run
    self._context.run(self._callback, *self._args)
  File "C:\Users\Hyperbook\miniconda3\Lib\asyncio\proactor_events.py", line 165, in _call_connection_lost
    self._sock.shutdown(socket.SHUT_RDWR)
ConnectionResetError: [WinError 10054] Istniejące połączenie zostało gwałtownie zamknięte przez zdalnego hosta
2026-04-13 19:37:09 | Process-5 | ERROR | asyncio | Exception in callback _ProactorBasePipeTransport._call_connection_lost(None)
handle: <Handle _ProactorBasePipeTransport._call_connection_lost(None)>
Traceback (most recent call last):
  File "C:\Users\Hyperbook\miniconda3\Lib\asyncio\events.py", line 88, in _run
    self._context.run(self._callback, *self._args)
  File "C:\Users\Hyperbook\miniconda3\Lib\asyncio\proactor_events.py", line 165, in _call_connection_lost
    self._sock.shutdown(socket.SHUT_RDWR)
ConnectionResetError: [WinError 10054] Istniejące połączenie zostało gwałtownie zamknięte przez zdalnego hosta
2026-04-13 19:37:09 | Process-5 | ERROR | asyncio | Exception in callback _ProactorBasePipeTransport._call_connection_lost(None)
handle: <Handle _ProactorBasePipeTransport._call_connection_lost(None)>
Traceback (most recent call last):
  File "C:\Users\Hyperbook\miniconda3\Lib\asyncio\events.py", line 88, in _run
    self._context.run(self._callback, *self._args)
  File "C:\Users\Hyperbook\miniconda3\Lib\asyncio\proactor_events.py", line 165, in _call_connection_lost
    self._sock.shutdown(socket.SHUT_RDWR)
ConnectionResetError: [WinError 10054] Istniejące połączenie zostało gwałtownie zamknięte przez zdalnego hosta
2026-04-13 19:37:12 | Process-5 | ERROR | asyncio | Exception in callback _ProactorBasePipeTransport._call_connection_lost(None)
handle: <Handle _ProactorBasePipeTransport._call_connection_lost(None)>
Traceback (most recent call last):
  File "C:\Users\Hyperbook\miniconda3\Lib\asyncio\events.py", line 88, in _run
    self._context.run(self._callback, *self._args)
  File "C:\Users\Hyperbook\miniconda3\Lib\asyncio\proactor_events.py", line 165, in _call_connection_lost
    self._sock.shutdown(socket.SHUT_RDWR)
ConnectionResetError: [WinError 10054] Istniejące połączenie zostało gwałtownie zamknięte przez zdalnego hosta
2026-04-13 19:37:12 | Process-5 | ERROR | asyncio | Exception in callback _ProactorBasePipeTransport._call_connection_lost(None)
handle: <Handle _ProactorBasePipeTransport._call_connection_lost(None)>
Traceback (most recent call last):
  File "C:\Users\Hyperbook\miniconda3\Lib\asyncio\events.py", line 88, in _run
    self._context.run(self._callback, *self._args)
  File "C:\Users\Hyperbook\miniconda3\Lib\asyncio\proactor_events.py", line 165, in _call_connection_lost
    self._sock.shutdown(socket.SHUT_RDWR)
ConnectionResetError: [WinError 10054] Istniejące połączenie zostało gwałtownie zamknięte przez zdalnego hosta
2026-04-13 19:37:13 | Process-5 | ERROR | asyncio | Exception in callback _ProactorBasePipeTransport._call_connection_lost(None)
handle: <Handle _ProactorBasePipeTransport._call_connection_lost(None)>
Traceback (most recent call last):
  File "C:\Users\Hyperbook\miniconda3\Lib\asyncio\events.py", line 88, in _run
    self._context.run(self._callback, *self._args)
  File "C:\Users\Hyperbook\miniconda3\Lib\asyncio\proactor_events.py", line 165, in _call_connection_lost
    self._sock.shutdown(socket.SHUT_RDWR)
ConnectionResetError: [WinError 10054] Istniejące połączenie zostało gwałtownie zamknięte przez zdalnego hosta
2026-04-13 19:37:16 | Process-5 | ERROR | asyncio | Exception in callback _ProactorBasePipeTransport._call_connection_lost(None)
handle: <Handle _ProactorBasePipeTransport._call_connection_lost(None)>
Traceback (most recent call last):
  File "C:\Users\Hyperbook\miniconda3\Lib\asyncio\events.py", line 88, in _run
    self._context.run(self._callback, *self._args)
  File "C:\Users\Hyperbook\miniconda3\Lib\asyncio\proactor_events.py", line 165, in _call_connection_lost
    self._sock.shutdown(socket.SHUT_RDWR)
ConnectionResetError: [WinError 10054] Istniejące połączenie zostało gwałtownie zamknięte przez zdalnego hosta
2026-04-13 19:37:20 | Process-5 | ERROR | asyncio | Exception in callback _ProactorBasePipeTransport._call_connection_lost(None)
handle: <Handle _ProactorBasePipeTransport._call_connection_lost(None)>
Traceback (most recent call last):
  File "C:\Users\Hyperbook\miniconda3\Lib\asyncio\events.py", line 88, in _run
    self._context.run(self._callback, *self._args)
  File "C:\Users\Hyperbook\miniconda3\Lib\asyncio\proactor_events.py", line 165, in _call_connection_lost
    self._sock.shutdown(socket.SHUT_RDWR)
ConnectionResetError: [WinError 10054] Istniejące połączenie zostało gwałtownie zamknięte przez zdalnego hosta
2026-04-13 19:37:21 | Process-5 | ERROR | asyncio | Exception in callback _ProactorBasePipeTransport._call_connection_lost(None)
handle: <Handle _ProactorBasePipeTransport._call_connection_lost(None)>
Traceback (most recent call last):
  File "C:\Users\Hyperbook\miniconda3\Lib\asyncio\events.py", line 88, in _run
    self._context.run(self._callback, *self._args)
  File "C:\Users\Hyperbook\miniconda3\Lib\asyncio\proactor_events.py", line 165, in _call_connection_lost
    self._sock.shutdown(socket.SHUT_RDWR)
ConnectionResetError: [WinError 10054] Istniejące połączenie zostało gwałtownie zamknięte przez zdalnego hosta
2026-04-13 19:37:21 | Process-5 | ERROR | asyncio | Exception in callback _ProactorBasePipeTransport._call_connection_lost(None)
handle: <Handle _ProactorBasePipeTransport._call_connection_lost(None)>
Traceback (most recent call last):
  File "C:\Users\Hyperbook\miniconda3\Lib\asyncio\events.py", line 88, in _run
    self._context.run(self._callback, *self._args)
  File "C:\Users\Hyperbook\miniconda3\Lib\asyncio\proactor_events.py", line 165, in _call_connection_lost
    self._sock.shutdown(socket.SHUT_RDWR)
ConnectionResetError: [WinError 10054] Istniejące połączenie zostało gwałtownie zamknięte przez zdalnego hosta
2026-04-13 19:37:21 | Process-5 | ERROR | asyncio | Exception in callback _ProactorBasePipeTransport._call_connection_lost(None)
handle: <Handle _ProactorBasePipeTransport._call_connection_lost(None)>
Traceback (most recent call last):
  File "C:\Users\Hyperbook\miniconda3\Lib\asyncio\events.py", line 88, in _run
    self._context.run(self._callback, *self._args)
  File "C:\Users\Hyperbook\miniconda3\Lib\asyncio\proactor_events.py", line 165, in _call_connection_lost
    self._sock.shutdown(socket.SHUT_RDWR)
ConnectionResetError: [WinError 10054] Istniejące połączenie zostało gwałtownie zamknięte przez zdalnego hosta
2026-04-13 19:37:22 | Process-5 | ERROR | asyncio | Exception in callback _ProactorBasePipeTransport._call_connection_lost(None)
handle: <Handle _ProactorBasePipeTransport._call_connection_lost(None)>
Traceback (most recent call last):
  File "C:\Users\Hyperbook\miniconda3\Lib\asyncio\events.py", line 88, in _run
    self._context.run(self._callback, *self._args)
  File "C:\Users\Hyperbook\miniconda3\Lib\asyncio\proactor_events.py", line 165, in _call_connection_lost
    self._sock.shutdown(socket.SHUT_RDWR)
ConnectionResetError: [WinError 10054] Istniejące połączenie zostało gwałtownie zamknięte przez zdalnego hosta
2026-04-13 19:37:23 | Process-5 | ERROR | asyncio | Exception in callback _ProactorBasePipeTransport._call_connection_lost(None)
handle: <Handle _ProactorBasePipeTransport._call_connection_lost(None)>
Traceback (most recent call last):
  File "C:\Users\Hyperbook\miniconda3\Lib\asyncio\events.py", line 88, in _run
    self._context.run(self._callback, *self._args)
  File "C:\Users\Hyperbook\miniconda3\Lib\asyncio\proactor_events.py", line 165, in _call_connection_lost
    self._sock.shutdown(socket.SHUT_RDWR)
ConnectionResetError: [WinError 10054] Istniejące połączenie zostało gwałtownie zamknięte przez zdalnego hosta
2026-04-13 19:37:25 | Process-5 | ERROR | asyncio | Exception in callback _ProactorBasePipeTransport._call_connection_lost(None)
handle: <Handle _ProactorBasePipeTransport._call_connection_lost(None)>
Traceback (most recent call last):
  File "C:\Users\Hyperbook\miniconda3\Lib\asyncio\events.py", line 88, in _run
    self._context.run(self._callback, *self._args)
  File "C:\Users\Hyperbook\miniconda3\Lib\asyncio\proactor_events.py", line 165, in _call_connection_lost
    self._sock.shutdown(socket.SHUT_RDWR)
ConnectionResetError: [WinError 10054] Istniejące połączenie zostało gwałtownie zamknięte przez zdalnego hosta
2026-04-13 19:37:26 | Process-5 | ERROR | asyncio | Exception in callback _ProactorBasePipeTransport._call_connection_lost(None)
handle: <Handle _ProactorBasePipeTransport._call_connection_lost(None)>
Traceback (most recent call last):
  File "C:\Users\Hyperbook\miniconda3\Lib\asyncio\events.py", line 88, in _run
    self._context.run(self._callback, *self._args)
  File "C:\Users\Hyperbook\miniconda3\Lib\asyncio\proactor_events.py", line 165, in _call_connection_lost
    self._sock.shutdown(socket.SHUT_RDWR)
ConnectionResetError: [WinError 10054] Istniejące połączenie zostało gwałtownie zamknięte przez zdalnego hosta
2026-04-13 19:41:27 | Process-6 | INFO | core.log_setup | LOG start → C:\Users\Hyperbook\python_project\VolleyHub_K\logs\volleyhub.log
2026-04-13 19:41:29 | Process-6 | ERROR | asyncio | Exception in callback _ProactorBasePipeTransport._call_connection_lost(None)
handle: <Handle _ProactorBasePipeTransport._call_connection_lost(None)>
Traceback (most recent call last):
  File "C:\Users\Hyperbook\miniconda3\Lib\asyncio\events.py", line 88, in _run
    self._context.run(self._callback, *self._args)
  File "C:\Users\Hyperbook\miniconda3\Lib\asyncio\proactor_events.py", line 165, in _call_connection_lost
    self._sock.shutdown(socket.SHUT_RDWR)
ConnectionResetError: [WinError 10054] Istniejące połączenie zostało gwałtownie zamknięte przez zdalnego hosta
2026-04-13 19:41:29 | Process-6 | ERROR | asyncio | Exception in callback _ProactorBasePipeTransport._call_connection_lost(None)
handle: <Handle _ProactorBasePipeTransport._call_connection_lost(None)>
Traceback (most recent call last):
  File "C:\Users\Hyperbook\miniconda3\Lib\asyncio\events.py", line 88, in _run
    self._context.run(self._callback, *self._args)
  File "C:\Users\Hyperbook\miniconda3\Lib\asyncio\proactor_events.py", line 165, in _call_connection_lost
    self._sock.shutdown(socket.SHUT_RDWR)
ConnectionResetError: [WinError 10054] Istniejące połączenie zostało gwałtownie zamknięte przez zdalnego hosta
2026-04-13 19:41:30 | Process-6 | ERROR | asyncio | Exception in callback _ProactorBasePipeTransport._call_connection_lost(None)
handle: <Handle _ProactorBasePipeTransport._call_connection_lost(None)>
Traceback (most recent call last):
  File "C:\Users\Hyperbook\miniconda3\Lib\asyncio\events.py", line 88, in _run
    self._context.run(self._callback, *self._args)
  File "C:\Users\Hyperbook\miniconda3\Lib\asyncio\proactor_events.py", line 165, in _call_connection_lost
    self._sock.shutdown(socket.SHUT_RDWR)
ConnectionResetError: [WinError 10054] Istniejące połączenie zostało gwałtownie zamknięte przez zdalnego hosta
2026-04-13 19:41:31 | Process-6 | ERROR | asyncio | Exception in callback _ProactorBasePipeTransport._call_connection_lost(None)
handle: <Handle _ProactorBasePipeTransport._call_connection_lost(None)>
Traceback (most recent call last):
  File "C:\Users\Hyperbook\miniconda3\Lib\asyncio\events.py", line 88, in _run
    self._context.run(self._callback, *self._args)
  File "C:\Users\Hyperbook\miniconda3\Lib\asyncio\proactor_events.py", line 165, in _call_connection_lost
    self._sock.shutdown(socket.SHUT_RDWR)
ConnectionResetError: [WinError 10054] Istniejące połączenie zostało gwałtownie zamknięte przez zdalnego hosta
2026-04-13 19:41:35 | Process-6 | ERROR | asyncio | Exception in callback _ProactorBasePipeTransport._call_connection_lost(None)
handle: <Handle _ProactorBasePipeTransport._call_connection_lost(None)>
Traceback (most recent call last):
  File "C:\Users\Hyperbook\miniconda3\Lib\asyncio\events.py", line 88, in _run
    self._context.run(self._callback, *self._args)
  File "C:\Users\Hyperbook\miniconda3\Lib\asyncio\proactor_events.py", line 165, in _call_connection_lost
    self._sock.shutdown(socket.SHUT_RDWR)
ConnectionResetError: [WinError 10054] Istniejące połączenie zostało gwałtownie zamknięte przez zdalnego hosta
2026-04-13 19:58:50 | MainProcess | INFO | core.log_setup | LOG start → C:\Users\Hyperbook\python_project\VolleyHub_K\logs\volleyhub.log
2026-04-13 19:58:51 | SyncManager-1 | INFO | core.log_setup | LOG start → C:\Users\Hyperbook\python_project\VolleyHub_K\logs\volleyhub.log
2026-04-13 19:59:11 | preview_gui | INFO | core.log_setup | LOG start → C:\Users\Hyperbook\python_project\VolleyHub_K\logs\volleyhub.log
2026-04-13 19:59:15 | Process-3 | INFO | core.log_setup | LOG start → C:\Users\Hyperbook\python_project\VolleyHub_K\logs\volleyhub.log
2026-04-13 20:03:45 | SyncManager-4 | INFO | core.log_setup | LOG start → C:\Users\Hyperbook\python_project\VolleyHub_K\logs\volleyhub.log
2026-04-13 20:03:46 | Process-5 | INFO | core.log_setup | LOG start → C:\Users\Hyperbook\python_project\VolleyHub_K\logs\volleyhub.log
2026-04-13 20:03:58 | Process-5 | ERROR | asyncio | Exception in callback _ProactorBasePipeTransport._call_connection_lost(None)
handle: <Handle _ProactorBasePipeTransport._call_connection_lost(None)>
Traceback (most recent call last):
  File "C:\Users\Hyperbook\miniconda3\Lib\asyncio\events.py", line 88, in _run
    self._context.run(self._callback, *self._args)
  File "C:\Users\Hyperbook\miniconda3\Lib\asyncio\proactor_events.py", line 165, in _call_connection_lost
    self._sock.shutdown(socket.SHUT_RDWR)
ConnectionResetError: [WinError 10054] Istniejące połączenie zostało gwałtownie zamknięte przez zdalnego hosta
2026-04-13 20:03:58 | Process-5 | ERROR | asyncio | Exception in callback _ProactorBasePipeTransport._call_connection_lost(None)
handle: <Handle _ProactorBasePipeTransport._call_connection_lost(None)>
Traceback (most recent call last):
  File "C:\Users\Hyperbook\miniconda3\Lib\asyncio\events.py", line 88, in _run
    self._context.run(self._callback, *self._args)
  File "C:\Users\Hyperbook\miniconda3\Lib\asyncio\proactor_events.py", line 165, in _call_connection_lost
    self._sock.shutdown(socket.SHUT_RDWR)
ConnectionResetError: [WinError 10054] Istniejące połączenie zostało gwałtownie zamknięte przez zdalnego hosta
2026-04-13 20:03:58 | Process-5 | ERROR | asyncio | Exception in callback _ProactorBasePipeTransport._call_connection_lost(None)
handle: <Handle _ProactorBasePipeTransport._call_connection_lost(None)>
Traceback (most recent call last):
  File "C:\Users\Hyperbook\miniconda3\Lib\asyncio\events.py", line 88, in _run
    self._context.run(self._callback, *self._args)
  File "C:\Users\Hyperbook\miniconda3\Lib\asyncio\proactor_events.py", line 165, in _call_connection_lost
    self._sock.shutdown(socket.SHUT_RDWR)
ConnectionResetError: [WinError 10054] Istniejące połączenie zostało gwałtownie zamknięte przez zdalnego hosta
2026-04-13 20:03:59 | Process-5 | ERROR | asyncio | Exception in callback _ProactorBasePipeTransport._call_connection_lost(None)
handle: <Handle _ProactorBasePipeTransport._call_connection_lost(None)>
Traceback (most recent call last):
  File "C:\Users\Hyperbook\miniconda3\Lib\asyncio\events.py", line 88, in _run
    self._context.run(self._callback, *self._args)
  File "C:\Users\Hyperbook\miniconda3\Lib\asyncio\proactor_events.py", line 165, in _call_connection_lost
    self._sock.shutdown(socket.SHUT_RDWR)
ConnectionResetError: [WinError 10054] Istniejące połączenie zostało gwałtownie zamknięte przez zdalnego hosta
2026-04-13 20:03:59 | Process-5 | ERROR | asyncio | Exception in callback _ProactorBasePipeTransport._call_connection_lost(None)
handle: <Handle _ProactorBasePipeTransport._call_connection_lost(None)>
Traceback (most recent call last):
  File "C:\Users\Hyperbook\miniconda3\Lib\asyncio\events.py", line 88, in _run
    self._context.run(self._callback, *self._args)
  File "C:\Users\Hyperbook\miniconda3\Lib\asyncio\proactor_events.py", line 165, in _call_connection_lost
    self._sock.shutdown(socket.SHUT_RDWR)
ConnectionResetError: [WinError 10054] Istniejące połączenie zostało gwałtownie zamknięte przez zdalnego hosta
2026-04-13 20:03:59 | Process-5 | ERROR | asyncio | Exception in callback _ProactorBasePipeTransport._call_connection_lost(None)
handle: <Handle _ProactorBasePipeTransport._call_connection_lost(None)>
Traceback (most recent call last):
  File "C:\Users\Hyperbook\miniconda3\Lib\asyncio\events.py", line 88, in _run
    self._context.run(self._callback, *self._args)
  File "C:\Users\Hyperbook\miniconda3\Lib\asyncio\proactor_events.py", line 165, in _call_connection_lost
    self._sock.shutdown(socket.SHUT_RDWR)
ConnectionResetError: [WinError 10054] Istniejące połączenie zostało gwałtownie zamknięte przez zdalnego hosta
2026-04-13 20:04:01 | Process-5 | ERROR | asyncio | Exception in callback _ProactorBasePipeTransport._call_connection_lost(None)
handle: <Handle _ProactorBasePipeTransport._call_connection_lost(None)>
Traceback (most recent call last):
  File "C:\Users\Hyperbook\miniconda3\Lib\asyncio\events.py", line 88, in _run
    self._context.run(self._callback, *self._args)
  File "C:\Users\Hyperbook\miniconda3\Lib\asyncio\proactor_events.py", line 165, in _call_connection_lost
    self._sock.shutdown(socket.SHUT_RDWR)
ConnectionResetError: [WinError 10054] Istniejące połączenie zostało gwałtownie zamknięte przez zdalnego hosta
2026-04-13 20:04:01 | Process-5 | ERROR | asyncio | Exception in callback _ProactorBasePipeTransport._call_connection_lost(None)
handle: <Handle _ProactorBasePipeTransport._call_connection_lost(None)>
Traceback (most recent call last):
  File "C:\Users\Hyperbook\miniconda3\Lib\asyncio\events.py", line 88, in _run
    self._context.run(self._callback, *self._args)
  File "C:\Users\Hyperbook\miniconda3\Lib\asyncio\proactor_events.py", line 165, in _call_connection_lost
    self._sock.shutdown(socket.SHUT_RDWR)
ConnectionResetError: [WinError 10054] Istniejące połączenie zostało gwałtownie zamknięte przez zdalnego hosta
2026-04-13 20:04:01 | Process-5 | ERROR | asyncio | Exception in callback _ProactorBasePipeTransport._call_connection_lost(None)
handle: <Handle _ProactorBasePipeTransport._call_connection_lost(None)>
Traceback (most recent call last):
  File "C:\Users\Hyperbook\miniconda3\Lib\asyncio\events.py", line 88, in _run
    self._context.run(self._callback, *self._args)
  File "C:\Users\Hyperbook\miniconda3\Lib\asyncio\proactor_events.py", line 165, in _call_connection_lost
    self._sock.shutdown(socket.SHUT_RDWR)
ConnectionResetError: [WinError 10054] Istniejące połączenie zostało gwałtownie zamknięte przez zdalnego hosta
2026-04-13 20:04:01 | Process-5 | ERROR | asyncio | Exception in callback _ProactorBasePipeTransport._call_connection_lost(None)
handle: <Handle _ProactorBasePipeTransport._call_connection_lost(None)>
Traceback (most recent call last):
  File "C:\Users\Hyperbook\miniconda3\Lib\asyncio\events.py", line 88, in _run
    self._context.run(self._callback, *self._args)
  File "C:\Users\Hyperbook\miniconda3\Lib\asyncio\proactor_events.py", line 165, in _call_connection_lost
    self._sock.shutdown(socket.SHUT_RDWR)
ConnectionResetError: [WinError 10054] Istniejące połączenie zostało gwałtownie zamknięte przez zdalnego hosta
2026-04-13 20:04:01 | Process-5 | ERROR | asyncio | Exception in callback _ProactorBasePipeTransport._call_connection_lost(None)
handle: <Handle _ProactorBasePipeTransport._call_connection_lost(None)>
Traceback (most recent call last):
  File "C:\Users\Hyperbook\miniconda3\Lib\asyncio\events.py", line 88, in _run
    self._context.run(self._callback, *self._args)
  File "C:\Users\Hyperbook\miniconda3\Lib\asyncio\proactor_events.py", line 165, in _call_connection_lost
    self._sock.shutdown(socket.SHUT_RDWR)
ConnectionResetError: [WinError 10054] Istniejące połączenie zostało gwałtownie zamknięte przez zdalnego hosta
2026-04-13 20:04:02 | Process-5 | ERROR | asyncio | Exception in callback _ProactorBasePipeTransport._call_connection_lost(None)
handle: <Handle _ProactorBasePipeTransport._call_connection_lost(None)>
Traceback (most recent call last):
  File "C:\Users\Hyperbook\miniconda3\Lib\asyncio\events.py", line 88, in _run
    self._context.run(self._callback, *self._args)
  File "C:\Users\Hyperbook\miniconda3\Lib\asyncio\proactor_events.py", line 165, in _call_connection_lost
    self._sock.shutdown(socket.SHUT_RDWR)
ConnectionResetError: [WinError 10054] Istniejące połączenie zostało gwałtownie zamknięte przez zdalnego hosta
2026-04-13 20:04:02 | Process-5 | ERROR | asyncio | Exception in callback _ProactorBasePipeTransport._call_connection_lost(None)
handle: <Handle _ProactorBasePipeTransport._call_connection_lost(None)>
Traceback (most recent call last):
  File "C:\Users\Hyperbook\miniconda3\Lib\asyncio\events.py", line 88, in _run
    self._context.run(self._callback, *self._args)
  File "C:\Users\Hyperbook\miniconda3\Lib\asyncio\proactor_events.py", line 165, in _call_connection_lost
    self._sock.shutdown(socket.SHUT_RDWR)
ConnectionResetError: [WinError 10054] Istniejące połączenie zostało gwałtownie zamknięte przez zdalnego hosta
2026-04-13 20:04:03 | Process-5 | ERROR | asyncio | Exception in callback _ProactorBasePipeTransport._call_connection_lost(None)
handle: <Handle _ProactorBasePipeTransport._call_connection_lost(None)>
Traceback (most recent call last):
  File "C:\Users\Hyperbook\miniconda3\Lib\asyncio\events.py", line 88, in _run
    self._context.run(self._callback, *self._args)
  File "C:\Users\Hyperbook\miniconda3\Lib\asyncio\proactor_events.py", line 165, in _call_connection_lost
    self._sock.shutdown(socket.SHUT_RDWR)
ConnectionResetError: [WinError 10054] Istniejące połączenie zostało gwałtownie zamknięte przez zdalnego hosta
2026-04-13 20:04:06 | Process-5 | ERROR | asyncio | Exception in callback _ProactorBasePipeTransport._call_connection_lost(None)
handle: <Handle _ProactorBasePipeTransport._call_connection_lost(None)>
Traceback (most recent call last):
  File "C:\Users\Hyperbook\miniconda3\Lib\asyncio\events.py", line 88, in _run
    self._context.run(self._callback, *self._args)
  File "C:\Users\Hyperbook\miniconda3\Lib\asyncio\proactor_events.py", line 165, in _call_connection_lost
    self._sock.shutdown(socket.SHUT_RDWR)
ConnectionResetError: [WinError 10054] Istniejące połączenie zostało gwałtownie zamknięte przez zdalnego hosta
2026-04-13 20:04:06 | Process-5 | ERROR | asyncio | Exception in callback _ProactorBasePipeTransport._call_connection_lost(None)
handle: <Handle _ProactorBasePipeTransport._call_connection_lost(None)>
Traceback (most recent call last):
  File "C:\Users\Hyperbook\miniconda3\Lib\asyncio\events.py", line 88, in _run
    self._context.run(self._callback, *self._args)
  File "C:\Users\Hyperbook\miniconda3\Lib\asyncio\proactor_events.py", line 165, in _call_connection_lost
    self._sock.shutdown(socket.SHUT_RDWR)
ConnectionResetError: [WinError 10054] Istniejące połączenie zostało gwałtownie zamknięte przez zdalnego hosta
2026-04-13 20:04:07 | Process-5 | ERROR | asyncio | Exception in callback _ProactorBasePipeTransport._call_connection_lost(None)
handle: <Handle _ProactorBasePipeTransport._call_connection_lost(None)>
Traceback (most recent call last):
  File "C:\Users\Hyperbook\miniconda3\Lib\asyncio\events.py", line 88, in _run
    self._context.run(self._callback, *self._args)
  File "C:\Users\Hyperbook\miniconda3\Lib\asyncio\proactor_events.py", line 165, in _call_connection_lost
    self._sock.shutdown(socket.SHUT_RDWR)
ConnectionResetError: [WinError 10054] Istniejące połączenie zostało gwałtownie zamknięte przez zdalnego hosta
2026-04-13 20:04:08 | Process-5 | ERROR | asyncio | Exception in callback _ProactorBasePipeTransport._call_connection_lost(None)
handle: <Handle _ProactorBasePipeTransport._call_connection_lost(None)>
Traceback (most recent call last):
  File "C:\Users\Hyperbook\miniconda3\Lib\asyncio\events.py", line 88, in _run
    self._context.run(self._callback, *self._args)
  File "C:\Users\Hyperbook\miniconda3\Lib\asyncio\proactor_events.py", line 165, in _call_connection_lost
    self._sock.shutdown(socket.SHUT_RDWR)
ConnectionResetError: [WinError 10054] Istniejące połączenie zostało gwałtownie zamknięte przez zdalnego hosta
2026-04-13 20:04:09 | Process-5 | ERROR | asyncio | Exception in callback _ProactorBasePipeTransport._call_connection_lost(None)
handle: <Handle _ProactorBasePipeTransport._call_connection_lost(None)>
Traceback (most recent call last):
  File "C:\Users\Hyperbook\miniconda3\Lib\asyncio\events.py", line 88, in _run
    self._context.run(self._callback, *self._args)
  File "C:\Users\Hyperbook\miniconda3\Lib\asyncio\proactor_events.py", line 165, in _call_connection_lost
    self._sock.shutdown(socket.SHUT_RDWR)
ConnectionResetError: [WinError 10054] Istniejące połączenie zostało gwałtownie zamknięte przez zdalnego hosta
2026-04-13 20:04:09 | Process-5 | ERROR | asyncio | Exception in callback _ProactorBasePipeTransport._call_connection_lost(None)
handle: <Handle _ProactorBasePipeTransport._call_connection_lost(None)>
Traceback (most recent call last):
  File "C:\Users\Hyperbook\miniconda3\Lib\asyncio\events.py", line 88, in _run
    self._context.run(self._callback, *self._args)
  File "C:\Users\Hyperbook\miniconda3\Lib\asyncio\proactor_events.py", line 165, in _call_connection_lost
    self._sock.shutdown(socket.SHUT_RDWR)
ConnectionResetError: [WinError 10054] Istniejące połączenie zostało gwałtownie zamknięte przez zdalnego hosta
2026-04-13 20:04:09 | Process-5 | ERROR | asyncio | Exception in callback _ProactorBasePipeTransport._call_connection_lost(None)
handle: <Handle _ProactorBasePipeTransport._call_connection_lost(None)>
Traceback (most recent call last):
  File "C:\Users\Hyperbook\miniconda3\Lib\asyncio\events.py", line 88, in _run
    self._context.run(self._callback, *self._args)
  File "C:\Users\Hyperbook\miniconda3\Lib\asyncio\proactor_events.py", line 165, in _call_connection_lost
    self._sock.shutdown(socket.SHUT_RDWR)
ConnectionResetError: [WinError 10054] Istniejące połączenie zostało gwałtownie zamknięte przez zdalnego hosta
2026-04-13 20:04:09 | Process-5 | ERROR | asyncio | Exception in callback _ProactorBasePipeTransport._call_connection_lost(None)
handle: <Handle _ProactorBasePipeTransport._call_connection_lost(None)>
Traceback (most recent call last):
  File "C:\Users\Hyperbook\miniconda3\Lib\asyncio\events.py", line 88, in _run
    self._context.run(self._callback, *self._args)
  File "C:\Users\Hyperbook\miniconda3\Lib\asyncio\proactor_events.py", line 165, in _call_connection_lost
    self._sock.shutdown(socket.SHUT_RDWR)
ConnectionResetError: [WinError 10054] Istniejące połączenie zostało gwałtownie zamknięte przez zdalnego hosta
2026-04-13 20:04:10 | Process-5 | ERROR | asyncio | Exception in callback _ProactorBasePipeTransport._call_connection_lost(None)
handle: <Handle _ProactorBasePipeTransport._call_connection_lost(None)>
Traceback (most recent call last):
  File "C:\Users\Hyperbook\miniconda3\Lib\asyncio\events.py", line 88, in _run
    self._context.run(self._callback, *self._args)
  File "C:\Users\Hyperbook\miniconda3\Lib\asyncio\proactor_events.py", line 165, in _call_connection_lost
    self._sock.shutdown(socket.SHUT_RDWR)
ConnectionResetError: [WinError 10054] Istniejące połączenie zostało gwałtownie zamknięte przez zdalnego hosta
2026-04-13 20:04:11 | Process-5 | ERROR | asyncio | Exception in callback _ProactorBasePipeTransport._call_connection_lost(None)
handle: <Handle _ProactorBasePipeTransport._call_connection_lost(None)>
Traceback (most recent call last):
  File "C:\Users\Hyperbook\miniconda3\Lib\asyncio\events.py", line 88, in _run
    self._context.run(self._callback, *self._args)
  File "C:\Users\Hyperbook\miniconda3\Lib\asyncio\proactor_events.py", line 165, in _call_connection_lost
    self._sock.shutdown(socket.SHUT_RDWR)
ConnectionResetError: [WinError 10054] Istniejące połączenie zostało gwałtownie zamknięte przez zdalnego hosta
2026-04-13 20:04:11 | Process-5 | ERROR | asyncio | Exception in callback _ProactorBasePipeTransport._call_connection_lost(None)
handle: <Handle _ProactorBasePipeTransport._call_connection_lost(None)>
Traceback (most recent call last):
  File "C:\Users\Hyperbook\miniconda3\Lib\asyncio\events.py", line 88, in _run
    self._context.run(self._callback, *self._args)
  File "C:\Users\Hyperbook\miniconda3\Lib\asyncio\proactor_events.py", line 165, in _call_connection_lost
    self._sock.shutdown(socket.SHUT_RDWR)
ConnectionResetError: [WinError 10054] Istniejące połączenie zostało gwałtownie zamknięte przez zdalnego hosta
2026-04-13 20:04:11 | Process-5 | ERROR | asyncio | Exception in callback _ProactorBasePipeTransport._call_connection_lost(None)
handle: <Handle _ProactorBasePipeTransport._call_connection_lost(None)>
Traceback (most recent call last):
  File "C:\Users\Hyperbook\miniconda3\Lib\asyncio\events.py", line 88, in _run
    self._context.run(self._callback, *self._args)
  File "C:\Users\Hyperbook\miniconda3\Lib\asyncio\proactor_events.py", line 165, in _call_connection_lost
    self._sock.shutdown(socket.SHUT_RDWR)
ConnectionResetError: [WinError 10054] Istniejące połączenie zostało gwałtownie zamknięte przez zdalnego hosta
2026-04-13 20:04:12 | Process-5 | ERROR | asyncio | Exception in callback _ProactorBasePipeTransport._call_connection_lost(None)
handle: <Handle _ProactorBasePipeTransport._call_connection_lost(None)>
Traceback (most recent call last):
  File "C:\Users\Hyperbook\miniconda3\Lib\asyncio\events.py", line 88, in _run
    self._context.run(self._callback, *self._args)
  File "C:\Users\Hyperbook\miniconda3\Lib\asyncio\proactor_events.py", line 165, in _call_connection_lost
    self._sock.shutdown(socket.SHUT_RDWR)
ConnectionResetError: [WinError 10054] Istniejące połączenie zostało gwałtownie zamknięte przez zdalnego hosta
2026-04-13 20:04:13 | Process-5 | ERROR | asyncio | Exception in callback _ProactorBasePipeTransport._call_connection_lost(None)
handle: <Handle _ProactorBasePipeTransport._call_connection_lost(None)>
Traceback (most recent call last):
  File "C:\Users\Hyperbook\miniconda3\Lib\asyncio\events.py", line 88, in _run
    self._context.run(self._callback, *self._args)
  File "C:\Users\Hyperbook\miniconda3\Lib\asyncio\proactor_events.py", line 165, in _call_connection_lost
    self._sock.shutdown(socket.SHUT_RDWR)
ConnectionResetError: [WinError 10054] Istniejące połączenie zostało gwałtownie zamknięte przez zdalnego hosta
2026-04-13 20:06:23 | Process-5 | ERROR | asyncio | Exception in callback _ProactorBasePipeTransport._call_connection_lost(None)
handle: <Handle _ProactorBasePipeTransport._call_connection_lost(None)>
Traceback (most recent call last):
  File "C:\Users\Hyperbook\miniconda3\Lib\asyncio\events.py", line 88, in _run
    self._context.run(self._callback, *self._args)
  File "C:\Users\Hyperbook\miniconda3\Lib\asyncio\proactor_events.py", line 165, in _call_connection_lost
    self._sock.shutdown(socket.SHUT_RDWR)
ConnectionResetError: [WinError 10054] Istniejące połączenie zostało gwałtownie zamknięte przez zdalnego hosta
2026-04-13 20:06:24 | Process-5 | ERROR | asyncio | Exception in callback _ProactorBasePipeTransport._call_connection_lost(None)
handle: <Handle _ProactorBasePipeTransport._call_connection_lost(None)>
Traceback (most recent call last):
  File "C:\Users\Hyperbook\miniconda3\Lib\asyncio\events.py", line 88, in _run
    self._context.run(self._callback, *self._args)
  File "C:\Users\Hyperbook\miniconda3\Lib\asyncio\proactor_events.py", line 165, in _call_connection_lost
    self._sock.shutdown(socket.SHUT_RDWR)
ConnectionResetError: [WinError 10054] Istniejące połączenie zostało gwałtownie zamknięte przez zdalnego hosta
2026-04-13 20:06:24 | Process-5 | ERROR | asyncio | Exception in callback _ProactorBasePipeTransport._call_connection_lost(None)
handle: <Handle _ProactorBasePipeTransport._call_connection_lost(None)>
Traceback (most recent call last):
  File "C:\Users\Hyperbook\miniconda3\Lib\asyncio\events.py", line 88, in _run
    self._context.run(self._callback, *self._args)
  File "C:\Users\Hyperbook\miniconda3\Lib\asyncio\proactor_events.py", line 165, in _call_connection_lost
    self._sock.shutdown(socket.SHUT_RDWR)
ConnectionResetError: [WinError 10054] Istniejące połączenie zostało gwałtownie zamknięte przez zdalnego hosta
2026-04-13 20:06:25 | Process-5 | ERROR | asyncio | Exception in callback _ProactorBasePipeTransport._call_connection_lost(None)
handle: <Handle _ProactorBasePipeTransport._call_connection_lost(None)>
Traceback (most recent call last):
  File "C:\Users\Hyperbook\miniconda3\Lib\asyncio\events.py", line 88, in _run
    self._context.run(self._callback, *self._args)
  File "C:\Users\Hyperbook\miniconda3\Lib\asyncio\proactor_events.py", line 165, in _call_connection_lost
    self._sock.shutdown(socket.SHUT_RDWR)
ConnectionResetError: [WinError 10054] Istniejące połączenie zostało gwałtownie zamknięte przez zdalnego hosta
2026-04-13 20:06:27 | Process-5 | ERROR | asyncio | Exception in callback _ProactorBasePipeTransport._call_connection_lost(None)
handle: <Handle _ProactorBasePipeTransport._call_connection_lost(None)>
Traceback (most recent call last):
  File "C:\Users\Hyperbook\miniconda3\Lib\asyncio\events.py", line 88, in _run
    self._context.run(self._callback, *self._args)
  File "C:\Users\Hyperbook\miniconda3\Lib\asyncio\proactor_events.py", line 165, in _call_connection_lost
    self._sock.shutdown(socket.SHUT_RDWR)
ConnectionResetError: [WinError 10054] Istniejące połączenie zostało gwałtownie zamknięte przez zdalnego hosta
2026-04-13 20:06:28 | Process-5 | ERROR | asyncio | Exception in callback _ProactorBasePipeTransport._call_connection_lost(None)
handle: <Handle _ProactorBasePipeTransport._call_connection_lost(None)>
Traceback (most recent call last):
  File "C:\Users\Hyperbook\miniconda3\Lib\asyncio\events.py", line 88, in _run
    self._context.run(self._callback, *self._args)
  File "C:\Users\Hyperbook\miniconda3\Lib\asyncio\proactor_events.py", line 165, in _call_connection_lost
    self._sock.shutdown(socket.SHUT_RDWR)
ConnectionResetError: [WinError 10054] Istniejące połączenie zostało gwałtownie zamknięte przez zdalnego hosta
2026-04-13 20:06:29 | Process-5 | ERROR | asyncio | Exception in callback _ProactorBasePipeTransport._call_connection_lost(None)
handle: <Handle _ProactorBasePipeTransport._call_connection_lost(None)>
Traceback (most recent call last):
  File "C:\Users\Hyperbook\miniconda3\Lib\asyncio\events.py", line 88, in _run
    self._context.run(self._callback, *self._args)
  File "C:\Users\Hyperbook\miniconda3\Lib\asyncio\proactor_events.py", line 165, in _call_connection_lost
    self._sock.shutdown(socket.SHUT_RDWR)
ConnectionResetError: [WinError 10054] Istniejące połączenie zostało gwałtownie zamknięte przez zdalnego hosta
2026-04-13 20:06:30 | Process-5 | ERROR | asyncio | Exception in callback _ProactorBasePipeTransport._call_connection_lost(None)
handle: <Handle _ProactorBasePipeTransport._call_connection_lost(None)>
Traceback (most recent call last):
  File "C:\Users\Hyperbook\miniconda3\Lib\asyncio\events.py", line 88, in _run
    self._context.run(self._callback, *self._args)
  File "C:\Users\Hyperbook\miniconda3\Lib\asyncio\proactor_events.py", line 165, in _call_connection_lost
    self._sock.shutdown(socket.SHUT_RDWR)
ConnectionResetError: [WinError 10054] Istniejące połączenie zostało gwałtownie zamknięte przez zdalnego hosta
2026-04-13 20:06:33 | Process-5 | ERROR | asyncio | Exception in callback _ProactorBasePipeTransport._call_connection_lost(None)
handle: <Handle _ProactorBasePipeTransport._call_connection_lost(None)>
Traceback (most recent call last):
  File "C:\Users\Hyperbook\miniconda3\Lib\asyncio\events.py", line 88, in _run
    self._context.run(self._callback, *self._args)
  File "C:\Users\Hyperbook\miniconda3\Lib\asyncio\proactor_events.py", line 165, in _call_connection_lost
    self._sock.shutdown(socket.SHUT_RDWR)
ConnectionResetError: [WinError 10054] Istniejące połączenie zostało gwałtownie zamknięte przez zdalnego hosta
2026-04-13 20:06:33 | Process-5 | ERROR | asyncio | Exception in callback _ProactorBasePipeTransport._call_connection_lost(None)
handle: <Handle _ProactorBasePipeTransport._call_connection_lost(None)>
Traceback (most recent call last):
  File "C:\Users\Hyperbook\miniconda3\Lib\asyncio\events.py", line 88, in _run
    self._context.run(self._callback, *self._args)
  File "C:\Users\Hyperbook\miniconda3\Lib\asyncio\proactor_events.py", line 165, in _call_connection_lost
    self._sock.shutdown(socket.SHUT_RDWR)
ConnectionResetError: [WinError 10054] Istniejące połączenie zostało gwałtownie zamknięte przez zdalnego hosta
2026-04-13 20:06:34 | Process-5 | ERROR | asyncio | Exception in callback _ProactorBasePipeTransport._call_connection_lost(None)
handle: <Handle _ProactorBasePipeTransport._call_connection_lost(None)>
Traceback (most recent call last):
  File "C:\Users\Hyperbook\miniconda3\Lib\asyncio\events.py", line 88, in _run
    self._context.run(self._callback, *self._args)
  File "C:\Users\Hyperbook\miniconda3\Lib\asyncio\proactor_events.py", line 165, in _call_connection_lost
    self._sock.shutdown(socket.SHUT_RDWR)
ConnectionResetError: [WinError 10054] Istniejące połączenie zostało gwałtownie zamknięte przez zdalnego hosta
2026-04-13 20:06:37 | Process-5 | ERROR | asyncio | Exception in callback _ProactorBasePipeTransport._call_connection_lost(None)
handle: <Handle _ProactorBasePipeTransport._call_connection_lost(None)>
Traceback (most recent call last):
  File "C:\Users\Hyperbook\miniconda3\Lib\asyncio\events.py", line 88, in _run
    self._context.run(self._callback, *self._args)
  File "C:\Users\Hyperbook\miniconda3\Lib\asyncio\proactor_events.py", line 165, in _call_connection_lost
    self._sock.shutdown(socket.SHUT_RDWR)
ConnectionResetError: [WinError 10054] Istniejące połączenie zostało gwałtownie zamknięte przez zdalnego hosta
2026-04-13 20:06:37 | Process-5 | ERROR | asyncio | Exception in callback _ProactorBasePipeTransport._call_connection_lost(None)
handle: <Handle _ProactorBasePipeTransport._call_connection_lost(None)>
Traceback (most recent call last):
  File "C:\Users\Hyperbook\miniconda3\Lib\asyncio\events.py", line 88, in _run
    self._context.run(self._callback, *self._args)
  File "C:\Users\Hyperbook\miniconda3\Lib\asyncio\proactor_events.py", line 165, in _call_connection_lost
    self._sock.shutdown(socket.SHUT_RDWR)
ConnectionResetError: [WinError 10054] Istniejące połączenie zostało gwałtownie zamknięte przez zdalnego hosta
2026-04-13 20:06:37 | Process-5 | ERROR | asyncio | Exception in callback _ProactorBasePipeTransport._call_connection_lost(None)
handle: <Handle _ProactorBasePipeTransport._call_connection_lost(None)>
Traceback (most recent call last):
  File "C:\Users\Hyperbook\miniconda3\Lib\asyncio\events.py", line 88, in _run
    self._context.run(self._callback, *self._args)
  File "C:\Users\Hyperbook\miniconda3\Lib\asyncio\proactor_events.py", line 165, in _call_connection_lost
    self._sock.shutdown(socket.SHUT_RDWR)
ConnectionResetError: [WinError 10054] Istniejące połączenie zostało gwałtownie zamknięte przez zdalnego hosta
2026-04-13 20:06:38 | Process-5 | ERROR | asyncio | Exception in callback _ProactorBasePipeTransport._call_connection_lost(None)
handle: <Handle _ProactorBasePipeTransport._call_connection_lost(None)>
Traceback (most recent call last):
  File "C:\Users\Hyperbook\miniconda3\Lib\asyncio\events.py", line 88, in _run
    self._context.run(self._callback, *self._args)
  File "C:\Users\Hyperbook\miniconda3\Lib\asyncio\proactor_events.py", line 165, in _call_connection_lost
    self._sock.shutdown(socket.SHUT_RDWR)
ConnectionResetError: [WinError 10054] Istniejące połączenie zostało gwałtownie zamknięte przez zdalnego hosta
2026-04-13 20:06:39 | Process-5 | ERROR | asyncio | Exception in callback _ProactorBasePipeTransport._call_connection_lost(None)
handle: <Handle _ProactorBasePipeTransport._call_connection_lost(None)>
Traceback (most recent call last):
  File "C:\Users\Hyperbook\miniconda3\Lib\asyncio\events.py", line 88, in _run
    self._context.run(self._callback, *self._args)
  File "C:\Users\Hyperbook\miniconda3\Lib\asyncio\proactor_events.py", line 165, in _call_connection_lost
    self._sock.shutdown(socket.SHUT_RDWR)
ConnectionResetError: [WinError 10054] Istniejące połączenie zostało gwałtownie zamknięte przez zdalnego hosta
2026-04-13 20:06:40 | Process-5 | ERROR | asyncio | Exception in callback _ProactorBasePipeTransport._call_connection_lost(None)
handle: <Handle _ProactorBasePipeTransport._call_connection_lost(None)>
Traceback (most recent call last):
  File "C:\Users\Hyperbook\miniconda3\Lib\asyncio\events.py", line 88, in _run
    self._context.run(self._callback, *self._args)
  File "C:\Users\Hyperbook\miniconda3\Lib\asyncio\proactor_events.py", line 165, in _call_connection_lost
    self._sock.shutdown(socket.SHUT_RDWR)
ConnectionResetError: [WinError 10054] Istniejące połączenie zostało gwałtownie zamknięte przez zdalnego hosta
2026-04-13 20:06:40 | Process-5 | ERROR | asyncio | Exception in callback _ProactorBasePipeTransport._call_connection_lost(None)
handle: <Handle _ProactorBasePipeTransport._call_connection_lost(None)>
Traceback (most recent call last):
  File "C:\Users\Hyperbook\miniconda3\Lib\asyncio\events.py", line 88, in _run
    self._context.run(self._callback, *self._args)
  File "C:\Users\Hyperbook\miniconda3\Lib\asyncio\proactor_events.py", line 165, in _call_connection_lost
    self._sock.shutdown(socket.SHUT_RDWR)
ConnectionResetError: [WinError 10054] Istniejące połączenie zostało gwałtownie zamknięte przez zdalnego hosta
2026-04-13 20:06:41 | Process-5 | ERROR | asyncio | Exception in callback _ProactorBasePipeTransport._call_connection_lost(None)
handle: <Handle _ProactorBasePipeTransport._call_connection_lost(None)>
Traceback (most recent call last):
  File "C:\Users\Hyperbook\miniconda3\Lib\asyncio\events.py", line 88, in _run
    self._context.run(self._callback, *self._args)
  File "C:\Users\Hyperbook\miniconda3\Lib\asyncio\proactor_events.py", line 165, in _call_connection_lost
    self._sock.shutdown(socket.SHUT_RDWR)
ConnectionResetError: [WinError 10054] Istniejące połączenie zostało gwałtownie zamknięte przez zdalnego hosta
2026-04-13 20:06:44 | Process-5 | ERROR | asyncio | Exception in callback _ProactorBasePipeTransport._call_connection_lost(None)
handle: <Handle _ProactorBasePipeTransport._call_connection_lost(None)>
Traceback (most recent call last):
  File "C:\Users\Hyperbook\miniconda3\Lib\asyncio\events.py", line 88, in _run
    self._context.run(self._callback, *self._args)
  File "C:\Users\Hyperbook\miniconda3\Lib\asyncio\proactor_events.py", line 165, in _call_connection_lost
    self._sock.shutdown(socket.SHUT_RDWR)
ConnectionResetError: [WinError 10054] Istniejące połączenie zostało gwałtownie zamknięte przez zdalnego hosta
2026-04-13 20:06:46 | Process-5 | ERROR | asyncio | Exception in callback _ProactorBasePipeTransport._call_connection_lost(None)
handle: <Handle _ProactorBasePipeTransport._call_connection_lost(None)>
Traceback (most recent call last):
  File "C:\Users\Hyperbook\miniconda3\Lib\asyncio\events.py", line 88, in _run
    self._context.run(self._callback, *self._args)
  File "C:\Users\Hyperbook\miniconda3\Lib\asyncio\proactor_events.py", line 165, in _call_connection_lost
    self._sock.shutdown(socket.SHUT_RDWR)
ConnectionResetError: [WinError 10054] Istniejące połączenie zostało gwałtownie zamknięte przez zdalnego hosta
2026-04-13 20:06:48 | Process-5 | ERROR | asyncio | Exception in callback _ProactorBasePipeTransport._call_connection_lost(None)
handle: <Handle _ProactorBasePipeTransport._call_connection_lost(None)>
Traceback (most recent call last):
  File "C:\Users\Hyperbook\miniconda3\Lib\asyncio\events.py", line 88, in _run
    self._context.run(self._callback, *self._args)
  File "C:\Users\Hyperbook\miniconda3\Lib\asyncio\proactor_events.py", line 165, in _call_connection_lost
    self._sock.shutdown(socket.SHUT_RDWR)
ConnectionResetError: [WinError 10054] Istniejące połączenie zostało gwałtownie zamknięte przez zdalnego hosta
2026-04-13 20:27:38 | MainProcess | INFO | core.log_setup | LOG start → C:\Users\Hyperbook\python_project\VolleyHub_K\logs\volleyhub.log
2026-04-13 20:27:39 | SyncManager-1 | INFO | core.log_setup | LOG start → C:\Users\Hyperbook\python_project\VolleyHub_K\logs\volleyhub.log
2026-04-13 20:27:45 | preview_gui | INFO | core.log_setup | LOG start → C:\Users\Hyperbook\python_project\VolleyHub_K\logs\volleyhub.log
2026-04-13 20:27:50 | Process-3 | INFO | core.log_setup | LOG start → C:\Users\Hyperbook\python_project\VolleyHub_K\logs\volleyhub.log
2026-04-13 20:34:58 | MainProcess | INFO | core.log_setup | LOG start → C:\Users\Hyperbook\python_project\VolleyHub_K\logs\volleyhub.log
2026-04-13 20:34:58 | SyncManager-1 | INFO | core.log_setup | LOG start → C:\Users\Hyperbook\python_project\VolleyHub_K\logs\volleyhub.log
2026-04-13 20:35:02 | preview_gui | INFO | core.log_setup | LOG start → C:\Users\Hyperbook\python_project\VolleyHub_K\logs\volleyhub.log
2026-04-13 20:35:07 | Process-3 | INFO | core.log_setup | LOG start → C:\Users\Hyperbook\python_project\VolleyHub_K\logs\volleyhub.log
2026-04-13 20:36:01 | SyncManager-4 | INFO | core.log_setup | LOG start → C:\Users\Hyperbook\python_project\VolleyHub_K\logs\volleyhub.log
2026-04-13 20:36:02 | Process-5 | INFO | core.log_setup | LOG start → C:\Users\Hyperbook\python_project\VolleyHub_K\logs\volleyhub.log
2026-04-13 20:52:23 | MainProcess | INFO | core.log_setup | LOG start → C:\Users\Hyperbook\python_project\VolleyHub_K\logs\volleyhub.log
2026-04-13 20:52:23 | SyncManager-1 | INFO | core.log_setup | LOG start → C:\Users\Hyperbook\python_project\VolleyHub_K\logs\volleyhub.log
2026-04-13 20:52:30 | preview_gui | INFO | core.log_setup | LOG start → C:\Users\Hyperbook\python_project\VolleyHub_K\logs\volleyhub.log
2026-04-13 20:52:34 | Process-3 | INFO | core.log_setup | LOG start → C:\Users\Hyperbook\python_project\VolleyHub_K\logs\volleyhub.log
2026-04-13 20:56:21 | MainProcess | INFO | core.log_setup | LOG start → C:\Users\Hyperbook\python_project\VolleyHub_K\logs\volleyhub.log
2026-04-13 20:56:21 | SyncManager-1 | INFO | core.log_setup | LOG start → C:\Users\Hyperbook\python_project\VolleyHub_K\logs\volleyhub.log
2026-04-13 20:56:34 | preview_gui | INFO | core.log_setup | LOG start → C:\Users\Hyperbook\python_project\VolleyHub_K\logs\volleyhub.log
2026-04-13 20:56:38 | Process-3 | INFO | core.log_setup | LOG start → C:\Users\Hyperbook\python_project\VolleyHub_K\logs\volleyhub.log
2026-04-13 21:00:05 | MainProcess | INFO | core.log_setup | LOG start → C:\Users\Hyperbook\python_project\VolleyHub_K\logs\volleyhub.log
2026-04-13 21:00:06 | SyncManager-1 | INFO | core.log_setup | LOG start → C:\Users\Hyperbook\python_project\VolleyHub_K\logs\volleyhub.log
2026-04-13 21:00:11 | preview_gui | INFO | core.log_setup | LOG start → C:\Users\Hyperbook\python_project\VolleyHub_K\logs\volleyhub.log
2026-04-13 21:00:15 | Process-3 | INFO | core.log_setup | LOG start → C:\Users\Hyperbook\python_project\VolleyHub_K\logs\volleyhub.log
2026-04-13 21:15:35 | MainProcess | INFO | core.log_setup | LOG start → C:\Users\Hyperbook\python_project\VolleyHub_K\logs\volleyhub.log
2026-04-13 21:15:35 | SyncManager-1 | INFO | core.log_setup | LOG start → C:\Users\Hyperbook\python_project\VolleyHub_K\logs\volleyhub.log
2026-04-13 21:15:40 | preview_gui | INFO | core.log_setup | LOG start → C:\Users\Hyperbook\python_project\VolleyHub_K\logs\volleyhub.log
2026-04-13 21:15:44 | Process-3 | INFO | core.log_setup | LOG start → C:\Users\Hyperbook\python_project\VolleyHub_K\logs\volleyhub.log
2026-04-13 21:20:36 | MainProcess | INFO | core.log_setup | LOG start → C:\Users\Hyperbook\python_project\VolleyHub_K\logs\volleyhub.log
2026-04-13 21:20:36 | SyncManager-1 | INFO | core.log_setup | LOG start → C:\Users\Hyperbook\python_project\VolleyHub_K\logs\volleyhub.log
2026-04-13 21:20:45 | preview_gui | INFO | core.log_setup | LOG start → C:\Users\Hyperbook\python_project\VolleyHub_K\logs\volleyhub.log
2026-04-13 21:20:49 | Process-3 | INFO | core.log_setup | LOG start → C:\Users\Hyperbook\python_project\VolleyHub_K\logs\volleyhub.log
2026-04-13 21:25:25 | MainProcess | INFO | core.log_setup | LOG start → C:\Users\Hyperbook\python_project\VolleyHub_K\logs\volleyhub.log
2026-04-13 21:25:26 | SyncManager-1 | INFO | core.log_setup | LOG start → C:\Users\Hyperbook\python_project\VolleyHub_K\logs\volleyhub.log
2026-04-13 21:25:31 | preview_gui | INFO | core.log_setup | LOG start → C:\Users\Hyperbook\python_project\VolleyHub_K\logs\volleyhub.log
2026-04-13 21:25:35 | Process-3 | INFO | core.log_setup | LOG start → C:\Users\Hyperbook\python_project\VolleyHub_K\logs\volleyhub.log
2026-04-13 21:31:28 | MainProcess | INFO | core.log_setup | LOG start → C:\Users\Hyperbook\python_project\VolleyHub_K\logs\volleyhub.log
2026-04-13 21:31:28 | SyncManager-1 | INFO | core.log_setup | LOG start → C:\Users\Hyperbook\python_project\VolleyHub_K\logs\volleyhub.log
2026-04-13 21:31:32 | preview_gui | INFO | core.log_setup | LOG start → C:\Users\Hyperbook\python_project\VolleyHub_K\logs\volleyhub.log
2026-04-13 21:31:37 | Process-3 | INFO | core.log_setup | LOG start → C:\Users\Hyperbook\python_project\VolleyHub_K\logs\volleyhub.log
2026-04-13 21:35:19 | MainProcess | INFO | core.log_setup | LOG start → C:\Users\Hyperbook\python_project\VolleyHub_K\logs\volleyhub.log
2026-04-13 21:35:19 | SyncManager-1 | INFO | core.log_setup | LOG start → C:\Users\Hyperbook\python_project\VolleyHub_K\logs\volleyhub.log
2026-04-13 21:35:24 | preview_gui | INFO | core.log_setup | LOG start → C:\Users\Hyperbook\python_project\VolleyHub_K\logs\volleyhub.log
2026-04-13 21:35:28 | Process-3 | INFO | core.log_setup | LOG start → C:\Users\Hyperbook\python_project\VolleyHub_K\logs\volleyhub.log
2026-04-13 21:51:21 | MainProcess | INFO | core.log_setup | LOG start → C:\Users\Hyperbook\python_project\VolleyHub_K\logs\volleyhub.log
2026-04-13 21:51:24 | SyncManager-1 | INFO | core.log_setup | LOG start → C:\Users\Hyperbook\python_project\VolleyHub_K\logs\volleyhub.log
2026-04-13 21:51:30 | preview_gui | INFO | core.log_setup | LOG start → C:\Users\Hyperbook\python_project\VolleyHub_K\logs\volleyhub.log
2026-04-13 21:51:38 | Process-3 | INFO | core.log_setup | LOG start → C:\Users\Hyperbook\python_project\VolleyHub_K\logs\volleyhub.log
2026-04-13 21:57:52 | MainProcess | INFO | core.log_setup | LOG start → C:\Users\Hyperbook\python_project\VolleyHub_K\logs\volleyhub.log
2026-04-13 21:57:53 | SyncManager-1 | INFO | core.log_setup | LOG start → C:\Users\Hyperbook\python_project\VolleyHub_K\logs\volleyhub.log
2026-04-13 21:58:01 | preview_gui | INFO | core.log_setup | LOG start → C:\Users\Hyperbook\python_project\VolleyHub_K\logs\volleyhub.log
2026-04-13 21:58:06 | Process-3 | INFO | core.log_setup | LOG start → C:\Users\Hyperbook\python_project\VolleyHub_K\logs\volleyhub.log
2026-04-13 22:02:01 | MainProcess | INFO | core.log_setup | LOG start → C:\Users\Hyperbook\python_project\VolleyHub_K\logs\volleyhub.log
2026-04-13 22:02:02 | SyncManager-1 | INFO | core.log_setup | LOG start → C:\Users\Hyperbook\python_project\VolleyHub_K\logs\volleyhub.log
2026-04-13 22:02:11 | preview_gui | INFO | core.log_setup | LOG start → C:\Users\Hyperbook\python_project\VolleyHub_K\logs\volleyhub.log
2026-04-13 22:02:15 | Process-3 | INFO | core.log_setup | LOG start → C:\Users\Hyperbook\python_project\VolleyHub_K\logs\volleyhub.log
2026-04-13 22:14:28 | MainProcess | INFO | core.log_setup | LOG start → C:\Users\Hyperbook\python_project\VolleyHub_K\logs\volleyhub.log
2026-04-13 22:14:29 | SyncManager-1 | INFO | core.log_setup | LOG start → C:\Users\Hyperbook\python_project\VolleyHub_K\logs\volleyhub.log
2026-04-13 22:14:38 | preview_gui | INFO | core.log_setup | LOG start → C:\Users\Hyperbook\python_project\VolleyHub_K\logs\volleyhub.log
2026-04-13 22:14:43 | Process-3 | INFO | core.log_setup | LOG start → C:\Users\Hyperbook\python_project\VolleyHub_K\logs\volleyhub.log
2026-04-14 12:25:06 | MainProcess | INFO | core.log_setup | LOG start → C:\Users\Hyperbook\python_project\VolleyHub_K\logs\volleyhub.log
2026-04-14 12:25:07 | SyncManager-1 | INFO | core.log_setup | LOG start → C:\Users\Hyperbook\python_project\VolleyHub_K\logs\volleyhub.log
2026-04-14 12:25:18 | Process-2 | INFO | core.log_setup | LOG start → C:\Users\Hyperbook\python_project\VolleyHub_K\logs\volleyhub.log
2026-04-14 13:43:09 | MainProcess | INFO | core.log_setup | LOG start → C:\Users\Hyperbook\python_project\VolleyHub_K\logs\volleyhub.log
2026-04-14 13:43:12 | SyncManager-1 | INFO | core.log_setup | LOG start → C:\Users\Hyperbook\python_project\VolleyHub_K\logs\volleyhub.log
2026-04-14 13:43:22 | Process-2 | INFO | core.log_setup | LOG start → C:\Users\Hyperbook\python_project\VolleyHub_K\logs\volleyhub.log
2026-04-14 13:46:14 | MainProcess | INFO | core.log_setup | LOG start → C:\Users\Hyperbook\python_project\VolleyHub_K\logs\volleyhub.log
2026-04-14 13:46:15 | SyncManager-1 | INFO | core.log_setup | LOG start → C:\Users\Hyperbook\python_project\VolleyHub_K\logs\volleyhub.log
2026-04-14 13:46:23 | Process-2 | INFO | core.log_setup | LOG start → C:\Users\Hyperbook\python_project\VolleyHub_K\logs\volleyhub.log
2026-04-14 13:49:13 | MainProcess | INFO | core.log_setup | LOG start → C:\Users\Hyperbook\python_project\VolleyHub_K\logs\volleyhub.log
2026-04-14 13:49:13 | SyncManager-1 | INFO | core.log_setup | LOG start → C:\Users\Hyperbook\python_project\VolleyHub_K\logs\volleyhub.log
2026-04-14 13:49:21 | Process-2 | INFO | core.log_setup | LOG start → C:\Users\Hyperbook\python_project\VolleyHub_K\logs\volleyhub.log
2026-04-14 13:49:52 | MainProcess | INFO | core.log_setup | LOG start → C:\Users\Hyperbook\python_project\VolleyHub_K\logs\volleyhub.log
2026-04-14 13:49:52 | SyncManager-1 | INFO | core.log_setup | LOG start → C:\Users\Hyperbook\python_project\VolleyHub_K\logs\volleyhub.log
2026-04-14 13:50:04 | Process-2 | INFO | core.log_setup | LOG start → C:\Users\Hyperbook\python_project\VolleyHub_K\logs\volleyhub.log
2026-04-14 16:28:21 | MainProcess | INFO | core.log_setup | LOG start → C:\Users\Hyperbook\python_project\VolleyHub_K\logs\volleyhub.log
2026-04-14 16:28:22 | SyncManager-1 | INFO | core.log_setup | LOG start → C:\Users\Hyperbook\python_project\VolleyHub_K\logs\volleyhub.log
2026-04-14 16:30:49 | MainProcess | INFO | core.log_setup | LOG start → C:\Users\Hyperbook\python_project\VolleyHub_K\logs\volleyhub.log
2026-04-14 16:30:49 | SyncManager-1 | INFO | core.log_setup | LOG start → C:\Users\Hyperbook\python_project\VolleyHub_K\logs\volleyhub.log
2026-04-14 16:30:57 | Process-2 | INFO | core.log_setup | LOG start → C:\Users\Hyperbook\python_project\VolleyHub_K\logs\volleyhub.log
2026-04-14 16:53:43 | MainProcess | INFO | core.log_setup | LOG start → C:\Users\Hyperbook\python_project\VolleyHub_K\logs\volleyhub.log
2026-04-14 16:53:43 | SyncManager-1 | INFO | core.log_setup | LOG start → C:\Users\Hyperbook\python_project\VolleyHub_K\logs\volleyhub.log
2026-04-14 16:55:37 | MainProcess | INFO | core.log_setup | LOG start → C:\Users\Hyperbook\python_project\VolleyHub_K\logs\volleyhub.log
2026-04-14 16:55:38 | SyncManager-1 | INFO | core.log_setup | LOG start → C:\Users\Hyperbook\python_project\VolleyHub_K\logs\volleyhub.log
2026-04-14 16:57:04 | MainProcess | INFO | core.log_setup | LOG start → C:\Users\Hyperbook\python_project\VolleyHub_K\logs\volleyhub.log
2026-04-14 16:57:05 | SyncManager-1 | INFO | core.log_setup | LOG start → C:\Users\Hyperbook\python_project\VolleyHub_K\logs\volleyhub.log
2026-04-14 17:04:24 | MainProcess | INFO | core.log_setup | LOG start → C:\Users\Hyperbook\python_project\VolleyHub_K\logs\volleyhub.log
2026-04-14 17:04:25 | SyncManager-1 | INFO | core.log_setup | LOG start → C:\Users\Hyperbook\python_project\VolleyHub_K\logs\volleyhub.log
2026-04-14 17:07:26 | MainProcess | INFO | core.log_setup | LOG start → C:\Users\Hyperbook\python_project\VolleyHub_K\logs\volleyhub.log
2026-04-14 17:07:27 | SyncManager-1 | INFO | core.log_setup | LOG start → C:\Users\Hyperbook\python_project\VolleyHub_K\logs\volleyhub.log
2026-04-14 17:07:40 | Process-2 | INFO | core.log_setup | LOG start → C:\Users\Hyperbook\python_project\VolleyHub_K\logs\volleyhub.log
2026-04-14 17:09:06 | SyncManager-3 | INFO | core.log_setup | LOG start → C:\Users\Hyperbook\python_project\VolleyHub_K\logs\volleyhub.log
2026-04-14 17:09:07 | Process-4 | INFO | core.log_setup | LOG start → C:\Users\Hyperbook\python_project\VolleyHub_K\logs\volleyhub.log
2026-04-14 18:01:32 | MainProcess | INFO | core.log_setup | LOG start → C:\Users\Hyperbook\python_project\VolleyHub_K\logs\volleyhub.log
2026-04-14 18:01:33 | SyncManager-1 | INFO | core.log_setup | LOG start → C:\Users\Hyperbook\python_project\VolleyHub_K\logs\volleyhub.log
2026-04-14 18:02:26 | MainProcess | INFO | core.log_setup | LOG start → C:\Users\Hyperbook\python_project\VolleyHub_K\logs\volleyhub.log
2026-04-14 18:02:26 | SyncManager-1 | INFO | core.log_setup | LOG start → C:\Users\Hyperbook\python_project\VolleyHub_K\logs\volleyhub.log
2026-04-14 18:06:01 | MainProcess | INFO | core.log_setup | LOG start → C:\Users\Hyperbook\python_project\VolleyHub_K\logs\volleyhub.log
2026-04-14 18:06:01 | SyncManager-1 | INFO | core.log_setup | LOG start → C:\Users\Hyperbook\python_project\VolleyHub_K\logs\volleyhub.log
2026-04-14 18:07:30 | MainProcess | INFO | core.log_setup | LOG start → C:\Users\Hyperbook\python_project\VolleyHub_K\logs\volleyhub.log
2026-04-14 18:07:30 | SyncManager-1 | INFO | core.log_setup | LOG start → C:\Users\Hyperbook\python_project\VolleyHub_K\logs\volleyhub.log
2026-04-14 18:10:09 | MainProcess | INFO | core.log_setup | LOG start → C:\Users\Hyperbook\python_project\VolleyHub_K\logs\volleyhub.log
2026-04-14 18:10:09 | SyncManager-1 | INFO | core.log_setup | LOG start → C:\Users\Hyperbook\python_project\VolleyHub_K\logs\volleyhub.log
2026-04-14 18:12:34 | MainProcess | INFO | core.log_setup | LOG start → C:\Users\Hyperbook\python_project\VolleyHub_K\logs\volleyhub.log
2026-04-14 18:12:34 | SyncManager-1 | INFO | core.log_setup | LOG start → C:\Users\Hyperbook\python_project\VolleyHub_K\logs\volleyhub.log
2026-04-14 18:13:35 | MainProcess | INFO | core.log_setup | LOG start → C:\Users\Hyperbook\python_project\VolleyHub_K\logs\volleyhub.log
2026-04-14 18:13:36 | SyncManager-1 | INFO | core.log_setup | LOG start → C:\Users\Hyperbook\python_project\VolleyHub_K\logs\volleyhub.log
2026-04-14 18:16:45 | MainProcess | INFO | core.log_setup | LOG start → C:\Users\Hyperbook\python_project\VolleyHub_K\logs\volleyhub.log
2026-04-14 18:16:46 | SyncManager-1 | INFO | core.log_setup | LOG start → C:\Users\Hyperbook\python_project\VolleyHub_K\logs\volleyhub.log
2026-04-14 18:18:07 | MainProcess | INFO | core.log_setup | LOG start → C:\Users\Hyperbook\python_project\VolleyHub_K\logs\volleyhub.log
2026-04-14 18:18:07 | SyncManager-1 | INFO | core.log_setup | LOG start → C:\Users\Hyperbook\python_project\VolleyHub_K\logs\volleyhub.log
2026-04-14 18:18:39 | MainProcess | INFO | core.log_setup | LOG start → C:\Users\Hyperbook\python_project\VolleyHub_K\logs\volleyhub.log
2026-04-14 18:18:39 | SyncManager-1 | INFO | core.log_setup | LOG start → C:\Users\Hyperbook\python_project\VolleyHub_K\logs\volleyhub.log
2026-04-14 18:18:45 | Process-2 | INFO | core.log_setup | LOG start → C:\Users\Hyperbook\python_project\VolleyHub_K\logs\volleyhub.log
2026-04-14 18:20:20 | MainProcess | INFO | core.log_setup | LOG start → C:\Users\Hyperbook\python_project\VolleyHub_K\logs\volleyhub.log
2026-04-14 18:20:21 | SyncManager-1 | INFO | core.log_setup | LOG start → C:\Users\Hyperbook\python_project\VolleyHub_K\logs\volleyhub.log
2026-04-14 18:20:27 | Process-2 | INFO | core.log_setup | LOG start → C:\Users\Hyperbook\python_project\VolleyHub_K\logs\volleyhub.log
2026-04-14 18:30:33 | MainProcess | INFO | core.log_setup | LOG start → C:\Users\Hyperbook\python_project\VolleyHub_K\logs\volleyhub.log
2026-04-14 18:30:34 | SyncManager-1 | INFO | core.log_setup | LOG start → C:\Users\Hyperbook\python_project\VolleyHub_K\logs\volleyhub.log
2026-04-14 18:30:42 | Process-2 | INFO | core.log_setup | LOG start → C:\Users\Hyperbook\python_project\VolleyHub_K\logs\volleyhub.log
2026-04-15 17:40:58 | MainProcess | INFO | core.log_setup | LOG start → C:\Users\Hyperbook\python_project\VolleyHub_K\logs\volleyhub.log
2026-04-15 17:41:00 | SyncManager-1 | INFO | core.log_setup | LOG start → C:\Users\Hyperbook\python_project\VolleyHub_K\logs\volleyhub.log
2026-04-15 17:41:24 | MainProcess | INFO | core.log_setup | LOG start → C:\Users\Hyperbook\python_project\VolleyHub_K\logs\volleyhub.log
2026-04-15 17:41:25 | SyncManager-1 | INFO | core.log_setup | LOG start → C:\Users\Hyperbook\python_project\VolleyHub_K\logs\volleyhub.log
2026-04-15 17:41:33 | Process-2 | INFO | core.log_setup | LOG start → C:\Users\Hyperbook\python_project\VolleyHub_K\logs\volleyhub.log
2026-04-15 18:04:49 | MainProcess | INFO | core.log_setup | LOG start → C:\Users\Hyperbook\python_project\VolleyHub_K\logs\volleyhub.log
2026-04-15 18:04:50 | SyncManager-1 | INFO | core.log_setup | LOG start → C:\Users\Hyperbook\python_project\VolleyHub_K\logs\volleyhub.log
2026-04-15 18:04:57 | Process-2 | INFO | core.log_setup | LOG start → C:\Users\Hyperbook\python_project\VolleyHub_K\logs\volleyhub.log
2026-04-18 12:13:49 | MainProcess | INFO | core.log_setup | LOG start → C:\Users\Hyperbook\python_project\VolleyHub_K\logs\volleyhub.log
2026-04-18 12:13:50 | SyncManager-1 | INFO | core.log_setup | LOG start → C:\Users\Hyperbook\python_project\VolleyHub_K\logs\volleyhub.log
2026-04-18 12:13:58 | Process-2 | INFO | core.log_setup | LOG start → C:\Users\Hyperbook\python_project\VolleyHub_K\logs\volleyhub.log
2026-04-18 12:14:55 | SyncManager-3 | INFO | core.log_setup | LOG start → C:\Users\Hyperbook\python_project\VolleyHub_K\logs\volleyhub.log
2026-04-18 12:14:55 | Process-4 | INFO | core.log_setup | LOG start → C:\Users\Hyperbook\python_project\VolleyHub_K\logs\volleyhub.log
